family,stratum,context,mean_n,mean_prevalence,sufficiently_powered,metric,p_fold_signflip,mean,std,ci95_low,ci95_high,n_runs,n_folds,undefined_runs,q_bh
allele_frequency,"af[0.001,0.01)",1hop,8784.4,0.6222665770927546,True,auprc,0.0625,0.037685094690974814,0.006592556280391061,0.031658017802089176,0.04238122078098782,15,5,0,0.0625
allele_frequency,"af[0.001,0.01)",1hop,8784.4,0.6222665770927546,True,auroc,0.0625,0.056176700272466525,0.00473587305158909,0.05206539072866217,0.05995015532489696,15,5,0,0.0625
allele_frequency,"af[0.001,0.01)",1hop,8784.4,0.6222665770927546,True,normalized_ap,0.0625,0.09975753864964564,0.017248936176557327,0.08440076001986181,0.1124328507999707,15,5,0,0.0625
allele_frequency,"af[0.001,0.01)",1hop,8784.4,0.6222665770927546,True,balanced_accuracy,0.0625,0.06946623111313956,0.009023971252249288,0.062073882021458415,0.07615490348905568,15,5,0,0.0625
allele_frequency,"af[0.001,0.01)",1hop,8784.4,0.6222665770927546,True,f1,0.0625,0.025367642389497742,0.003035902481983802,0.02272057250937768,0.027495860770205396,15,5,0,0.0625
allele_frequency,"af[0.001,0.01)",1hop,8784.4,0.6222665770927546,True,precision,0.0625,0.04489495454158951,0.007275891678906766,0.03892174161800147,0.050271931349294446,15,5,0,0.0625
allele_frequency,"af[0.001,0.01)",1hop,8784.4,0.6222665770927546,True,recall,0.1875,-0.011396078847976842,0.016027721374843044,-0.02231499261679192,0.002965197124035056,15,5,0,0.375
allele_frequency,"af[0.001,0.01)",strict,8784.4,0.6222665770927546,True,auprc,0.0625,0.03332018900429411,0.0032151830304998834,0.030726422420432012,0.03579564786177207,15,5,0,0.0625
allele_frequency,"af[0.001,0.01)",strict,8784.4,0.6222665770927546,True,auroc,0.0625,0.04594161776048262,0.004802951938354179,0.041540741325818545,0.04949505769413717,15,5,0,0.0625
allele_frequency,"af[0.001,0.01)",strict,8784.4,0.6222665770927546,True,normalized_ap,0.0625,0.08823114508585243,0.008390485795522654,0.08186482847673845,0.09523765312961208,15,5,0,0.0625
allele_frequency,"af[0.001,0.01)",strict,8784.4,0.6222665770927546,True,balanced_accuracy,0.0625,0.05594975315412563,0.009670265597503357,0.048121208834535995,0.06354233968653437,15,5,0,0.0625
allele_frequency,"af[0.001,0.01)",strict,8784.4,0.6222665770927546,True,f1,0.0625,0.019849423219060483,0.0024747510879886657,0.017928712293210358,0.02157445930893483,15,5,0,0.0625
allele_frequency,"af[0.001,0.01)",strict,8784.4,0.6222665770927546,True,precision,0.0625,0.0358514767064227,0.007736015812141099,0.029680544908470753,0.041809811976350225,15,5,0,0.0625
allele_frequency,"af[0.001,0.01)",strict,8784.4,0.6222665770927546,True,recall,0.1875,-0.010574288470816902,0.01580499568364503,-0.02262157524651485,0.0016815549800913625,15,5,0,0.5
allele_frequency,"af[0.01,0.05)",1hop,12040.4,0.6544000370858504,True,auprc,0.0625,0.03694768101650227,0.004803536304721521,0.033804281735760146,0.040520778921864044,15,5,0,0.0625
allele_frequency,"af[0.01,0.05)",1hop,12040.4,0.6544000370858504,True,auroc,0.0625,0.06261938815649132,0.0050373901962633754,0.05917454152596207,0.06655020486912117,15,5,0,0.0625
allele_frequency,"af[0.01,0.05)",1hop,12040.4,0.6544000370858504,True,normalized_ap,0.0625,0.10679116589793783,0.012422120077692316,0.09886677819047324,0.11568669504624703,15,5,0,0.0625
allele_frequency,"af[0.01,0.05)",1hop,12040.4,0.6544000370858504,True,balanced_accuracy,0.0625,0.08500193030407929,0.010742230734639964,0.07610343353961825,0.09264261218383972,15,5,0,0.0625
allele_frequency,"af[0.01,0.05)",1hop,12040.4,0.6544000370858504,True,f1,0.0625,0.032836994747002704,0.003802647230718097,0.029870424547417517,0.036019059234267396,15,5,0,0.0625
allele_frequency,"af[0.01,0.05)",1hop,12040.4,0.6544000370858504,True,precision,0.0625,0.05380781822957215,0.008689910186052982,0.04658614556835578,0.05969687472457862,15,5,0,0.0625
allele_frequency,"af[0.01,0.05)",1hop,12040.4,0.6544000370858504,True,recall,0.9375,-0.0012184425873801087,0.020724716788647207,-0.016309942338766276,0.016894725228143545,15,5,0,0.9375
allele_frequency,"af[0.01,0.05)",strict,12040.4,0.6544000370858504,True,auprc,0.0625,0.032089657792066247,0.0022487154812223147,0.030617455039874814,0.03395330807978763,15,5,0,0.0625
allele_frequency,"af[0.01,0.05)",strict,12040.4,0.6544000370858504,True,auroc,0.0625,0.05040808091850025,0.0034892961013824066,0.04758573886589944,0.05311405554981224,15,5,0,0.0625
allele_frequency,"af[0.01,0.05)",strict,12040.4,0.6544000370858504,True,normalized_ap,0.0625,0.0928354025881286,0.005591933675520455,0.08903832105459222,0.09710852591520382,15,5,0,0.0625
allele_frequency,"af[0.01,0.05)",strict,12040.4,0.6544000370858504,True,balanced_accuracy,0.0625,0.06955370310297192,0.008196857151761555,0.06320299853518607,0.07540593575691926,15,5,0,0.0625
allele_frequency,"af[0.01,0.05)",strict,12040.4,0.6544000370858504,True,f1,0.0625,0.025738411277235973,0.0031652085161037596,0.023323049020213975,0.02835530625412768,15,5,0,0.0625
allele_frequency,"af[0.01,0.05)",strict,12040.4,0.6544000370858504,True,precision,0.0625,0.043916965113085696,0.007334389661172447,0.038306621569105734,0.04937616423333366,15,5,0,0.0625
allele_frequency,"af[0.01,0.05)",strict,12040.4,0.6544000370858504,True,recall,0.5625,-0.003963043258044744,0.018749767331637468,-0.018299078059028397,0.011684901965880118,15,5,0,0.75
allele_frequency,"af[0.05,0.5)",1hop,12085.6,0.6332492970360772,True,auprc,0.0625,0.0422483832993544,0.006019796611268064,0.038094778686992355,0.04643468244216222,15,5,0,0.0625
allele_frequency,"af[0.05,0.5)",1hop,12085.6,0.6332492970360772,True,auroc,0.0625,0.06510727901951244,0.005550940533471034,0.06141209626746222,0.06912234823612955,15,5,0,0.0625
allele_frequency,"af[0.05,0.5)",1hop,12085.6,0.6332492970360772,True,normalized_ap,0.0625,0.11512871231118081,0.014990113348241898,0.10516579050051551,0.12508640043280764,15,5,0,0.0625
allele_frequency,"af[0.05,0.5)",1hop,12085.6,0.6332492970360772,True,balanced_accuracy,0.0625,0.08856581319880609,0.013596569591279823,0.07801953633634781,0.0987061701458226,15,5,0,0.0625
allele_frequency,"af[0.05,0.5)",1hop,12085.6,0.6332492970360772,True,f1,0.0625,0.03924045934809513,0.0033121658343193143,0.03692155690668676,0.041639662972954974,15,5,0,0.0625
allele_frequency,"af[0.05,0.5)",1hop,12085.6,0.6332492970360772,True,precision,0.0625,0.06030223344553058,0.011370387588740092,0.05146303118412124,0.06869919686905294,15,5,0,0.0625
allele_frequency,"af[0.05,0.5)",1hop,12085.6,0.6332492970360772,True,recall,0.75,0.004280470985707356,0.018336434679957006,-0.009588641760175017,0.020371074122142882,15,5,0,0.9375
allele_frequency,"af[0.05,0.5)",strict,12085.6,0.6332492970360772,True,auprc,0.0625,0.03426795810630973,0.002927946830465132,0.03214102756321982,0.03661785522140145,15,5,0,0.0625
allele_frequency,"af[0.05,0.5)",strict,12085.6,0.6332492970360772,True,auroc,0.0625,0.050250156670192135,0.0031422243658917937,0.048181762690512435,0.05283994202513543,15,5,0,0.0625
allele_frequency,"af[0.05,0.5)",strict,12085.6,0.6332492970360772,True,normalized_ap,0.0625,0.09338560809159872,0.0062345869514151995,0.08887748024755729,0.09793312701500526,15,5,0,0.0625
allele_frequency,"af[0.05,0.5)",strict,12085.6,0.6332492970360772,True,balanced_accuracy,0.0625,0.071412827857773,0.011078138579015094,0.06327698733706535,0.08011511475953381,15,5,0,0.0625
allele_frequency,"af[0.05,0.5)",strict,12085.6,0.6332492970360772,True,f1,0.0625,0.030468342134950997,0.002740477967333777,0.028509518722500325,0.032403910367877514,15,5,0,0.0625
allele_frequency,"af[0.05,0.5)",strict,12085.6,0.6332492970360772,True,precision,0.0625,0.04852489387732092,0.010006059633916051,0.04116489847442911,0.056502556224429686,15,5,0,0.0625
allele_frequency,"af[0.05,0.5)",strict,12085.6,0.6332492970360772,True,recall,1.0,0.00013417419954738405,0.018255307397985684,-0.014200785143532922,0.015792706629574476,15,5,0,1.0
allele_frequency,"af[0.5,1)",1hop,1870.6,0.6035869789796074,True,auprc,0.0625,0.04206677536156384,0.011168975479287904,0.03363732314671825,0.05118112311980175,15,5,0,0.0625
allele_frequency,"af[0.5,1)",1hop,1870.6,0.6035869789796074,True,auroc,0.0625,0.04913293163039168,0.008511897933824467,0.042919794858327,0.05636203371763713,15,5,0,0.0625
allele_frequency,"af[0.5,1)",1hop,1870.6,0.6035869789796074,True,normalized_ap,0.0625,0.10529036235983597,0.023970781966718563,0.08758555675270932,0.12463690784654743,15,5,0,0.0625
allele_frequency,"af[0.5,1)",1hop,1870.6,0.6035869789796074,True,balanced_accuracy,0.0625,0.08576966437820709,0.019214568048989782,0.06941814936733617,0.10120086812708308,15,5,0,0.0625
allele_frequency,"af[0.5,1)",1hop,1870.6,0.6035869789796074,True,f1,0.0625,0.046437272242405396,0.010289829330720687,0.03763855576508537,0.05479070283094165,15,5,0,0.0625
allele_frequency,"af[0.5,1)",1hop,1870.6,0.6035869789796074,True,precision,0.0625,0.0739241648644373,0.01815489025686324,0.05807979189314728,0.0878588919282463,15,5,0,0.0625
allele_frequency,"af[0.5,1)",1hop,1870.6,0.6035869789796074,True,recall,0.1875,0.005136787317975666,0.007609367059091798,-0.0007955493582284736,0.010630907451320892,15,5,0,0.375
allele_frequency,"af[0.5,1)",strict,1870.6,0.6035869789796074,True,auprc,0.0625,0.038209468398167294,0.00916944858272925,0.031240943063649163,0.046236471630295914,15,5,0,0.0625
allele_frequency,"af[0.5,1)",strict,1870.6,0.6035869789796074,True,auroc,0.0625,0.04263393653607792,0.005703580797063715,0.038604092058893764,0.0478677542335671,15,5,0,0.0625
allele_frequency,"af[0.5,1)",strict,1870.6,0.6035869789796074,True,normalized_ap,0.0625,0.09571998244594795,0.01910689285994909,0.0811351815994957,0.11236432172927455,15,5,0,0.0625
allele_frequency,"af[0.5,1)",strict,1870.6,0.6035869789796074,True,balanced_accuracy,0.0625,0.06339215583263894,0.020910939385081224,0.04865295132211085,0.0820775467059987,15,5,0,0.0625
allele_frequency,"af[0.5,1)",strict,1870.6,0.6035869789796074,True,f1,0.0625,0.03460322035908114,0.009955860980673206,0.027583708298191345,0.04347291988632005,15,5,0,0.0625
allele_frequency,"af[0.5,1)",strict,1870.6,0.6035869789796074,True,precision,0.0625,0.05248496637525839,0.019698228244712825,0.03822470410710349,0.06990486570504166,15,5,0,0.0625
allele_frequency,"af[0.5,1)",strict,1870.6,0.6035869789796074,True,recall,0.25,0.0068323326049784345,0.008374757078049681,0.0008221643130703932,0.013531940358742563,15,5,0,0.5
carrier_frequency,AC_gt1,1hop,25372.4,0.6412756782134217,True,auprc,0.0625,0.04000108725670496,0.004666510458606833,0.036753174153377574,0.043488365180773016,15,5,0,0.0625
carrier_frequency,AC_gt1,1hop,25372.4,0.6412756782134217,True,auroc,0.0625,0.06316435854313622,0.0038904348640090613,0.06064586259674198,0.06598921523540756,15,5,0,0.0625
carrier_frequency,AC_gt1,1hop,25372.4,0.6412756782134217,True,normalized_ap,0.0625,0.11138678542447357,0.01115340415430526,0.10389455651885166,0.11912264863259947,15,5,0,0.0625
carrier_frequency,AC_gt1,1hop,25372.4,0.6412756782134217,True,balanced_accuracy,0.0625,0.08772778802316118,0.012163115284628847,0.07764445238245739,0.09668372388828111,15,5,0,0.0625
carrier_frequency,AC_gt1,1hop,25372.4,0.6412756782134217,True,f1,0.0625,0.03716398325407595,0.0020952237875570706,0.03560794670247586,0.038663994566183905,15,5,0,0.0625
carrier_frequency,AC_gt1,1hop,25372.4,0.6412756782134217,True,precision,0.0625,0.05900509413345168,0.010325711358244012,0.0504707973804272,0.06632220831704849,15,5,0,0.0625
carrier_frequency,AC_gt1,1hop,25372.4,0.6412756782134217,True,recall,0.875,0.0017648388737253977,0.017945102228387168,-0.011571787470367238,0.017270343616253243,15,5,0,0.875
carrier_frequency,AC_gt1,strict,25372.4,0.6412756782134217,True,auprc,0.0625,0.033564548429115826,0.0023323721260892086,0.031884613735017414,0.035460041007676205,15,5,0,0.0625
carrier_frequency,AC_gt1,strict,25372.4,0.6412756782134217,True,auroc,0.0625,0.049935261098534384,0.002275613170740822,0.048267082524704595,0.051671772945734926,15,5,0,0.0625
carrier_frequency,AC_gt1,strict,25372.4,0.6412756782134217,True,normalized_ap,0.0625,0.09352033955590597,0.004897373868357876,0.09007827579934988,0.09713736533530365,15,5,0,0.0625
carrier_frequency,AC_gt1,strict,25372.4,0.6412756782134217,True,balanced_accuracy,0.0625,0.07060905265838666,0.010429402875797335,0.06275352547767904,0.07854983975866797,15,5,0,0.0625
carrier_frequency,AC_gt1,strict,25372.4,0.6412756782134217,True,f1,0.0625,0.028915627846415083,0.001891536569435191,0.027566016489230422,0.03027740806361017,15,5,0,0.0625
carrier_frequency,AC_gt1,strict,25372.4,0.6412756782134217,True,precision,0.0625,0.047276849478214526,0.009363765203818495,0.04024775181451169,0.054529258834378085,15,5,0,0.0625
carrier_frequency,AC_gt1,strict,25372.4,0.6412756782134217,True,recall,0.6875,-0.0011582038674500176,0.01710697687473754,-0.014546973549007048,0.013201110124992317,15,5,0,0.6875
carrier_frequency,singleton_AC1,1hop,9408.6,0.6220111254996018,True,auprc,0.0625,0.037524809689161796,0.007205585945446277,0.031234708822783504,0.04268098162238671,15,5,0,0.0625
carrier_frequency,singleton_AC1,1hop,9408.6,0.6220111254996018,True,auroc,0.0625,0.05581102665389778,0.004939133162971787,0.05139862929114566,0.05896385981094903,15,5,0,0.0625
carrier_frequency,singleton_AC1,1hop,9408.6,0.6220111254996018,True,normalized_ap,0.0625,0.09918725269162118,0.018268722838907885,0.08338084090382242,0.11207186905928314,15,5,0,0.0625
carrier_frequency,singleton_AC1,1hop,9408.6,0.6220111254996018,True,balanced_accuracy,0.0625,0.0674189140388104,0.007695671085112292,0.06131281066060761,0.07306152761809594,15,5,0,0.0625
carrier_frequency,singleton_AC1,1hop,9408.6,0.6220111254996018,True,f1,0.0625,0.02470751071587522,0.0033897842639967167,0.021899925122822267,0.027409541241525785,15,5,0,0.0625
carrier_frequency,singleton_AC1,1hop,9408.6,0.6220111254996018,True,precision,0.0625,0.04327462035132749,0.006532766144177864,0.03805060500050864,0.048118341781904696,15,5,0,0.0625
carrier_frequency,singleton_AC1,1hop,9408.6,0.6220111254996018,True,recall,0.25,-0.010682401893015598,0.01762343870216712,-0.022431810272573773,0.005353640102710578,15,5,0,0.5
carrier_frequency,singleton_AC1,strict,9408.6,0.6220111254996018,True,auprc,0.0625,0.03364629658126747,0.003755325039119533,0.03045689553691489,0.03650505253417278,15,5,0,0.0625
carrier_frequency,singleton_AC1,strict,9408.6,0.6220111254996018,True,auroc,0.0625,0.04576561732582481,0.005237153341300267,0.04083095662099797,0.049143095978266604,15,5,0,0.0625
carrier_frequency,singleton_AC1,strict,9408.6,0.6220111254996018,True,normalized_ap,0.0625,0.08896567001072132,0.009004402771042197,0.08155070758442122,0.09573967172359948,15,5,0,0.0625
carrier_frequency,singleton_AC1,strict,9408.6,0.6220111254996018,True,balanced_accuracy,0.0625,0.05438114710310989,0.009043182212957954,0.046784367845042474,0.061510243790244695,15,5,0,0.0625
carrier_frequency,singleton_AC1,strict,9408.6,0.6220111254996018,True,f1,0.0625,0.01916509747123545,0.0031011507848281846,0.016742987889747856,0.021550442498814423,15,5,0,0.0625
carrier_frequency,singleton_AC1,strict,9408.6,0.6220111254996018,True,precision,0.0625,0.03471204264129547,0.007365178668959801,0.02872220137377995,0.04054592920060993,15,5,0,0.0625
carrier_frequency,singleton_AC1,strict,9408.6,0.6220111254996018,True,recall,0.1875,-0.010686130454641056,0.016873826787935968,-0.023373852120231697,0.0030897889732861114,15,5,0,0.375
complexity,high,1hop,20448.6,0.6271788721074114,True,auprc,0.0625,0.03362162779540326,0.003684711848970062,0.03041818816691675,0.03634838665549539,15,5,0,0.0625
complexity,high,1hop,20448.6,0.6271788721074114,True,auroc,0.0625,0.05590779045459886,0.004790281007436791,0.05215991124408922,0.059971742772381056,15,5,0,0.0625
complexity,high,1hop,20448.6,0.6271788721074114,True,normalized_ap,0.0625,0.09015293565808351,0.009262146802799177,0.08228910700824385,0.09724567884891534,15,5,0,0.0625
complexity,high,1hop,20448.6,0.6271788721074114,True,balanced_accuracy,0.0625,0.07352425523681513,0.013135798061612587,0.06249902744316318,0.08300357578414272,15,5,0,0.0625
complexity,high,1hop,20448.6,0.6271788721074114,True,f1,0.0625,0.030096736484014334,0.0046369763419842345,0.026653309148559196,0.03423754505196147,15,5,0,0.0625
complexity,high,1hop,20448.6,0.6271788721074114,True,precision,0.0625,0.0477606549493347,0.010396769375246903,0.039241988625916414,0.05530290416222342,15,5,0,0.0625
complexity,high,1hop,20448.6,0.6271788721074114,True,recall,0.875,-0.0017647463940147232,0.024324752573647333,-0.01947968032053027,0.01963153586626877,15,5,0,1.0
complexity,high,strict,20448.6,0.6271788721074114,True,auprc,0.0625,0.03021248236793396,0.0025068856144086983,0.028211940603009193,0.03217313431399359,15,5,0,0.0625
complexity,high,strict,20448.6,0.6271788721074114,True,auroc,0.0625,0.047372985497890915,0.004227620721747123,0.04421203436026351,0.05116541449735693,15,5,0,0.0625
complexity,high,strict,20448.6,0.6271788721074114,True,normalized_ap,0.0625,0.08115043912224287,0.007635171633451735,0.07494348211690455,0.08715476993856303,15,5,0,0.0625
complexity,high,strict,20448.6,0.6271788721074114,True,balanced_accuracy,0.0625,0.06472607184757813,0.010260438469287349,0.05765873156929744,0.07277081751396526,15,5,0,0.0625
complexity,high,strict,20448.6,0.6271788721074114,True,f1,0.0625,0.025779745721290145,0.003446334058164725,0.023386201731962472,0.028998195997161833,15,5,0,0.0625
complexity,high,strict,20448.6,0.6271788721074114,True,precision,0.0625,0.042089089945175864,0.008927020323842207,0.03610509767553188,0.04918560119593733,15,5,0,0.0625
complexity,high,strict,20448.6,0.6271788721074114,True,recall,0.625,-0.0036517193762552877,0.021356848453388276,-0.02003792453928953,0.014038209002217236,15,5,0,0.75
complexity,low,1hop,6393.6,0.6573434361868639,True,auprc,0.0625,0.049858036181930625,0.01477084054287634,0.041801177870865486,0.061598575897949794,15,5,0,0.0625
complexity,low,1hop,6393.6,0.6573434361868639,True,auroc,0.0625,0.07211791077605492,0.012676446752256947,0.06557821732423837,0.08121346398559248,15,5,0,0.0625
complexity,low,1hop,6393.6,0.6573434361868639,True,normalized_ap,0.0625,0.14456421163551564,0.036933181640750615,0.12551101209171536,0.1732782259748436,15,5,0,0.0625
complexity,low,1hop,6393.6,0.6573434361868639,True,balanced_accuracy,0.0625,0.09284976049857084,0.014962313724739516,0.08077650137859331,0.10476304140730583,15,5,0,0.0625
complexity,low,1hop,6393.6,0.6573434361868639,True,f1,0.0625,0.037253046206849966,0.004544658766043984,0.033607870118003126,0.04095790638115439,15,5,0,0.0625
complexity,low,1hop,6393.6,0.6573434361868639,True,precision,0.0625,0.06188165990234465,0.011425227062946552,0.05264766772299465,0.07079839387753917,15,5,0,0.0625
complexity,low,1hop,6393.6,0.6573434361868639,True,recall,1.0,-0.0007166577412265044,0.009094812700013246,-0.006736648173283461,0.00726440725112476,15,5,0,1.0
complexity,low,strict,6393.6,0.6573434361868639,True,auprc,0.0625,0.04192572431715371,0.011614741084338813,0.03315485587375667,0.05244438027087367,15,5,0,0.0625
complexity,low,strict,6393.6,0.6573434361868639,True,auroc,0.0625,0.056406731620621264,0.007823407070078673,0.050769077102011395,0.06346555931427367,15,5,0,0.0625
complexity,low,strict,6393.6,0.6573434361868639,True,normalized_ap,0.0625,0.12128402615099756,0.02806219706776841,0.09956665430477374,0.1462499658159745,15,5,0,0.0625
complexity,low,strict,6393.6,0.6573434361868639,True,balanced_accuracy,0.0625,0.0633746765358322,0.01179846643236107,0.05376877984353217,0.07293396373752525,15,5,0,0.0625
complexity,low,strict,6393.6,0.6573434361868639,True,f1,0.0625,0.023764141439308627,0.0032660955482761178,0.021305429159983423,0.026441934041452116,15,5,0,0.0625
complexity,low,strict,6393.6,0.6573434361868639,True,precision,0.0625,0.04189132247319332,0.009162749829968547,0.03437236584318962,0.049129807006819404,15,5,0,0.0625
complexity,low,strict,6393.6,0.6573434361868639,True,recall,0.375,-0.004784791645932129,0.011129655943190011,-0.013445284743949314,0.004071893730412216,15,5,0,0.75
complexity,medium,1hop,7938.8,0.6412686234879751,True,auprc,0.0625,0.04739689811500182,0.004447919928654838,0.043508782272921265,0.05068746925888562,15,5,0,0.0625
complexity,medium,1hop,7938.8,0.6412686234879751,True,auroc,0.0625,0.07016683631912517,0.005097551703980885,0.06559227753850645,0.0734751246586378,15,5,0,0.0625
complexity,medium,1hop,7938.8,0.6412686234879751,True,normalized_ap,0.0625,0.13200293156588375,0.010264635033249524,0.12285459124577336,0.1387908056109268,15,5,0,0.0625
complexity,medium,1hop,7938.8,0.6412686234879751,True,balanced_accuracy,0.0625,0.09746220088851978,0.012196670182074964,0.08731839561793078,0.10651338388968803,15,5,0,0.0625
complexity,medium,1hop,7938.8,0.6412686234879751,True,f1,0.0625,0.041765593868202666,0.0036272773122738686,0.038898207814685545,0.044433115453388405,15,5,0,0.0625
complexity,medium,1hop,7938.8,0.6412686234879751,True,precision,0.0625,0.06842848571956983,0.011225043763258332,0.059287240328948033,0.07720811110614455,15,5,0,0.0625
complexity,medium,1hop,7938.8,0.6412686234879751,True,recall,0.9375,0.0003468371764149788,0.010211489792387882,-0.007614125455553802,0.00889487389390892,15,5,0,1.0
complexity,medium,strict,7938.8,0.6412686234879751,True,auprc,0.0625,0.03802969660334722,0.003215639156387037,0.035389659051989715,0.04033613642131524,15,5,0,0.0625
complexity,medium,strict,7938.8,0.6412686234879751,True,auroc,0.0625,0.05347054585447019,0.0043920493385245065,0.04971837553527031,0.056822321821651325,15,5,0,0.0625
complexity,medium,strict,7938.8,0.6412686234879751,True,normalized_ap,0.0625,0.10602051041138456,0.008614694280334591,0.09917684491987708,0.11244069529503788,15,5,0,0.0625
complexity,medium,strict,7938.8,0.6412686234879751,True,balanced_accuracy,0.0625,0.07245831853666178,0.011463130916778023,0.06306293188537003,0.08105847368781757,15,5,0,0.0625
complexity,medium,strict,7938.8,0.6412686234879751,True,f1,0.0625,0.030065366125744782,0.0028518922826216092,0.027825404222564413,0.0322175834930896,15,5,0,0.0625
complexity,medium,strict,7938.8,0.6412686234879751,True,precision,0.0625,0.050060720671204914,0.010118669518420336,0.04177001924632166,0.05761381327835617,15,5,0,0.0625
complexity,medium,strict,7938.8,0.6412686234879751,True,recall,0.75,-0.0017626053113137142,0.011460448678151915,-0.009862081692101914,0.00788495475360717,15,5,0,0.75
length,bp>=1e+06,1hop,3.6666666666666665,1.0,False,auprc,,,,,,0,0,9,
length,bp>=1e+06,1hop,3.6666666666666665,1.0,False,auroc,,,,,,0,0,9,
length,bp>=1e+06,1hop,3.6666666666666665,1.0,False,normalized_ap,,,,,,0,0,9,
length,bp>=1e+06,1hop,3.6666666666666665,1.0,False,balanced_accuracy,,,,,,0,0,9,
length,bp>=1e+06,1hop,3.6666666666666665,1.0,False,f1,1.0,0.0,0.0,0.0,0.0,9,3,0,1.0
length,bp>=1e+06,1hop,3.6666666666666665,1.0,False,precision,1.0,0.0,0.0,0.0,0.0,9,3,0,1.0
length,bp>=1e+06,1hop,3.6666666666666665,1.0,False,recall,1.0,0.0,0.0,0.0,0.0,9,3,0,1.0
length,bp>=1e+06,strict,3.6666666666666665,1.0,False,auprc,,,,,,0,0,9,
length,bp>=1e+06,strict,3.6666666666666665,1.0,False,auroc,,,,,,0,0,9,
length,bp>=1e+06,strict,3.6666666666666665,1.0,False,normalized_ap,,,,,,0,0,9,
length,bp>=1e+06,strict,3.6666666666666665,1.0,False,balanced_accuracy,,,,,,0,0,9,
length,bp>=1e+06,strict,3.6666666666666665,1.0,False,f1,1.0,0.0,0.0,0.0,0.0,9,3,0,1.0
length,bp>=1e+06,strict,3.6666666666666665,1.0,False,precision,1.0,0.0,0.0,0.0,0.0,9,3,0,1.0
length,bp>=1e+06,strict,3.6666666666666665,1.0,False,recall,1.0,0.0,0.0,0.0,0.0,9,3,0,1.0
length,"bp[100,500)",1hop,15500.2,0.6732918005334105,True,auprc,0.0625,0.02554912924468678,0.0062618252773430794,0.020909139987682387,0.03043913572339896,15,5,0,0.075
length,"bp[100,500)",1hop,15500.2,0.6732918005334105,True,auroc,0.0625,0.041061691838835984,0.005979031408636447,0.036655653744504066,0.04572557169609783,15,5,0,0.0625
length,"bp[100,500)",1hop,15500.2,0.6732918005334105,True,normalized_ap,0.0625,0.07787523027044928,0.017096262135059,0.06485752382599624,0.09070045040360797,15,5,0,0.075
length,"bp[100,500)",1hop,15500.2,0.6732918005334105,True,balanced_accuracy,0.0625,0.05389258911858477,0.013059681588319631,0.04297984851082886,0.06366831471164197,15,5,0,0.075
length,"bp[100,500)",1hop,15500.2,0.6732918005334105,True,f1,0.0625,0.019515529021363998,0.0021422442615011824,0.017796622293682878,0.021311554624251907,15,5,0,0.0875
length,"bp[100,500)",1hop,15500.2,0.6732918005334105,True,precision,0.0625,0.03352621020806463,0.01036003451068863,0.024916342774743232,0.04131627233181477,15,5,0,0.0875
length,"bp[100,500)",1hop,15500.2,0.6732918005334105,True,recall,0.8125,-0.002293115061263166,0.01737729967566021,-0.015087070137114892,0.012749898098956339,15,5,0,0.9479166666666666
length,"bp[100,500)",strict,15500.2,0.6732918005334105,True,auprc,0.0625,0.02247431806880532,0.003875559010690798,0.01939926218522098,0.025712688341510997,15,5,0,0.0625
length,"bp[100,500)",strict,15500.2,0.6732918005334105,True,auroc,0.0625,0.03268527383908321,0.004177432172231142,0.029316045062973695,0.03603690494240603,15,5,0,0.0625
length,"bp[100,500)",strict,15500.2,0.6732918005334105,True,normalized_ap,0.0625,0.0685993277364792,0.010054476629195164,0.06040535602632223,0.07676842651650637,15,5,0,0.0625
length,"bp[100,500)",strict,15500.2,0.6732918005334105,True,balanced_accuracy,0.0625,0.04629089824658619,0.0109699825183574,0.038371682941651816,0.055082461643728695,15,5,0,0.075
length,"bp[100,500)",strict,15500.2,0.6732918005334105,True,f1,0.0625,0.016732739015777973,0.0022390219415096657,0.014966898563546717,0.018509226193547324,15,5,0,0.0875
length,"bp[100,500)",strict,15500.2,0.6732918005334105,True,precision,0.0625,0.028684603931098174,0.009005260858284337,0.022229495216146672,0.03596218821985603,15,5,0,0.0875
length,"bp[100,500)",strict,15500.2,0.6732918005334105,True,recall,0.5625,-0.0019465239063095978,0.015284270028001107,-0.013730176417887084,0.010469462859003825,15,5,0,0.875
length,"bp[1000,10000)",1hop,3830.4,0.6012375222628602,True,auprc,0.0625,0.044022005610314115,0.009717439288805377,0.03521819834933178,0.050827782649233974,15,5,0,0.075
length,"bp[1000,10000)",1hop,3830.4,0.6012375222628602,True,auroc,0.0625,0.08394113311365853,0.010421830150182502,0.07644256388060537,0.09324201022833375,15,5,0,0.0625
length,"bp[1000,10000)",1hop,3830.4,0.6012375222628602,True,normalized_ap,0.0625,0.11011871265000822,0.022761994892121672,0.09025869942286147,0.12687561966605893,15,5,0,0.075
length,"bp[1000,10000)",1hop,3830.4,0.6012375222628602,True,balanced_accuracy,0.0625,0.20882381823647314,0.010465094344017795,0.20262819020037984,0.21624278211278344,15,5,0,0.075
length,"bp[1000,10000)",1hop,3830.4,0.6012375222628602,True,f1,0.0625,0.08912359004111571,0.009147388447988791,0.08236419272869219,0.09681504738363056,15,5,0,0.0875
length,"bp[1000,10000)",1hop,3830.4,0.6012375222628602,True,precision,0.0625,0.13319848760196684,0.011461908508104687,0.1257081141868061,0.1423638381237457,15,5,0,0.0875
length,"bp[1000,10000)",1hop,3830.4,0.6012375222628602,True,recall,0.125,-0.009274924579922865,0.010496266673760633,-0.016318064949824157,0.0006656899996792165,15,5,0,0.4375
length,"bp[1000,10000)",strict,3830.4,0.6012375222628602,True,auprc,0.0625,0.03703470419624077,0.006281901612971534,0.031856237310965874,0.04209306498364525,15,5,0,0.0625
length,"bp[1000,10000)",strict,3830.4,0.6012375222628602,True,auroc,0.0625,0.06677193627513557,0.0072893160722028285,0.06089847711241521,0.07293656207581492,15,5,0,0.0625
length,"bp[1000,10000)",strict,3830.4,0.6012375222628602,True,normalized_ap,0.0625,0.09250411386994688,0.011875266765212509,0.08218451174726515,0.10120435093081662,15,5,0,0.0625
length,"bp[1000,10000)",strict,3830.4,0.6012375222628602,True,balanced_accuracy,0.0625,0.15067438483445203,0.01426110874972953,0.14013378224095166,0.1617197133213034,15,5,0,0.075
length,"bp[1000,10000)",strict,3830.4,0.6012375222628602,True,f1,0.0625,0.06263242215634629,0.008305062575595426,0.056338087728431865,0.06999127888221304,15,5,0,0.0875
length,"bp[1000,10000)",strict,3830.4,0.6012375222628602,True,precision,0.0625,0.09049996894744212,0.01237495406509055,0.0811513077965427,0.1006618070731719,15,5,0,0.0875
length,"bp[1000,10000)",strict,3830.4,0.6012375222628602,True,recall,0.1875,-0.005569798519891878,0.008886559711172822,-0.011718816880450717,0.002081330917047028,15,5,0,0.65625
length,"bp[10000,100000)",1hop,568.8,0.6644886188440061,True,auprc,0.0625,0.026069725635916717,0.020843676501505648,0.011153715276518877,0.04427897314673696,15,5,0,0.075
length,"bp[10000,100000)",1hop,568.8,0.6644886188440061,True,auroc,0.0625,0.06706111438490589,0.02546659507942125,0.051227959443473754,0.0904623759376947,15,5,0,0.0625
length,"bp[10000,100000)",1hop,568.8,0.6644886188440061,True,normalized_ap,0.0625,0.07522899696422283,0.05883846919493063,0.034047934799248177,0.1267474456235874,15,5,0,0.075
length,"bp[10000,100000)",1hop,568.8,0.6644886188440061,True,balanced_accuracy,0.0625,0.09572100258812362,0.016654923317191275,0.08518753388806291,0.10868545229608265,15,5,0,0.075
length,"bp[10000,100000)",1hop,568.8,0.6644886188440061,True,f1,0.0625,0.028013937908408316,0.0061602665052634155,0.02440919634692059,0.03174974895604455,15,5,0,0.0875
length,"bp[10000,100000)",1hop,568.8,0.6644886188440061,True,precision,0.0625,0.04809846228151849,0.010307593034840619,0.041336164602070596,0.05633661552049943,15,5,0,0.0875
length,"bp[10000,100000)",1hop,568.8,0.6644886188440061,True,recall,0.0625,-0.015083814669005206,0.015082572809656148,-0.02675204693589928,-0.0034121793936388056,15,5,0,0.4375
length,"bp[10000,100000)",strict,568.8,0.6644886188440061,True,auprc,0.0625,0.02049519876759173,0.013127546746053922,0.011199137289435834,0.03089000124267257,15,5,0,0.0625
length,"bp[10000,100000)",strict,568.8,0.6644886188440061,True,auroc,0.0625,0.06250286108891111,0.016584646056879388,0.04899722543878694,0.07429045733131656,15,5,0,0.0625
length,"bp[10000,100000)",strict,568.8,0.6644886188440061,True,normalized_ap,0.0625,0.058492231348922896,0.03289463948611097,0.035278397694160066,0.08293920487783135,15,5,0,0.0625
length,"bp[10000,100000)",strict,568.8,0.6644886188440061,True,balanced_accuracy,0.0625,0.0650863142458045,0.02091234739103241,0.04908319269943319,0.08088146317970521,15,5,0,0.075
length,"bp[10000,100000)",strict,568.8,0.6644886188440061,True,f1,0.0625,0.019902807266576464,0.008229779439280221,0.01357845356795409,0.0259751331036798,15,5,0,0.0875
length,"bp[10000,100000)",strict,568.8,0.6644886188440061,True,precision,0.0625,0.03205069931195019,0.012106699789144311,0.02286857866599625,0.04164776198795407,15,5,0,0.0875
length,"bp[10000,100000)",strict,568.8,0.6644886188440061,True,recall,0.1875,-0.007847426646850215,0.012341698155923161,-0.016243159658933616,0.0015227907139060632,15,5,0,0.65625
length,"bp[100000,1e+06)",1hop,27.0,0.568742271683448,False,auprc,0.125,-0.06894462721660029,0.06266178087060419,-0.11758786754585242,-0.018140476249565135,15,5,0,0.125
length,"bp[100000,1e+06)",1hop,27.0,0.568742271683448,False,auroc,0.0625,-0.09200048100048104,0.06088786191361886,-0.13222254689754687,-0.05611085257335257,15,5,0,0.0625
length,"bp[100000,1e+06)",1hop,27.0,0.568742271683448,False,normalized_ap,0.125,-0.1657894241473918,0.1381969209766885,-0.2730596491090129,-0.05389774925105189,15,5,0,0.125
length,"bp[100000,1e+06)",1hop,27.0,0.568742271683448,False,balanced_accuracy,0.5,-0.012936628186628189,0.0336540283098434,-0.038333333333333344,0.010142156685906688,15,5,0,0.5
length,"bp[100000,1e+06)",1hop,27.0,0.568742271683448,False,f1,0.25,-0.022255104181782146,0.036282368099183365,-0.050777358523186496,0.001739853237223188,15,5,0,0.2916666666666667
length,"bp[100000,1e+06)",1hop,27.0,0.568742271683448,False,precision,0.5,-0.006952563776093165,0.018287077680211476,-0.02090301855007731,0.005343200590259455,15,5,0,0.5833333333333334
length,"bp[100000,1e+06)",1hop,27.0,0.568742271683448,False,recall,0.25,-0.057396825396825404,0.07937516489205736,-0.1187301587301588,-0.005333333333333324,15,5,0,0.4375
length,"bp[100000,1e+06)",strict,27.0,0.568742271683448,False,auprc,0.0625,-0.07495411930852622,0.07614016778253786,-0.12993269200712365,-0.023760024988034496,15,5,0,0.0625
length,"bp[100000,1e+06)",strict,27.0,0.568742271683448,False,auroc,0.0625,-0.07198316498316501,0.05411106213958218,-0.10836666065416069,-0.03292508417508422,15,5,0,0.0625
length,"bp[100000,1e+06)",strict,27.0,0.568742271683448,False,normalized_ap,0.0625,-0.1785975838836941,0.16768764595671587,-0.302303469480397,-0.06533636014633272,15,5,0,0.0625
length,"bp[100000,1e+06)",strict,27.0,0.568742271683448,False,balanced_accuracy,0.5,-0.004365079365079364,0.013315473086119786,-0.013888888888888876,0.0009920634920634885,15,5,0,0.5
length,"bp[100000,1e+06)",strict,27.0,0.568742271683448,False,f1,0.5,-0.0026463436671041378,0.00567849489347967,-0.006872375333930802,0.0,15,5,0,0.5833333333333334
length,"bp[100000,1e+06)",strict,27.0,0.568742271683448,False,precision,0.5,-0.0021487550899315605,0.006865557580913898,-0.007053207053207059,0.0006535947712418277,15,5,0,0.5833333333333334
length,"bp[100000,1e+06)",strict,27.0,0.568742271683448,False,recall,1.0,-0.0031746031746031707,0.012295185226055274,-0.012698412698412683,0.0,15,5,0,1.0
length,"bp[50,100)",1hop,12369.2,0.5923452931263335,True,auprc,0.0625,0.05469919639735248,0.004941058986228045,0.05108309305238724,0.05863770757549888,15,5,0,0.075
length,"bp[50,100)",1hop,12369.2,0.5923452931263335,True,auroc,0.0625,0.06454648643091328,0.0038738357602098603,0.06143147714559757,0.06747305438077147,15,5,0,0.0625
length,"bp[50,100)",1hop,12369.2,0.5923452931263335,True,normalized_ap,0.0625,0.13408835021827706,0.010596660257077173,0.12636873403452356,0.14209027695863694,15,5,0,0.075
length,"bp[50,100)",1hop,12369.2,0.5923452931263335,True,balanced_accuracy,0.0625,0.06806373413349051,0.012057743502850861,0.05802180221264965,0.07761894128220559,15,5,0,0.075
length,"bp[50,100)",1hop,12369.2,0.5923452931263335,True,f1,0.0625,0.03375527588516176,0.0037595071176777803,0.03094778611952561,0.03686721454519709,15,5,0,0.0875
length,"bp[50,100)",1hop,12369.2,0.5923452931263335,True,precision,0.0625,0.0506086929467486,0.011933063259295678,0.04055641667996059,0.05987422050525569,15,5,0,0.0875
length,"bp[50,100)",1hop,12369.2,0.5923452931263335,True,recall,0.8125,0.004019371112797102,0.024062181370097736,-0.013059728238989102,0.025304842881484057,15,5,0,0.9479166666666666
length,"bp[50,100)",strict,12369.2,0.5923452931263335,True,auprc,0.0625,0.0474860115617745,0.00223153748079399,0.04590351662578951,0.048959379166302046,15,5,0,0.0625
length,"bp[50,100)",strict,12369.2,0.5923452931263335,True,auroc,0.0625,0.05192210676800944,0.00321291236486106,0.049242201971536004,0.0543899458363945,15,5,0,0.0625
length,"bp[50,100)",strict,12369.2,0.5923452931263335,True,normalized_ap,0.0625,0.11646817743462158,0.0045691425227231235,0.11350641168026959,0.11906705363130929,15,5,0,0.0625
length,"bp[50,100)",strict,12369.2,0.5923452931263335,True,balanced_accuracy,0.0625,0.05668605621867394,0.009303874856940201,0.04927555310582955,0.06394352205914605,15,5,0,0.075
length,"bp[50,100)",strict,12369.2,0.5923452931263335,True,f1,0.0625,0.02551677462496227,0.004326062798879662,0.022093522126969203,0.02905025182871593,15,5,0,0.0875
length,"bp[50,100)",strict,12369.2,0.5923452931263335,True,precision,0.0625,0.043203495590122126,0.010115578421625025,0.03527927256787669,0.05112480962228127,15,5,0,0.0875
length,"bp[50,100)",strict,12369.2,0.5923452931263335,True,recall,0.625,-0.004963429069763895,0.025130443973555096,-0.025178831225450185,0.015307293264486144,15,5,0,0.875
length,"bp[500,1000)",1hop,2483.2,0.6668604225981442,True,auprc,0.0625,0.015763974180526805,0.00522433094876891,0.012530467907915687,0.019723514060962465,15,5,0,0.075
length,"bp[500,1000)",1hop,2483.2,0.6668604225981442,True,auroc,0.0625,0.03818029686847978,0.006975709186519841,0.03297351241897212,0.04307182981618789,15,5,0,0.0625
length,"bp[500,1000)",1hop,2483.2,0.6668604225981442,True,normalized_ap,0.0625,0.04723301661189647,0.014454052860319188,0.038123395761699146,0.05801372849982691,15,5,0,0.075
length,"bp[500,1000)",1hop,2483.2,0.6668604225981442,True,balanced_accuracy,0.0625,0.10738241517476108,0.017508915951373053,0.09321025343357546,0.12081962621168611,15,5,0,0.075
length,"bp[500,1000)",1hop,2483.2,0.6668604225981442,True,f1,0.0625,0.0373931029358358,0.004714382794040378,0.033530193618538755,0.04082935753347737,15,5,0,0.0875
length,"bp[500,1000)",1hop,2483.2,0.6668604225981442,True,precision,0.0625,0.06256348366803914,0.011098130888603086,0.0534081123153883,0.07081525129337639,15,5,0,0.0875
length,"bp[500,1000)",1hop,2483.2,0.6668604225981442,True,recall,0.1875,-0.006955194137681568,0.008796645374147502,-0.013500875446034658,0.0006906732333388602,15,5,0,0.4375
length,"bp[500,1000)",strict,2483.2,0.6668604225981442,True,auprc,0.0625,0.015422885979555552,0.004781930069070945,0.011870187511513065,0.01968389439717989,15,5,0,0.0625
length,"bp[500,1000)",strict,2483.2,0.6668604225981442,True,auroc,0.0625,0.03344662033854955,0.005225567197791496,0.029168898448680806,0.03759689218085481,15,5,0,0.0625
length,"bp[500,1000)",strict,2483.2,0.6668604225981442,True,normalized_ap,0.0625,0.045723818441356756,0.011124576899426005,0.03714546204599067,0.05531859135972674,15,5,0,0.0625
length,"bp[500,1000)",strict,2483.2,0.6668604225981442,True,balanced_accuracy,0.0625,0.08776323999284526,0.01589335878844883,0.07397324476957111,0.09950538154737448,15,5,0,0.075
length,"bp[500,1000)",strict,2483.2,0.6668604225981442,True,f1,0.0625,0.03057491996951264,0.00426369505403946,0.027810517473905033,0.033748823258793775,15,5,0,0.0875
length,"bp[500,1000)",strict,2483.2,0.6668604225981442,True,precision,0.0625,0.05024004620407298,0.010616430733322121,0.04113351084995958,0.05808189583896618,15,5,0,0.0875
length,"bp[500,1000)",strict,2483.2,0.6668604225981442,True,recall,0.4375,-0.005310688780356261,0.013966789198464214,-0.015851056967402563,0.007054758380759605,15,5,0,0.875
start_complexity,high,1hop,20448.6,0.6271788721074114,True,auprc,0.0625,0.03362162779540326,0.003684711848970062,0.03041818816691675,0.03634838665549539,15,5,0,0.0625
start_complexity,high,1hop,20448.6,0.6271788721074114,True,auroc,0.0625,0.05590779045459886,0.004790281007436791,0.05215991124408922,0.059971742772381056,15,5,0,0.0625
start_complexity,high,1hop,20448.6,0.6271788721074114,True,normalized_ap,0.0625,0.09015293565808351,0.009262146802799177,0.08228910700824385,0.09724567884891534,15,5,0,0.0625
start_complexity,high,1hop,20448.6,0.6271788721074114,True,balanced_accuracy,0.0625,0.07352425523681513,0.013135798061612587,0.06249902744316318,0.08300357578414272,15,5,0,0.0625
start_complexity,high,1hop,20448.6,0.6271788721074114,True,f1,0.0625,0.030096736484014334,0.0046369763419842345,0.026653309148559196,0.03423754505196147,15,5,0,0.0625
start_complexity,high,1hop,20448.6,0.6271788721074114,True,precision,0.0625,0.0477606549493347,0.010396769375246903,0.039241988625916414,0.05530290416222342,15,5,0,0.0625
start_complexity,high,1hop,20448.6,0.6271788721074114,True,recall,0.875,-0.0017647463940147232,0.024324752573647333,-0.01947968032053027,0.01963153586626877,15,5,0,1.0
start_complexity,high,strict,20448.6,0.6271788721074114,True,auprc,0.0625,0.03021248236793396,0.0025068856144086983,0.028211940603009193,0.03217313431399359,15,5,0,0.0625
start_complexity,high,strict,20448.6,0.6271788721074114,True,auroc,0.0625,0.047372985497890915,0.004227620721747123,0.04421203436026351,0.05116541449735693,15,5,0,0.0625
start_complexity,high,strict,20448.6,0.6271788721074114,True,normalized_ap,0.0625,0.08115043912224287,0.007635171633451735,0.07494348211690455,0.08715476993856303,15,5,0,0.0625
start_complexity,high,strict,20448.6,0.6271788721074114,True,balanced_accuracy,0.0625,0.06472607184757813,0.010260438469287349,0.05765873156929744,0.07277081751396526,15,5,0,0.0625
start_complexity,high,strict,20448.6,0.6271788721074114,True,f1,0.0625,0.025779745721290145,0.003446334058164725,0.023386201731962472,0.028998195997161833,15,5,0,0.0625
start_complexity,high,strict,20448.6,0.6271788721074114,True,precision,0.0625,0.042089089945175864,0.008927020323842207,0.03610509767553188,0.04918560119593733,15,5,0,0.0625
start_complexity,high,strict,20448.6,0.6271788721074114,True,recall,0.625,-0.0036517193762552877,0.021356848453388276,-0.02003792453928953,0.014038209002217236,15,5,0,0.75
start_complexity,low,1hop,6395.0,0.6573985125792741,True,auprc,0.0625,0.04980648928566477,0.014678996833474683,0.041801966129396385,0.06145669058690272,15,5,0,0.0625
start_complexity,low,1hop,6395.0,0.6573985125792741,True,auroc,0.0625,0.07208261761103,0.012629704071961328,0.06557746960858181,0.08112688563283096,15,5,0,0.0625
start_complexity,low,1hop,6395.0,0.6573985125792741,True,normalized_ap,0.0625,0.1444555264755864,0.036769939591894035,0.12550288052435654,0.17295555173804253,15,5,0,0.0625
start_complexity,low,1hop,6395.0,0.6573985125792741,True,balanced_accuracy,0.0625,0.09288469739036105,0.014922276438063412,0.08084946657080419,0.10476304140730583,15,5,0,0.0625
start_complexity,low,1hop,6395.0,0.6573985125792741,True,f1,0.0625,0.037261017980316974,0.004541636019750132,0.03362127207100377,0.04097194946414347,15,5,0,0.0625
start_complexity,low,1hop,6395.0,0.6573985125792741,True,precision,0.0625,0.06189806518018221,0.01139875573349647,0.0526804960353066,0.07079839387753917,15,5,0,0.0625
start_complexity,low,1hop,6395.0,0.6573985125792741,True,recall,1.0,-0.0007145561084194619,0.009093314098606961,-0.00673381765939325,0.00726440725112476,15,5,0,1.0
start_complexity,low,strict,6395.0,0.6573985125792741,True,auprc,0.0625,0.041874502048510266,0.01151691052607374,0.03315562946735966,0.05229142961182873,15,5,0,0.0625
start_complexity,low,strict,6395.0,0.6573985125792741,True,auroc,0.0625,0.0563675018493461,0.007753778758518534,0.05076600012110687,0.06335235265691902,15,5,0,0.0625
start_complexity,low,strict,6395.0,0.6573985125792741,True,normalized_ap,0.0625,0.12117334770609135,0.02786720312815082,0.09955997523122517,0.14591572181797885,15,5,0,0.0625
start_complexity,low,strict,6395.0,0.6573985125792741,True,balanced_accuracy,0.0625,0.06337258747659863,0.011801995939281456,0.05376450076600477,0.07293396373752525,15,5,0,0.0625
start_complexity,low,strict,6395.0,0.6573985125792741,True,f1,0.0625,0.023759683767725415,0.0032709851595297454,0.021295240549353684,0.026441334860420974,15,5,0,0.0625
start_complexity,low,strict,6395.0,0.6573985125792741,True,precision,0.0625,0.04188495124716165,0.009168386219930168,0.03436265937649859,0.04912878734924237,15,5,0,0.0625
start_complexity,low,strict,6395.0,0.6573985125792741,True,recall,0.375,-0.004782178076928489,0.01112776461404689,-0.013445247495773685,0.004071893730412216,15,5,0,0.75
start_complexity,medium,1hop,7937.4,0.6412053756598967,True,auprc,0.0625,0.04742749382514079,0.0044701575701085565,0.04350604876413108,0.05073851492432577,15,5,0,0.0625
start_complexity,medium,1hop,7937.4,0.6412053756598967,True,auroc,0.0625,0.07018925515609298,0.005117543503330233,0.06559462107911464,0.07352873157992527,15,5,0,0.0625
start_complexity,medium,1hop,7937.4,0.6412053756598967,True,normalized_ap,0.0625,0.13206246740405253,0.01029364388891279,0.12290738915241617,0.138848675120123,15,5,0,0.0625
start_complexity,medium,1hop,7937.4,0.6412053756598967,True,balanced_accuracy,0.0625,0.09743327565908019,0.01223626045060823,0.08724630768212151,0.10650678494502343,15,5,0,0.0625
start_complexity,medium,1hop,7937.4,0.6412053756598967,True,f1,0.0625,0.04176384685951921,0.003658384417935507,0.038868130841610615,0.04445527383122774,15,5,0,0.0625
start_complexity,medium,1hop,7937.4,0.6412053756598967,True,precision,0.0625,0.06842317119439087,0.01127777727635648,0.0592253400500103,0.07724992880806235,15,5,0,0.0625
start_complexity,medium,1hop,7937.4,0.6412053756598967,True,recall,0.9375,0.0003426852403424293,0.010217145162635914,-0.00762255404070408,0.00889487389390892,15,5,0,1.0
start_complexity,medium,strict,7937.4,0.6412053756598967,True,auprc,0.0625,0.03805970360935324,0.0032198396287013405,0.03541415647174617,0.04034703833755591,15,5,0,0.0625
start_complexity,medium,strict,7937.4,0.6412053756598967,True,auroc,0.0625,0.053497785423707,0.00440112456075777,0.04972917484269996,0.05685366566675358,15,5,0,0.0625
start_complexity,medium,strict,7937.4,0.6412053756598967,True,normalized_ap,0.0625,0.10608466936445919,0.008608571164170343,0.09927143776497688,0.11249085633437687,15,5,0,0.0625
start_complexity,medium,strict,7937.4,0.6412053756598967,True,balanced_accuracy,0.0625,0.07246057753767664,0.011457617915597301,0.06306791542214688,0.0810562484958516,15,5,0,0.0625
start_complexity,medium,strict,7937.4,0.6412053756598967,True,f1,0.0625,0.030073576568914916,0.002858391683257078,0.027831877694115183,0.03223230778082726,15,5,0,0.0625
start_complexity,medium,strict,7937.4,0.6412053756598967,True,precision,0.0625,0.0500721441802103,0.01012293767690296,0.04178009695125965,0.05762497297297728,15,5,0,0.0625
start_complexity,medium,strict,7937.4,0.6412053756598967,True,recall,0.75,-0.0017642784795817083,0.011461886756468352,-0.009862123521308613,0.00788495475360717,15,5,0,0.75
sv_type,DEL,1hop,12663.8,0.0,False,class_recall,0.0625,0.16574607553390228,0.038056891123395054,0.13323865127263845,0.19353060736035824,15,5,0,0.125
sv_type,DEL,strict,12663.8,0.0,False,class_recall,0.0625,0.13590600058562105,0.03485275106242568,0.10835626383487774,0.16317737134529883,15,5,0,0.125
sv_type,INS,1hop,22117.2,1.0,False,class_recall,0.875,-0.0015312134106961232,0.017695660081231714,-0.014372861565276973,0.014018014254075669,15,5,0,0.875
sv_type,INS,strict,22117.2,1.0,False,class_recall,0.5625,-0.003679222182759186,0.016996008396417493,-0.016855329955776592,0.010488293670540941,15,5,0,0.5625
