closure,stratum,stratum_value,contrast,larger_feature_set,smaller_feature_set,metric,mean_gain,ci95_low,ci95_high,n_paired_runs,n_folds,n_seeds,mean_examples_per_run,interpretation_status,gain_definition,positive_means_topology_improves
1hop,allele_frequency_bin,"af[0.001,0.01)",topology_given_coordinate_and_frozen_sequence_fm,coordinate_plus_frozen_sequence_fm_plus_frozen_pangenomefm_pair,coordinate_plus_frozen_sequence_fm_pair,auprc,0.0376850946909748,0.0316050363328731,0.042418815645453,15,5,3,8784.4,descriptive_ranking_supported,larger_minus_smaller,True
1hop,allele_frequency_bin,"af[0.01,0.05)",topology_given_coordinate_and_frozen_sequence_fm,coordinate_plus_frozen_sequence_fm_plus_frozen_pangenomefm_pair,coordinate_plus_frozen_sequence_fm_pair,auprc,0.0369476810165022,0.0337420889689547,0.040559485098688,15,5,3,12040.4,descriptive_ranking_supported,larger_minus_smaller,True
1hop,allele_frequency_bin,"af[0.05,0.5)",topology_given_coordinate_and_frozen_sequence_fm,coordinate_plus_frozen_sequence_fm_plus_frozen_pangenomefm_pair,coordinate_plus_frozen_sequence_fm_pair,auprc,0.0422483832993544,0.0381207321837545,0.0463485338504608,15,5,3,12085.6,descriptive_ranking_supported,larger_minus_smaller,True
1hop,allele_frequency_bin,"af[0.5,1)",topology_given_coordinate_and_frozen_sequence_fm,coordinate_plus_frozen_sequence_fm_plus_frozen_pangenomefm_pair,coordinate_plus_frozen_sequence_fm_pair,auprc,0.0420667753615638,0.0336868494760537,0.0514715201837228,15,5,3,1870.6,descriptive_ranking_supported,larger_minus_smaller,True
1hop,length_bin,"bp[100,500)",topology_given_coordinate_and_frozen_sequence_fm,coordinate_plus_frozen_sequence_fm_plus_frozen_pangenomefm_pair,coordinate_plus_frozen_sequence_fm_pair,auprc,0.0255491292446867,0.0209651941761058,0.0304711193812034,15,5,3,15500.2,descriptive_ranking_supported,larger_minus_smaller,True
1hop,length_bin,"bp[1000,10000)",topology_given_coordinate_and_frozen_sequence_fm,coordinate_plus_frozen_sequence_fm_plus_frozen_pangenomefm_pair,coordinate_plus_frozen_sequence_fm_pair,auprc,0.0440220056103141,0.0352140284307708,0.0508067283862892,15,5,3,3830.4,descriptive_ranking_supported,larger_minus_smaller,True
1hop,length_bin,"bp[10000,100000)",topology_given_coordinate_and_frozen_sequence_fm,coordinate_plus_frozen_sequence_fm_plus_frozen_pangenomefm_pair,coordinate_plus_frozen_sequence_fm_pair,auprc,0.0260697256359167,0.0108730618872407,0.0443195826589686,15,5,3,568.8,descriptive_ranking_supported,larger_minus_smaller,True
1hop,length_bin,"bp[100000,1e+06)",topology_given_coordinate_and_frozen_sequence_fm,coordinate_plus_frozen_sequence_fm_plus_frozen_pangenomefm_pair,coordinate_plus_frozen_sequence_fm_pair,auprc,-0.0689446272166002,-0.1178010671641694,-0.0180234228555082,15,5,3,27.0,underpowered_mean_n_lt_100,larger_minus_smaller,True
1hop,length_bin,"bp[50,100)",topology_given_coordinate_and_frozen_sequence_fm,coordinate_plus_frozen_sequence_fm_plus_frozen_pangenomefm_pair,coordinate_plus_frozen_sequence_fm_pair,auprc,0.0546991963973524,0.0511049484960348,0.0586670670077537,15,5,3,12369.2,descriptive_ranking_supported,larger_minus_smaller,True
1hop,length_bin,"bp[500,1000)",topology_given_coordinate_and_frozen_sequence_fm,coordinate_plus_frozen_sequence_fm_plus_frozen_pangenomefm_pair,coordinate_plus_frozen_sequence_fm_pair,auprc,0.0157639741805268,0.0125460426696405,0.0196526998045407,15,5,3,2483.2,descriptive_ranking_supported,larger_minus_smaller,True
strict,allele_frequency_bin,"af[0.001,0.01)",topology_given_coordinate_and_frozen_sequence_fm,coordinate_plus_frozen_sequence_fm_plus_frozen_pangenomefm_pair,coordinate_plus_frozen_sequence_fm_pair,auprc,0.0333201890042941,0.0306805263141218,0.0359058247431315,15,5,3,8784.4,descriptive_ranking_supported,larger_minus_smaller,True
strict,allele_frequency_bin,"af[0.01,0.05)",topology_given_coordinate_and_frozen_sequence_fm,coordinate_plus_frozen_sequence_fm_plus_frozen_pangenomefm_pair,coordinate_plus_frozen_sequence_fm_pair,auprc,0.0320896577920662,0.0306043306165187,0.0339025688406637,15,5,3,12040.4,descriptive_ranking_supported,larger_minus_smaller,True
strict,allele_frequency_bin,"af[0.05,0.5)",topology_given_coordinate_and_frozen_sequence_fm,coordinate_plus_frozen_sequence_fm_plus_frozen_pangenomefm_pair,coordinate_plus_frozen_sequence_fm_pair,auprc,0.0342679581063097,0.0321546282889649,0.0366157762042594,15,5,3,12085.6,descriptive_ranking_supported,larger_minus_smaller,True
strict,allele_frequency_bin,"af[0.5,1)",topology_given_coordinate_and_frozen_sequence_fm,coordinate_plus_frozen_sequence_fm_plus_frozen_pangenomefm_pair,coordinate_plus_frozen_sequence_fm_pair,auprc,0.0382094683981672,0.031300610525825,0.0462832859355766,15,5,3,1870.6,descriptive_ranking_supported,larger_minus_smaller,True
strict,length_bin,"bp[100,500)",topology_given_coordinate_and_frozen_sequence_fm,coordinate_plus_frozen_sequence_fm_plus_frozen_pangenomefm_pair,coordinate_plus_frozen_sequence_fm_pair,auprc,0.0224743180688053,0.0194157609409152,0.0257150584887637,15,5,3,15500.2,descriptive_ranking_supported,larger_minus_smaller,True
strict,length_bin,"bp[1000,10000)",topology_given_coordinate_and_frozen_sequence_fm,coordinate_plus_frozen_sequence_fm_plus_frozen_pangenomefm_pair,coordinate_plus_frozen_sequence_fm_pair,auprc,0.0370347041962407,0.0317330827719686,0.042175951373557,15,5,3,3830.4,descriptive_ranking_supported,larger_minus_smaller,True
strict,length_bin,"bp[10000,100000)",topology_given_coordinate_and_frozen_sequence_fm,coordinate_plus_frozen_sequence_fm_plus_frozen_pangenomefm_pair,coordinate_plus_frozen_sequence_fm_pair,auprc,0.0204951987675917,0.0110899840148969,0.0305919834330892,15,5,3,568.8,descriptive_ranking_supported,larger_minus_smaller,True
strict,length_bin,"bp[100000,1e+06)",topology_given_coordinate_and_frozen_sequence_fm,coordinate_plus_frozen_sequence_fm_plus_frozen_pangenomefm_pair,coordinate_plus_frozen_sequence_fm_pair,auprc,-0.0749541193085262,-0.1336381860871954,-0.0252138350865878,15,5,3,27.0,underpowered_mean_n_lt_100,larger_minus_smaller,True
strict,length_bin,"bp[50,100)",topology_given_coordinate_and_frozen_sequence_fm,coordinate_plus_frozen_sequence_fm_plus_frozen_pangenomefm_pair,coordinate_plus_frozen_sequence_fm_pair,auprc,0.0474860115617745,0.0459538498480495,0.0489431713570345,15,5,3,12369.2,descriptive_ranking_supported,larger_minus_smaller,True
strict,length_bin,"bp[500,1000)",topology_given_coordinate_and_frozen_sequence_fm,coordinate_plus_frozen_sequence_fm_plus_frozen_pangenomefm_pair,coordinate_plus_frozen_sequence_fm_pair,auprc,0.0154228859795555,0.0119265493616998,0.0196688050385481,15,5,3,2483.2,descriptive_ranking_supported,larger_minus_smaller,True
