baseline,context,locus_complexity_category,metric,n_regions,region_mean,region_median,n_chromosomes,chromosome_block_mean,ci95_low,ci95_high,chromosome_sign_flip_p_two_sided
coordinate_sgd,1hop,low,auprc_advantage,201,0.1577289610708028,0.1218195059900703,23,0.1674761799663972,0.1386854099884898,0.2000388191082703,9.999000099990002e-05
coordinate_sgd,1hop,low,model_score,201,0.5009686933574529,0.5066705635364677,23,0.4818686292791159,0.4418226696004232,0.5113447792212957,9.999000099990002e-05
coordinate_sgd,1hop,low,auroc_advantage,201,0.1919422064768218,0.1562801932367149,23,0.2036457824396329,0.1735502502123365,0.2359445850032272,9.999000099990002e-05
coordinate_sgd,1hop,medium,auprc_advantage,202,0.1434358325490169,0.1274435443739462,23,0.1559391871547965,0.130243598084061,0.186602081115464,9.999000099990002e-05
coordinate_sgd,1hop,medium,model_score,202,0.4992065538147865,0.4931921302166335,23,0.5023658083723059,0.4934295227986842,0.5121096665873912,9.999000099990002e-05
coordinate_sgd,1hop,medium,auroc_advantage,202,0.177886171059498,0.1563980940004331,23,0.1918034117162087,0.1633371206126339,0.2249545809074306,9.999000099990002e-05
coordinate_sgd,1hop,high,auprc_advantage,203,0.1309484670102988,0.1218023662918057,24,0.1366291223016028,0.1208305916411124,0.1538701233687856,9.999000099990002e-05
coordinate_sgd,1hop,high,model_score,203,0.4790050351891015,0.4791249003394343,24,0.4649438600420737,0.4450984395800719,0.4819849735874027,9.999000099990002e-05
coordinate_sgd,1hop,high,auroc_advantage,203,0.1613382906857872,0.1492319915254238,24,0.1691399487615034,0.1494738159816569,0.1932053551578209,9.999000099990002e-05
coordinate_sgd,strict,low,auprc_advantage,201,0.3200832299243447,0.3173103368740284,23,0.3097918861967878,0.2785454184220178,0.336871443630088,9.999000099990002e-05
coordinate_sgd,strict,low,model_score,201,0.4196334921282545,0.4279920367497163,23,0.4090274158415639,0.3814870279338216,0.4329878723919409,9.999000099990002e-05
coordinate_sgd,strict,low,auroc_advantage,201,0.378410600693162,0.3782894736842104,23,0.3751926417103656,0.3494407438224471,0.4009525210054502,9.999000099990002e-05
coordinate_sgd,strict,medium,auprc_advantage,202,0.2866687205025521,0.2781639116728074,23,0.2971211912036888,0.2765145438544586,0.3183722979087453,9.999000099990002e-05
coordinate_sgd,strict,medium,model_score,202,0.3846833635013932,0.3968672031581128,23,0.3928143894895872,0.3751662136233027,0.4115314526541803,9.999000099990002e-05
coordinate_sgd,strict,medium,auroc_advantage,202,0.3473335034897925,0.3504046918282548,23,0.3553726577319285,0.3381098387523306,0.3728782950425473,9.999000099990002e-05
coordinate_sgd,strict,high,auprc_advantage,203,0.2193172600183866,0.2090141497185585,24,0.2102121695181416,0.1883593748553538,0.2300685738569159,9.999000099990002e-05
coordinate_sgd,strict,high,model_score,203,0.3296461759704278,0.3298896705368184,24,0.3181371400393732,0.2928496902643019,0.3413016701930671,9.999000099990002e-05
coordinate_sgd,strict,high,auroc_advantage,203,0.2761748961253985,0.2749639249639249,24,0.2655894157478127,0.2417408848220813,0.2853129755342075,9.999000099990002e-05
sequence_composition_sgd,1hop,low,auprc_advantage,201,0.3504171818581481,0.3515098611483214,23,0.3590764345452648,0.3467542420323467,0.3720730731123705,9.999000099990002e-05
sequence_composition_sgd,1hop,low,model_score,201,0.5177373639021491,0.5358712252575463,23,0.502008268963544,0.4578354726279886,0.5334940119927764,9.999000099990002e-05
sequence_composition_sgd,1hop,low,auroc_advantage,201,0.3710309806814386,0.373015873015873,23,0.3770333308270314,0.3665239563797335,0.3883690397609214,9.999000099990002e-05
sequence_composition_sgd,1hop,medium,auprc_advantage,202,0.3484919657146478,0.3515654969274434,23,0.3495383816647215,0.3392693079000833,0.3587970899412357,9.999000099990002e-05
sequence_composition_sgd,1hop,medium,model_score,202,0.5192899636296502,0.5261193860470197,23,0.5213657840699026,0.5087610597112514,0.5327491046852577,9.999000099990002e-05
sequence_composition_sgd,1hop,medium,auroc_advantage,202,0.3719835937024842,0.3771901297516892,23,0.3764262285870358,0.3662378537975547,0.3867368384975319,9.999000099990002e-05
sequence_composition_sgd,1hop,high,auprc_advantage,203,0.3532864353057774,0.3532902872520771,24,0.3550222220198915,0.3452208598772915,0.3650289619734159,9.999000099990002e-05
sequence_composition_sgd,1hop,high,model_score,203,0.4735908336035133,0.4821805945772777,24,0.4597393675597415,0.4394458429955601,0.4777239220996946,9.999000099990002e-05
sequence_composition_sgd,1hop,high,auroc_advantage,203,0.3581949308403596,0.3551462621885157,24,0.3599616089301674,0.3502942585532051,0.3694244821137012,9.999000099990002e-05
sequence_composition_sgd,strict,low,auprc_advantage,201,0.2710118562669815,0.2622227758089608,23,0.2607873542672894,0.2375432361854585,0.2803580932145029,9.999000099990002e-05
sequence_composition_sgd,strict,low,model_score,201,0.3852024031805994,0.3888153573095924,23,0.373017182365933,0.3530067551198718,0.391183349475408,9.999000099990002e-05
sequence_composition_sgd,strict,low,auroc_advantage,201,0.2891731155276825,0.2789256198347108,23,0.2848476461379741,0.2633764918337635,0.3052916972252315,9.999000099990002e-05
sequence_composition_sgd,strict,medium,auprc_advantage,202,0.2545203049268252,0.2440975686267021,23,0.2612738620419382,0.2451845546377632,0.2802953982404393,9.999000099990002e-05
sequence_composition_sgd,strict,medium,model_score,202,0.3520034161333222,0.3521065789084387,23,0.3606340676964124,0.3442378771464137,0.3783217441774104,9.999000099990002e-05
sequence_composition_sgd,strict,medium,auroc_advantage,202,0.2838220781632786,0.2778641663776798,23,0.2917840439446821,0.2798662179483597,0.3061239995373144,9.999000099990002e-05
sequence_composition_sgd,strict,high,auprc_advantage,203,0.2502001617489169,0.2503217001291106,24,0.2485420802099545,0.2388201759979652,0.2581202987023273,9.999000099990002e-05
sequence_composition_sgd,strict,high,model_score,203,0.3171946997115133,0.3255329586342687,24,0.3084918532628527,0.2884767227883657,0.3265526006727015,9.999000099990002e-05
sequence_composition_sgd,strict,high,auroc_advantage,203,0.296930628358,0.2972165300546447,24,0.2959540447007867,0.286575129864573,0.3043634437180732,9.999000099990002e-05
topology_degree_sum,1hop,low,auprc_advantage,201,0.0900523906655786,0.0834925460572201,23,0.092194653965746,0.0791534931207536,0.1058948125377742,9.999000099990002e-05
topology_degree_sum,1hop,low,model_score,201,0.2162082785390741,0.2028882038159278,23,0.2417496627035004,0.1831224808778021,0.3036977403213852,9.999000099990002e-05
topology_degree_sum,1hop,low,auroc_advantage,201,0.0774413037355934,0.0747282608695651,23,0.0771523486457265,0.0658523171155026,0.0881763546052721,9.999000099990002e-05
topology_degree_sum,1hop,medium,auprc_advantage,202,0.0898463217143238,0.0873181035712498,23,0.095927619117365,0.0899316177760082,0.1025380091513843,9.999000099990002e-05
topology_degree_sum,1hop,medium,model_score,202,0.2061916463548035,0.1971423796844399,23,0.2222377616937456,0.2013764025630497,0.2433519758863274,9.999000099990002e-05
topology_degree_sum,1hop,medium,auroc_advantage,202,0.0777826377474587,0.0761316064887493,23,0.082112084106039,0.0776605449662825,0.0867331337874679,9.999000099990002e-05
topology_degree_sum,1hop,high,auprc_advantage,203,0.0961356000233793,0.0902529049011756,24,0.0953631398253838,0.0912144095912903,0.0995646306363027,9.999000099990002e-05
topology_degree_sum,1hop,high,model_score,203,0.1971032626749285,0.1842658743470324,24,0.1826036796365726,0.1585704274205985,0.205467946808365,9.999000099990002e-05
topology_degree_sum,1hop,high,auroc_advantage,203,0.0769642682181612,0.0761679479597871,24,0.0750062381789243,0.0704455861392233,0.0790613225555141,9.999000099990002e-05
topology_degree_sum,strict,low,auprc_advantage,201,-0.023631754066649,-0.0199409262002033,23,-0.0296283320682003,-0.0418972754596941,-0.0179442080170431,9.999000099990002e-05
topology_degree_sum,strict,low,model_score,201,-0.1475935430752366,-0.1573394093190225,23,-0.150000499579102,-0.1715184618531747,-0.1292357540592281,9.999000099990002e-05
topology_degree_sum,strict,low,auroc_advantage,201,-0.0183097038898546,-0.0153144346692734,23,-0.0228292465049345,-0.0331648568269028,-0.0145632150725851,9.999000099990002e-05
topology_degree_sum,strict,medium,auprc_advantage,202,-0.0187351873894881,-0.0200098857254323,23,-0.0208011255059186,-0.0313453804652681,-0.0119459150812724,0.0002999700029997
topology_degree_sum,strict,medium,model_score,202,-0.1447276494103961,-0.152872312320824,23,-0.1438590924702697,-0.1652537690251563,-0.1230667932233116,9.999000099990002e-05
topology_degree_sum,strict,medium,auroc_advantage,202,-0.0163727702933617,-0.0197714211076278,23,-0.0168032679134038,-0.0232358685905757,-0.0103827455451677,9.999000099990002e-05
topology_degree_sum,strict,high,auprc_advantage,203,-0.0291511531842053,-0.028252875808135,24,-0.0325304105997182,-0.0420137986761761,-0.0246125705408551,9.999000099990002e-05
topology_degree_sum,strict,high,model_score,203,-0.1808901027171431,-0.189768859906112,24,-0.1891939421705075,-0.2219137142077195,-0.1584181243739539,9.999000099990002e-05
topology_degree_sum,strict,high,auroc_advantage,203,-0.02444073297805,-0.0237117017811959,24,-0.0267659484262781,-0.0339562155251211,-0.0200665137476111,9.999000099990002e-05
topology_preferential_attachment,1hop,low,auprc_advantage,201,0.0709156405576233,0.0697984406643804,23,0.0707353445848297,0.05656358490484,0.0852951183132195,9.999000099990002e-05
topology_preferential_attachment,1hop,low,model_score,201,0.2383968298939149,0.2305405828419835,23,0.2506093662430146,0.1998563771877946,0.2929434410802555,9.999000099990002e-05
topology_preferential_attachment,1hop,low,auroc_advantage,201,0.124635550988348,0.1212797619047618,23,0.1208455691080207,0.102109540427623,0.1385297138544509,9.999000099990002e-05
topology_preferential_attachment,1hop,medium,auprc_advantage,202,0.0718355502342288,0.0709229211991969,23,0.0714294122816356,0.064446091765665,0.0776193516897985,9.999000099990002e-05
topology_preferential_attachment,1hop,medium,model_score,202,0.23026955477702,0.2263165953622737,23,0.245542784829039,0.2283940588230247,0.2649892124381148,9.999000099990002e-05
topology_preferential_attachment,1hop,medium,auroc_advantage,202,0.1212410354445341,0.1187047601521285,23,0.1207102993206003,0.1088947428978515,0.1299031656555039,9.999000099990002e-05
topology_preferential_attachment,1hop,high,auprc_advantage,203,0.0683234505696772,0.067360237658407,24,0.0678792511533285,0.0640387736972502,0.0719040190211743,9.999000099990002e-05
topology_preferential_attachment,1hop,high,model_score,203,0.204371342369106,0.1991394560308904,24,0.189488227187254,0.1660807589299462,0.2106505737437163,9.999000099990002e-05
topology_preferential_attachment,1hop,high,auroc_advantage,203,0.0963894405748425,0.0938568376068376,24,0.0935709073253888,0.0866746484806086,0.0997319942946921,9.999000099990002e-05
topology_preferential_attachment,strict,low,auprc_advantage,201,-0.0323945251314191,-0.0250024404844421,23,-0.0370202449527804,-0.049882971673743,-0.0255002002354576,9.999000099990002e-05
topology_preferential_attachment,strict,low,model_score,201,-0.1739821582087579,-0.1849288801814431,23,-0.1746316310084163,-0.1974329564795701,-0.1496989273541713,9.999000099990002e-05
topology_preferential_attachment,strict,low,auroc_advantage,201,-0.0244259911339388,-0.0205278592375366,23,-0.0280134615852996,-0.0393060750012869,-0.0195512157663485,9.999000099990002e-05
topology_preferential_attachment,strict,medium,auprc_advantage,202,-0.0296809013311343,-0.0269476993481886,23,-0.0320176275112549,-0.0424327641318662,-0.023343262250642,9.999000099990002e-05
topology_preferential_attachment,strict,medium,model_score,202,-0.1718145747455669,-0.1904148248594326,23,-0.1725200276385662,-0.1928353570014058,-0.1534182519007998,9.999000099990002e-05
topology_preferential_attachment,strict,medium,auroc_advantage,202,-0.024050059105912,-0.0240274162971531,23,-0.0248018709415406,-0.0311235530672882,-0.0185834492240125,9.999000099990002e-05
topology_preferential_attachment,strict,high,auprc_advantage,203,-0.0391445804120078,-0.0368294206857701,24,-0.0420123702138153,-0.0504726460533083,-0.0345601897595678,9.999000099990002e-05
topology_preferential_attachment,strict,high,model_score,203,-0.2070504281815398,-0.2206644057450066,24,-0.2139322183687309,-0.2456338308713503,-0.1839597921937713,9.999000099990002e-05
topology_preferential_attachment,strict,high,auroc_advantage,203,-0.0316924166387141,-0.0299650320188742,24,-0.0336763831864132,-0.0408234118470896,-0.0275239349822027,9.999000099990002e-05
