sample,unit,context,in_hprc,mean,std,ci95_low,ci95_high,n_runs,n_folds,undefined_runs
HG00096,donor,1hop,False,0.04043173552842542,0.005427352627258662,0.036114214107564255,0.04474675225347377,15,5,0
HG00096,donor,strict,False,0.03422313988111239,0.00486763105198675,0.030173661987634926,0.038085687336545736,15,5,0
HG00096,haplotype_1,1hop,False,0.03986134050307508,0.00560319393011328,0.035393822496521274,0.044399650239141907,15,5,0
HG00096,haplotype_1,strict,False,0.034629473194835246,0.005396030744483309,0.030199763668570075,0.03890179099903311,15,5,0
HG00096,haplotype_2,1hop,False,0.03957307628760507,0.0058668962439877735,0.03473248422896991,0.044063990169211746,15,5,0
HG00096,haplotype_2,strict,False,0.03410273915087754,0.004049315249365389,0.030624788244412993,0.03726780685012138,15,5,0
HG00171,donor,1hop,False,0.041128187260057,0.0047280178629110405,0.03738156135284594,0.04490334196558375,15,5,0
HG00171,donor,strict,False,0.034353280978529285,0.0022991851541464617,0.032523690704500195,0.03604591919838525,15,5,0
HG00171,haplotype_1,1hop,False,0.04011761496849769,0.004682801399553215,0.03633742068817676,0.0438080708748938,15,5,0
HG00171,haplotype_1,strict,False,0.03407298738272394,0.0026237293588155484,0.031957204217933625,0.0360990280892944,15,5,0
HG00171,haplotype_2,1hop,False,0.04041367166666447,0.0051095286835868515,0.036399935874466716,0.04459575573717831,15,5,0
HG00171,haplotype_2,strict,False,0.03394860892359614,0.00320817622328374,0.03150312091644943,0.03662849167147646,15,5,0
HG00268,donor,1hop,False,0.04007201718322381,0.006619478226163485,0.034763751465037684,0.04528134267070077,15,5,0
HG00268,donor,strict,False,0.03492703092394485,0.005186687575915971,0.030492565679886282,0.038867557005187,15,5,0
HG00268,haplotype_1,1hop,False,0.038538133720925204,0.006738128842054377,0.03279817140142306,0.04384732509597579,15,5,0
HG00268,haplotype_1,strict,False,0.03442395495015006,0.005680332016926547,0.029467507935460924,0.03872090812383652,15,5,0
HG00268,haplotype_2,1hop,False,0.03876713316028168,0.007327394447506321,0.03329207432593291,0.04433339535493321,15,5,0
HG00268,haplotype_2,strict,False,0.0342390821796474,0.005972909451047363,0.029267882021400415,0.038797256298073866,15,5,0
HG00358,donor,1hop,False,0.04142791757348987,0.007133451483404265,0.03627848361977867,0.04709155339386525,15,5,0
HG00358,donor,strict,False,0.03503210218294643,0.004037391694814976,0.03192460913612302,0.03829458786465566,15,5,0
HG00358,haplotype_1,1hop,False,0.038499478470158034,0.006897792635677992,0.03279089557613894,0.044181269436044286,15,5,0
HG00358,haplotype_1,strict,False,0.03325823202691181,0.003549672261351706,0.030473184480666302,0.035935198420927274,15,5,0
HG00358,haplotype_2,1hop,False,0.0408074778838747,0.008066125658753136,0.03493863509146892,0.046693136971332365,15,5,0
HG00358,haplotype_2,strict,False,0.034870663225554654,0.003895200224463651,0.031941104603233246,0.03804859448810452,15,5,0
HG00512,donor,1hop,False,0.04406279756803027,0.008698848177842845,0.038074466086227755,0.05103164168732775,15,5,0
HG00512,donor,strict,False,0.036908252744044474,0.00624985913635654,0.03204149941453998,0.04223253991285184,15,5,0
HG00512,haplotype_1,1hop,False,0.04371621772437541,0.008802881916834739,0.037776453621911676,0.05066480319921354,15,5,0
HG00512,haplotype_1,strict,False,0.03724203448156444,0.00645208236200655,0.03230677056710037,0.04274008948282623,15,5,0
HG00512,haplotype_2,1hop,False,0.04282563984069771,0.008431859487145475,0.03672349900873139,0.049509349032144864,15,5,0
HG00512,haplotype_2,strict,False,0.036412468011303586,0.006356725148141275,0.031378752212841324,0.04177332106600034,15,5,0
HG00513,donor,1hop,False,0.043051075495230046,0.006828154511088197,0.03835128001509308,0.048114438674225796,15,5,0
HG00513,donor,strict,False,0.0360431252865254,0.0045045480400026545,0.032398378030506506,0.03985107849298443,15,5,0
HG00513,haplotype_1,1hop,False,0.0425511545732379,0.006356311885616611,0.03809834130878686,0.04724705924355449,15,5,0
HG00513,haplotype_1,strict,False,0.034952296996149684,0.005462795540271707,0.03052972895612446,0.039567921370032455,15,5,0
HG00513,haplotype_2,1hop,False,0.042045627932997,0.0075623717855778354,0.036498995234048905,0.04764135702995472,15,5,0
HG00513,haplotype_2,strict,False,0.036237100363035055,0.004723942016741502,0.03247029165850208,0.04021369583334839,15,5,0
HG00514,donor,1hop,False,0.04253478160546886,0.00412327420214009,0.039093505739043334,0.04584916977728139,15,5,0
HG00514,donor,strict,False,0.035218323096105716,0.0032932542521311226,0.03254580404849944,0.037708990721085876,15,5,0
HG00514,haplotype_1,1hop,False,0.040857066293040464,0.006311431484313124,0.03637308036631353,0.046502969942098085,15,5,0
HG00514,haplotype_1,strict,False,0.03406912230890709,0.005067675157114304,0.03021523018155915,0.03839992714781976,15,5,0
HG00514,haplotype_2,1hop,False,0.041850516877763644,0.005339730468783613,0.03695240095916596,0.04560125240100566,15,5,0
HG00514,haplotype_2,strict,False,0.03473516083501465,0.004524799126411954,0.030762324118902954,0.0380065106797773,15,5,0
HG00731,donor,1hop,False,0.04173650334354044,0.006260078869561958,0.03695531047312902,0.04653448565516941,15,5,0
HG00731,donor,strict,False,0.03607859730470315,0.004740424555988136,0.03219005960213958,0.03983039368736133,15,5,0
HG00731,haplotype_1,1hop,False,0.0381943299934792,0.005704766825016881,0.033746631854586207,0.042954943518711396,15,5,0
HG00731,haplotype_1,strict,False,0.03230108751488307,0.004030763784329681,0.028993100064778954,0.03542737667377045,15,5,0
HG00731,haplotype_2,1hop,False,0.04231024631225687,0.007014727069090073,0.03739412183666717,0.047754030793512134,15,5,0
HG00731,haplotype_2,strict,False,0.037299806195237824,0.006433813963037203,0.032439477695070024,0.04296891602513643,15,5,0
HG00732,donor,1hop,False,0.040526580138360864,0.0036326373861279423,0.03758037661569417,0.04328698597015065,15,5,0
HG00732,donor,strict,False,0.03345333985361569,0.002657822908241416,0.03148374066762852,0.035525130876011654,15,5,0
HG00732,haplotype_1,1hop,False,0.04056619100615675,0.005347565138656769,0.03556282510437495,0.04420720414592394,15,5,0
HG00732,haplotype_1,strict,False,0.0343598555040386,0.00371725744998812,0.03120099130099476,0.037175350971958045,15,5,0
HG00732,haplotype_2,1hop,False,0.03887416060372522,0.005755425241820334,0.034402393416164044,0.04366657456660427,15,5,0
HG00732,haplotype_2,strict,False,0.03226382689223722,0.0037576061185436603,0.029695300491643352,0.03557649510454161,15,5,0
HG00733,donor,1hop,True,0.04157510809980637,0.004417738831820081,0.038213229641650866,0.04515158786217663,15,5,0
HG00733,donor,strict,True,0.0348377002908951,0.0030620934100660164,0.03268207617110246,0.03739945922184609,15,5,0
HG00733,haplotype_1,1hop,True,0.04086721099103443,0.005370302900438634,0.03681484557062237,0.045304074027146785,15,5,0
HG00733,haplotype_1,strict,True,0.035070452337883674,0.003553148420935695,0.032457261488802826,0.03797026323289184,15,5,0
HG00733,haplotype_2,1hop,True,0.03948220405044303,0.005193594807917513,0.03533622592098164,0.0438536811130578,15,5,0
HG00733,haplotype_2,strict,True,0.03343502817639407,0.004183560970209804,0.030195521876525706,0.036895057358297983,15,5,0
HG00864,donor,1hop,False,0.040806547306039345,0.0053356685848445,0.03657328435004662,0.045124335154345316,15,5,0
HG00864,donor,strict,False,0.03453838133343456,0.0037697393107583724,0.03132807412716495,0.03740409948098937,15,5,0
HG00864,haplotype_1,1hop,False,0.03946705125827542,0.005706976020741361,0.03529395328997862,0.044122653535150616,15,5,0
HG00864,haplotype_1,strict,False,0.03476997595354742,0.004309268470246032,0.031236810640715446,0.038274806371437896,15,5,0
HG00864,haplotype_2,1hop,False,0.03997332166618022,0.005351783666532044,0.0356972327742065,0.044263498524434335,15,5,0
HG00864,haplotype_2,strict,False,0.03300170630463211,0.004089200051245852,0.029694077642351994,0.03626093741485228,15,5,0
HG01114,donor,1hop,False,0.04180139944299489,0.005370417439811974,0.037886135062286795,0.0460712226920414,15,5,0
HG01114,donor,strict,False,0.03541367558322479,0.0047457949212669085,0.03178015057584926,0.039438015580415195,15,5,0
HG01114,haplotype_1,1hop,False,0.04217467470512483,0.006526714750443388,0.03725687584712712,0.04759294042789418,15,5,0
HG01114,haplotype_1,strict,False,0.036466048859717284,0.006093003962623384,0.03184986895506623,0.041718349189860005,15,5,0
HG01114,haplotype_2,1hop,False,0.04020890543917578,0.008022219753306548,0.03391920813069543,0.04671976326774756,15,5,0
HG01114,haplotype_2,strict,False,0.03437699726883298,0.006738155060685319,0.029062684364729488,0.04020629670957751,15,5,0
HG01352,donor,1hop,False,0.04165725798628453,0.006197913502207674,0.03735807434549055,0.04629531712260539,15,5,0
HG01352,donor,strict,False,0.03587163251417116,0.005072071057128253,0.03172576638746595,0.039888419931721666,15,5,0
HG01352,haplotype_1,1hop,False,0.04260666711832699,0.005873331315442762,0.037962328158445975,0.046346918982427064,15,5,0
HG01352,haplotype_1,strict,False,0.03706095129030929,0.0041075649733472155,0.03335167183639034,0.03989726531486577,15,5,0
HG01352,haplotype_2,1hop,False,0.0391454304134452,0.0081983336826867,0.033169943363479566,0.04580214139449633,15,5,0
HG01352,haplotype_2,strict,False,0.03428420993928707,0.0074196826379343776,0.02831127379947202,0.04035323031883832,15,5,0
HG01457,donor,1hop,False,0.04002946357432602,0.00505199873290049,0.036709416554252514,0.04381235856188297,15,5,0
HG01457,donor,strict,False,0.0349214104173369,0.0034101369329933694,0.032138760775493394,0.03748353267043822,15,5,0
HG01457,haplotype_1,1hop,False,0.03821403051909485,0.00482167758978113,0.03469811961448565,0.042371041225943505,15,5,0
HG01457,haplotype_1,strict,False,0.03299408282190922,0.003681904261255594,0.030397082271656505,0.036059798540484925,15,5,0
HG01457,haplotype_2,1hop,False,0.03963013977259338,0.005919592242469199,0.03617989351427135,0.0436710424062822,15,5,0
HG01457,haplotype_2,strict,False,0.03551200865512922,0.005274687987951594,0.030903731785863812,0.039706291044604006,15,5,0
HG01505,donor,1hop,False,0.04080941652843686,0.005340676407919085,0.03691750940068198,0.0452225804876382,15,5,0
HG01505,donor,strict,False,0.03483489505553177,0.003257034206242727,0.03230540364582635,0.037431093024104176,15,5,0
HG01505,haplotype_1,1hop,False,0.03892426780450601,0.005016874985243637,0.035060074832148534,0.04317199102760196,15,5,0
HG01505,haplotype_1,strict,False,0.03433069416964171,0.0031235383381356943,0.03170879080737644,0.03667810476595122,15,5,0
HG01505,haplotype_2,1hop,False,0.03951852564739611,0.0055779155773788905,0.03558699467501331,0.04398481228450972,15,5,0
HG01505,haplotype_2,strict,False,0.03344417546723221,0.004038204148377499,0.030288192798106038,0.03675711218985894,15,5,0
HG01573,donor,1hop,False,0.040585871672283905,0.007243216228373217,0.03456130194766993,0.04617921786946358,15,5,0
HG01573,donor,strict,False,0.03495344516673051,0.0034837143168041447,0.03217770834779727,0.037747832107027306,15,5,0
HG01573,haplotype_1,1hop,False,0.04008979083255163,0.0056700606366575975,0.03509010473686049,0.044531984054073534,15,5,0
HG01573,haplotype_1,strict,False,0.03487456917639096,0.003524315234989051,0.03204041654304009,0.03754342971081183,15,5,0
HG01573,haplotype_2,1hop,False,0.04016924452561629,0.008139449801739992,0.03418891830417745,0.04658807468507062,15,5,0
HG01573,haplotype_2,strict,False,0.03470681213628577,0.005137263533001274,0.030764644303784353,0.03913664672620966,15,5,0
HG01596,donor,1hop,False,0.041580467515052864,0.009043549900839002,0.03547262603559828,0.0490267001512163,15,5,0
HG01596,donor,strict,False,0.035791028734068926,0.005825114025511896,0.031533642550978486,0.04090862713676154,15,5,0
HG01596,haplotype_1,1hop,False,0.044485371865150176,0.008696019626222956,0.03893843787516065,0.051819783013069526,15,5,0
HG01596,haplotype_1,strict,False,0.037195237784009336,0.006981087706975714,0.03233095740382071,0.04361143101986867,15,5,0
HG01596,haplotype_2,1hop,False,0.03856797097122191,0.008757254463400317,0.03226338482583426,0.04563785630825597,15,5,0
HG01596,haplotype_2,strict,False,0.034873712820638655,0.005476152226728606,0.03037932428647803,0.039306391902918264,15,5,0
HG01890,donor,1hop,False,0.045204741899219116,0.006414286406172687,0.04025892799495017,0.050244213107664436,15,5,0
HG01890,donor,strict,False,0.03822315586667106,0.004259368145968747,0.03475462361022051,0.04151683863217217,15,5,0
HG01890,haplotype_1,1hop,False,0.04421960067174844,0.007432456271643314,0.03886622069748333,0.050136210718239704,15,5,0
HG01890,haplotype_1,strict,False,0.03862386985247801,0.00565695679762493,0.03398261791137954,0.043106582689161,15,5,0
HG01890,haplotype_2,1hop,False,0.04319921289336193,0.00691390598670993,0.03775177406360407,0.048901464728177114,15,5,0
HG01890,haplotype_2,strict,False,0.036457169049769596,0.004423981396092974,0.03286422465319049,0.0400019971093586,15,5,0
HG02011,donor,1hop,False,0.04486718352152245,0.0054736585251993815,0.040748118585756034,0.04914492486433653,15,5,0
HG02011,donor,strict,False,0.03791169178897581,0.0029613185185054505,0.035783617914173636,0.04026037444435976,15,5,0
HG02011,haplotype_1,1hop,False,0.04340630989698079,0.008087772216842558,0.03757118012120302,0.04972920457088407,15,5,0
HG02011,haplotype_1,strict,False,0.037914100282937443,0.005516368270759391,0.034164189981110295,0.04295533327847762,15,5,0
HG02011,haplotype_2,1hop,False,0.04445710574904648,0.0039555968489616965,0.04107224802757214,0.04763424500885935,15,5,0
HG02011,haplotype_2,strict,False,0.03784574370715592,0.002942523650677228,0.03551046024254759,0.040063776453739756,15,5,0
HG02018,donor,1hop,False,0.041183413210329936,0.005688228224743151,0.03713358363189032,0.04586357178764554,15,5,0
HG02018,donor,strict,False,0.03412406864575971,0.00402041408211202,0.030947629929838093,0.03745984414841266,15,5,0
HG02018,haplotype_1,1hop,False,0.039321425336047204,0.004511008754042464,0.03570837629868581,0.04295326914931828,15,5,0
HG02018,haplotype_1,strict,False,0.03274951721663753,0.0031471521330584873,0.030343168492235357,0.035266040922007684,15,5,0
HG02018,haplotype_2,1hop,False,0.04015764941817737,0.006617224882261307,0.03598512254715339,0.04565159025427286,15,5,0
HG02018,haplotype_2,strict,False,0.03287872072633861,0.0057886216595274724,0.02847948710315532,0.037994808740127624,15,5,0
HG02059,donor,1hop,False,0.040811363075820166,0.004949255264649397,0.03691756351571323,0.044852602203540475,15,5,0
HG02059,donor,strict,False,0.0345652886887204,0.0028390854490778403,0.0323977653144784,0.03690657031662935,15,5,0
HG02059,haplotype_1,1hop,False,0.04112853567874365,0.0055050909802857075,0.03607070577763364,0.045174994830193424,15,5,0
HG02059,haplotype_1,strict,False,0.0338096475247661,0.002798889885070746,0.03137102967691936,0.03577623517702566,15,5,0
HG02059,haplotype_2,1hop,False,0.03968979057682573,0.006170573998330425,0.03453050191340342,0.044576037535157265,15,5,0
HG02059,haplotype_2,strict,False,0.035168498250528216,0.0042066971499557515,0.0317748458986607,0.03853450496997042,15,5,0
HG02106,donor,1hop,False,0.0406214041190396,0.006153093677476781,0.03596132974141497,0.045499455720753285,15,5,0
HG02106,donor,strict,False,0.03550625195596366,0.0037332498967090535,0.03251591268728542,0.03846053121210439,15,5,0
HG02106,haplotype_1,1hop,False,0.040491157945596136,0.00823504756373004,0.03463526854198211,0.04715686341600216,15,5,0
HG02106,haplotype_1,strict,False,0.03697326642110231,0.006554472870305848,0.03171410742518138,0.042475878295924197,15,5,0
HG02106,haplotype_2,1hop,False,0.040556150663358936,0.0044936666321822374,0.037124079017848664,0.04453369511633618,15,5,0
HG02106,haplotype_2,strict,False,0.03367603789233437,0.003545500910510076,0.03100191095245641,0.03663987859326162,15,5,0
HG02282,donor,1hop,False,0.044841518903758454,0.005487001635061968,0.04114670074471842,0.04847375098610621,15,5,0
HG02282,donor,strict,False,0.03947082214853622,0.004123322685475413,0.03584733218243673,0.042400436367891044,15,5,0
HG02282,haplotype_1,1hop,False,0.04417227347356693,0.006924548520215073,0.03934443625284832,0.04907492206106731,15,5,0
HG02282,haplotype_1,strict,False,0.03864828635928926,0.00548566372795727,0.03352454535310371,0.04282379816230328,15,5,0
HG02282,haplotype_2,1hop,False,0.044460599796285374,0.005662497117330981,0.04036489032090061,0.04822039302953328,15,5,0
HG02282,haplotype_2,strict,False,0.040471394841888705,0.004221428460404408,0.03695055174489772,0.04355952232028317,15,5,0
HG02492,donor,1hop,False,0.04421669728356747,0.006105835510338816,0.040123821747602165,0.048575512721836675,15,5,0
HG02492,donor,strict,False,0.03813222459960943,0.004952983031621919,0.033788090103478885,0.04190932377889853,15,5,0
HG02492,haplotype_1,1hop,False,0.04386681912863685,0.008529433668046055,0.03826810838337489,0.05075210581326438,15,5,0
HG02492,haplotype_1,strict,False,0.038212797689013055,0.006510504026272831,0.03293572121913246,0.04347636951565598,15,5,0
HG02492,haplotype_2,1hop,False,0.0415758948443582,0.0059859010681069915,0.03696422941609905,0.04610532842658541,15,5,0
HG02492,haplotype_2,strict,False,0.03561961418092159,0.004968364011099343,0.031312724944853536,0.039420261192698,15,5,0
HG02554,donor,1hop,False,0.044385026725359066,0.005681566643131008,0.04037296318982615,0.048657721264184536,15,5,0
HG02554,donor,strict,False,0.03829736602965504,0.004096044223743769,0.03468356169147043,0.041285427425757706,15,5,0
HG02554,haplotype_1,1hop,False,0.04440064589898394,0.006120153905811271,0.03988832296496287,0.04907566093496384,15,5,0
HG02554,haplotype_1,strict,False,0.0398344376817695,0.00489615820075567,0.0355086652327355,0.04344555192223302,15,5,0
HG02554,haplotype_2,1hop,False,0.04307764934682311,0.006339603220701974,0.03846846520510057,0.047687276824752406,15,5,0
HG02554,haplotype_2,strict,False,0.037573575814315426,0.00488240910674302,0.033244318431666725,0.04108882762070105,15,5,0
HG02587,donor,1hop,False,0.04327545989680161,0.004482920857098555,0.04015274598235838,0.04681244809888638,15,5,0
HG02587,donor,strict,False,0.037647865439608616,0.003339399173296729,0.0348456027847664,0.04003539643576403,15,5,0
HG02587,haplotype_1,1hop,False,0.042572888965750386,0.006623612106843217,0.03789144969646314,0.04773586503914044,15,5,0
HG02587,haplotype_1,strict,False,0.038184454152989114,0.004811942656102839,0.03418142987531656,0.04198994658303443,15,5,0
HG02587,haplotype_2,1hop,False,0.04197955083052688,0.004242381633619695,0.03848912058607731,0.045325897636599624,15,5,0
HG02587,haplotype_2,strict,False,0.036754896397853815,0.0034139591515943693,0.0336542657313518,0.03883300326922057,15,5,0
HG02666,donor,1hop,False,0.044537150972457966,0.0051926167542593535,0.04036675861413126,0.048735768106004294,15,5,0
HG02666,donor,strict,False,0.038272404111061115,0.0034828981803466928,0.03553449734744851,0.040994213846741144,15,5,0
HG02666,haplotype_1,1hop,False,0.0430582634055224,0.005253370584467642,0.03883434422865665,0.04741141185051223,15,5,0
HG02666,haplotype_1,strict,False,0.03783084883129011,0.004522070865477885,0.03418778909531404,0.041518080665863155,15,5,0
HG02666,haplotype_2,1hop,False,0.043762508057045665,0.0049939172155266005,0.03968861661608732,0.047789091886947827,15,5,0
HG02666,haplotype_2,strict,False,0.03803333092548987,0.002941982269537657,0.03593106723338832,0.04031215591903447,15,5,0
HG02769,donor,1hop,False,0.043515926269604835,0.00529540488199241,0.03919192323149562,0.04775308570908899,15,5,0
HG02769,donor,strict,False,0.037005777439845185,0.002479472087441194,0.03512035379521953,0.03896198993075812,15,5,0
HG02769,haplotype_1,1hop,False,0.04419831630338486,0.006872906899740944,0.03827486753424987,0.04957665917671061,15,5,0
HG02769,haplotype_1,strict,False,0.03823290761876356,0.0042856414837589675,0.03449108714981311,0.04138374568755082,15,5,0
HG02769,haplotype_2,1hop,False,0.042448314031707575,0.004353799926102154,0.038867881556416864,0.04591914720603763,15,5,0
HG02769,haplotype_2,strict,False,0.03644006806537199,0.003127697158457278,0.03390154151956101,0.03880771447426949,15,5,0
HG02818,donor,1hop,True,0.04594094195215278,0.0033671404655120927,0.04326233260824763,0.04839300493184872,15,5,0
HG02818,donor,strict,True,0.038845613700434836,0.0032292019688343796,0.03623661710093927,0.04126419366807627,15,5,0
HG02818,haplotype_1,1hop,True,0.04280092988506982,0.0057180973677154546,0.03864095524969452,0.04769726033708055,15,5,0
HG02818,haplotype_1,strict,True,0.03757234855850537,0.006006642282450692,0.03319364728903881,0.042924899086771745,15,5,0
HG02818,haplotype_2,1hop,True,0.04533480961565346,0.002470998131821399,0.04350453651713249,0.04707692854159002,15,5,0
HG02818,haplotype_2,strict,True,0.0382950532173418,0.0028790743471834492,0.03611722719549316,0.04053988033993667,15,5,0
HG02953,donor,1hop,False,0.045037531960905736,0.006187903014692805,0.04115270766917897,0.050372548313456146,15,5,0
HG02953,donor,strict,False,0.03836836076582311,0.005392938278212155,0.03451849774527995,0.04327137793807688,15,5,0
HG02953,haplotype_1,1hop,False,0.04465939127851225,0.007540165553681674,0.03969639102833236,0.051042887310120966,15,5,0
HG02953,haplotype_1,strict,False,0.04003303645621521,0.0077908642934711204,0.03478010832369581,0.04734210553455199,15,5,0
HG02953,haplotype_2,1hop,False,0.04284798416551254,0.0044713852134566886,0.03918332990706238,0.04641802614774905,15,5,0
HG02953,haplotype_2,strict,False,0.0355601873606664,0.0038817111937878325,0.03240480563567395,0.038581446668044896,15,5,0
HG03009,donor,1hop,False,0.04237874202622383,0.005865965760196043,0.03785956146001081,0.04702941547676831,15,5,0
HG03009,donor,strict,False,0.03589495592511064,0.003733186267026812,0.032813230348924805,0.03886396688728205,15,5,0
HG03009,haplotype_1,1hop,False,0.041585683284952296,0.0069255136061318195,0.03598817673991422,0.047233645737500295,15,5,0
HG03009,haplotype_1,strict,False,0.03552195569787161,0.003971627086673362,0.03198065009427257,0.038403476183095295,15,5,0
HG03009,haplotype_2,1hop,False,0.04104183658553297,0.004800106041877877,0.03744943773921737,0.04450168560936746,15,5,0
HG03009,haplotype_2,strict,False,0.035613460393545265,0.0035210461382921606,0.032791816381988415,0.03847043431903377,15,5,0
HG03065,donor,1hop,False,0.04595452401877222,0.005492784286116917,0.041955345914635574,0.05032837928697278,15,5,0
HG03065,donor,strict,False,0.04036926679570073,0.0049591344106332935,0.036217321853690226,0.04423632613550828,15,5,0
HG03065,haplotype_1,1hop,False,0.04433465546294695,0.004527467853225893,0.040859516616088054,0.048063463652121594,15,5,0
HG03065,haplotype_1,strict,False,0.03846947257771734,0.004519849868190784,0.03457578607074609,0.04186902731065205,15,5,0
HG03065,haplotype_2,1hop,False,0.04576526930168455,0.005529241492527334,0.04198919918306539,0.0497193496220525,15,5,0
HG03065,haplotype_2,strict,False,0.04159837208298956,0.0050239290325004935,0.03745078664054582,0.045572973223510116,15,5,0
HG03248,donor,1hop,False,0.04438546582338828,0.0058023454610358835,0.04047850702221966,0.04928117601812222,15,5,0
HG03248,donor,strict,False,0.03775251599499331,0.004623059169340424,0.034057561850238095,0.0415528796019933,15,5,0
HG03248,haplotype_1,1hop,False,0.0436200384446768,0.0031975413576239902,0.041399915112519274,0.04636999774805157,15,5,0
HG03248,haplotype_1,strict,False,0.03791074661740744,0.0035832573942576277,0.03549824794671207,0.04090511742768049,15,5,0
HG03248,haplotype_2,1hop,False,0.04328661779939454,0.00816309975913691,0.037288713573160256,0.05014555674862876,15,5,0
HG03248,haplotype_2,strict,False,0.037924637375154176,0.006745540512497741,0.03224936930705054,0.04339495125183276,15,5,0
HG03371,donor,1hop,False,0.04446580245250484,0.007083919876746904,0.039008602110211295,0.05023166565343027,15,5,0
HG03371,donor,strict,False,0.03898112794163109,0.005388161318811664,0.03500713721425216,0.043631616288540113,15,5,0
HG03371,haplotype_1,1hop,False,0.0421576734024365,0.0052532269899371944,0.03806410213860647,0.04683687021574185,15,5,0
HG03371,haplotype_1,strict,False,0.03712583863071762,0.004915629430696049,0.03364041981938829,0.04144039217384385,15,5,0
HG03371,haplotype_2,1hop,False,0.043835200202704934,0.00815242177485257,0.03772884398038157,0.050388628396810485,15,5,0
HG03371,haplotype_2,strict,False,0.039958431447439186,0.006121047484011927,0.03523013804038055,0.04514420278579801,15,5,0
HG03452,donor,1hop,False,0.04317966991643928,0.003537864044509108,0.040837145989340094,0.046411159367409825,15,5,0
HG03452,donor,strict,False,0.03563444469625137,0.0026722003470482755,0.033751673776094115,0.03791303493079904,15,5,0
HG03452,haplotype_1,1hop,False,0.041047047365208894,0.003928656995777259,0.03807032429904942,0.04435679715837216,15,5,0
HG03452,haplotype_1,strict,False,0.03587252635514122,0.002905258153608803,0.03368799605747574,0.038216712337597165,15,5,0
HG03452,haplotype_2,1hop,False,0.04272738926243756,0.003151251861700881,0.04048937895749496,0.04555609676710441,15,5,0
HG03452,haplotype_2,strict,False,0.03487926801067871,0.0028727492752349177,0.03262378894343263,0.03711586099247788,15,5,0
HG03456,donor,1hop,False,0.04664880898179912,0.005514416200836515,0.043105691347703035,0.050892307529878784,15,5,0
HG03456,donor,strict,False,0.03947649379489138,0.004109696504225825,0.03625149520126869,0.042884673577913104,15,5,0
HG03456,haplotype_1,1hop,False,0.04465082353592541,0.004420620867694711,0.041506447086518544,0.048220012836792246,15,5,0
HG03456,haplotype_1,strict,False,0.0387863799959796,0.003998202811579949,0.03606176283556069,0.042476106353276526,15,5,0
HG03456,haplotype_2,1hop,False,0.04552908060240686,0.007097026814912405,0.040334471693936474,0.05099987925237065,15,5,0
HG03456,haplotype_2,strict,False,0.039903701145790775,0.006543116289923192,0.0341977507739365,0.044991601059474265,15,5,0
HG03520,donor,1hop,False,0.04361504442051747,0.0029205333881945758,0.04138839149692289,0.046073313304154116,15,5,0
HG03520,donor,strict,False,0.03736331428625575,0.0023406635175424427,0.035616656430793744,0.03905152722599058,15,5,0
HG03520,haplotype_1,1hop,False,0.0443697058382033,0.0037888036819558957,0.04150364058977012,0.0475596355304986,15,5,0
HG03520,haplotype_1,strict,False,0.03854680217564292,0.0036520649813276524,0.03559893228945889,0.041474338958155846,15,5,0
HG03520,haplotype_2,1hop,False,0.041992407981656044,0.0037370525595386015,0.038919659402343924,0.04499101537717129,15,5,0
HG03520,haplotype_2,strict,False,0.036507707658354656,0.0032609972734218918,0.03383370421163705,0.03889660778146167,15,5,0
HG03683,donor,1hop,False,0.042213450665316704,0.004871849216628479,0.03865465601151615,0.04601889238474857,15,5,0
HG03683,donor,strict,False,0.034667928676314366,0.004027190943243445,0.031478385742032315,0.03798642286893626,15,5,0
HG03683,haplotype_1,1hop,False,0.0405962389542832,0.005287632984378333,0.03609813401991161,0.04476439305974067,15,5,0
HG03683,haplotype_1,strict,False,0.03349808154445009,0.0036277547850865535,0.030553461567580046,0.036367210541641375,15,5,0
HG03683,haplotype_2,1hop,False,0.04174459476472424,0.006526950677983931,0.037152589744727155,0.04692249716358499,15,5,0
HG03683,haplotype_2,strict,False,0.03491045816223161,0.005602723015068137,0.03058534614313882,0.0397879969651055,15,5,0
HG03732,donor,1hop,False,0.03970974717940748,0.006756759597432387,0.03505103885811937,0.045030741509052286,15,5,0
HG03732,donor,strict,False,0.03466283131197482,0.00456553826728678,0.031021294861897638,0.038401719610897264,15,5,0
HG03732,haplotype_1,1hop,False,0.041341097237456506,0.007997982035495,0.03522101891902133,0.047413388196277675,15,5,0
HG03732,haplotype_1,strict,False,0.036128646791225155,0.005236489006506932,0.03178487506197152,0.040448904740569745,15,5,0
HG03732,haplotype_2,1hop,False,0.03695235589329527,0.006301444103989086,0.03203870419244131,0.04224966579029589,15,5,0
HG03732,haplotype_2,strict,False,0.03294124988725988,0.004700589428822538,0.029147702490886194,0.03684257128351776,15,5,0
HG03807,donor,1hop,False,0.042633276614539924,0.004099569259531873,0.03946533569204167,0.04604043679418279,15,5,0
HG03807,donor,strict,False,0.03583637234210262,0.003825901510726907,0.03302341281588002,0.039104716372818135,15,5,0
HG03807,haplotype_1,1hop,False,0.04108486224937637,0.004864633873304185,0.03722012015898918,0.045102095357248635,15,5,0
HG03807,haplotype_1,strict,False,0.035504757192100354,0.004283727009191946,0.032047931756236804,0.03895314011349901,15,5,0
HG03807,haplotype_2,1hop,False,0.04096108932048527,0.00339814045083654,0.03826662003387549,0.04376193221526481,15,5,0
HG03807,haplotype_2,strict,False,0.03430054848120127,0.0037098878003497255,0.03140652626041473,0.0374897619361293,15,5,0
HG04036,donor,1hop,False,0.04175656191689644,0.008905740033308926,0.035151256567654256,0.04888524281621364,15,5,0
HG04036,donor,strict,False,0.034635380564258474,0.006369277381634216,0.029472745518586814,0.039889671468565584,15,5,0
HG04036,haplotype_1,1hop,False,0.03941217011372822,0.008068107790025657,0.033640660266576326,0.04600955505566,15,5,0
HG04036,haplotype_1,strict,False,0.033200546595926306,0.005452606746107794,0.028854524166737196,0.0377101219315013,15,5,0
HG04036,haplotype_2,1hop,False,0.04237711858786955,0.01002654388143665,0.03428286589904426,0.050298087483690926,15,5,0
HG04036,haplotype_2,strict,False,0.03616880619213504,0.008191434740290791,0.02934141375117903,0.04305965045555203,15,5,0
HG04217,donor,1hop,False,0.039651079054847514,0.005148949744646247,0.03615812999836388,0.04359649012922185,15,5,0
HG04217,donor,strict,False,0.035101966143991,0.003658459021007431,0.03205618259370655,0.03803813246438892,15,5,0
HG04217,haplotype_1,1hop,False,0.038423600916415016,0.006139814081662889,0.03412773082231646,0.04344476324914799,15,5,0
HG04217,haplotype_1,strict,False,0.03470508071910123,0.0049932191014138904,0.030601100183803572,0.03881389218488284,15,5,0
HG04217,haplotype_2,1hop,False,0.04044877615382138,0.0063427080740222986,0.03562550582257458,0.04527344198593891,15,5,0
HG04217,haplotype_2,strict,False,0.035369976251138885,0.004170631916046764,0.03160172382067748,0.03843803852489277,15,5,0
NA12329,donor,1hop,False,0.0428220974825088,0.007568830813900519,0.03742648075790373,0.0489128587588215,15,5,0
NA12329,donor,strict,False,0.03589318062119668,0.0050413660106904765,0.03173632669406507,0.03994749512848495,15,5,0
NA12329,haplotype_1,1hop,False,0.04210966656820471,0.008010209956561239,0.03673377428365308,0.048839095092628494,15,5,0
NA12329,haplotype_1,strict,False,0.035678913053068945,0.006215403784074722,0.030784772586867744,0.040988395955489476,15,5,0
NA12329,haplotype_2,1hop,False,0.04146567319031257,0.009141733694006343,0.03455106999770526,0.04917420852896167,15,5,0
NA12329,haplotype_2,strict,False,0.036009439381958976,0.005586945906197169,0.03138866451616358,0.04057036803699327,15,5,0
NA18534,donor,1hop,False,0.043064223239334225,0.0063935698062751204,0.038367296226243165,0.0481491583047149,15,5,0
NA18534,donor,strict,False,0.03700973069571343,0.005004286712542403,0.032893190947791695,0.04100639713720702,15,5,0
NA18534,haplotype_1,1hop,False,0.04232597497906203,0.004277620306904648,0.03873433518639426,0.045631463020895074,15,5,0
NA18534,haplotype_1,strict,False,0.035934918871701034,0.0034144176447603075,0.03316152014092774,0.03847707962046065,15,5,0
NA18534,haplotype_2,1hop,False,0.04126006197268008,0.007436973694294403,0.03568918612788707,0.04701609271771642,15,5,0
NA18534,haplotype_2,strict,False,0.03646759060922488,0.006036122653271819,0.031468328177273096,0.04132807451642657,15,5,0
NA18939,donor,1hop,False,0.04317836140864401,0.008095694236566583,0.03714573974853823,0.04929411490188009,15,5,0
NA18939,donor,strict,False,0.03677972551091332,0.005173572771014116,0.03212753757424519,0.040944225445417426,15,5,0
NA18939,haplotype_1,1hop,False,0.04204615808765117,0.008240030995893502,0.03618775391198732,0.048503426857832044,15,5,0
NA18939,haplotype_1,strict,False,0.036945494259659824,0.0060054206278192445,0.03217787817133598,0.0419559494453363,15,5,0
NA18939,haplotype_2,1hop,False,0.042436598116614474,0.008964244142243416,0.035312668308938644,0.04884754608888995,15,5,0
NA18939,haplotype_2,strict,False,0.03689928262477205,0.0058393487594547685,0.03141408773722647,0.040948813547935996,15,5,0
NA18989,donor,1hop,False,0.04250741969710202,0.00567337982321453,0.03871636026886828,0.04709858856134159,15,5,0
NA18989,donor,strict,False,0.03546528540131414,0.0037481901992840257,0.03271318965198249,0.03861255273184703,15,5,0
NA18989,haplotype_1,1hop,False,0.042408434754745636,0.0073146173173160665,0.036975036021984174,0.04812602486568883,15,5,0
NA18989,haplotype_1,strict,False,0.036185750579847346,0.006729431670037844,0.030858888286063788,0.04186987512475261,15,5,0
NA18989,haplotype_2,1hop,False,0.041135649759531094,0.004054744794842116,0.03765600975197179,0.04403421639160174,15,5,0
NA18989,haplotype_2,strict,False,0.03422582702021047,0.0023523264897438024,0.03259018195535244,0.036029227526633074,15,5,0
NA19036,donor,1hop,True,0.045844766364108176,0.006189847496664457,0.04167754608695715,0.05042507417789253,15,5,0
NA19036,donor,strict,True,0.04013484094925622,0.0034437972503558564,0.037598530850585,0.042818418648391254,15,5,0
NA19036,haplotype_1,1hop,True,0.0451370535294631,0.006080549256601255,0.041004617230758225,0.04976183883504273,15,5,0
NA19036,haplotype_1,strict,True,0.04009682854892197,0.003926099435276916,0.03715303536504931,0.04329077393259231,15,5,0
NA19036,haplotype_2,1hop,True,0.04454659782767472,0.006721877046776973,0.04011133119470278,0.049726651683067565,15,5,0
NA19036,haplotype_2,strict,True,0.0402763427981455,0.004924184931456314,0.03644459835200206,0.044532630485609535,15,5,0
NA19129,donor,1hop,False,0.046427489256784374,0.004789626849241248,0.04208328175336202,0.049979882957653626,15,5,0
NA19129,donor,strict,False,0.03925933247725754,0.004667251325203233,0.035018689967352815,0.04267644078634124,15,5,0
NA19129,haplotype_1,1hop,False,0.04533192884621793,0.005405889611235203,0.04111053290776512,0.049873513350242975,15,5,0
NA19129,haplotype_1,strict,False,0.03933612447121677,0.005053161357074593,0.035260800204400776,0.043525816223194236,15,5,0
NA19129,haplotype_2,1hop,False,0.046016559947738435,0.0066105178147167175,0.04042075159391432,0.05151206476382593,15,5,0
NA19129,haplotype_2,strict,False,0.03979445850028856,0.006614687922623928,0.03454623719236779,0.04547991869087653,15,5,0
NA19238,donor,1hop,False,0.043979653582566496,0.004676989496707443,0.04168347530513452,0.04723760128123784,15,5,0
NA19238,donor,strict,False,0.03827842143737938,0.0024663461539697167,0.03639128959126784,0.04019011518676872,15,5,0
NA19238,haplotype_1,1hop,False,0.04417472893272232,0.005748412367960136,0.04114797941263548,0.04875791487669935,15,5,0
NA19238,haplotype_1,strict,False,0.0390614062620519,0.004411992209206077,0.035876113614959716,0.0429040969043716,15,5,0
NA19238,haplotype_2,1hop,False,0.04329751327663759,0.005432850414558123,0.039883042794019566,0.04708374148165132,15,5,0
NA19238,haplotype_2,strict,False,0.038161935219906865,0.0035905732683094646,0.0350459020058129,0.04077986184570628,15,5,0
NA19239,donor,1hop,False,0.046186927129194,0.005923789483573344,0.04214234297562098,0.05101656052716445,15,5,0
NA19239,donor,strict,False,0.03986360758977367,0.003935921839052219,0.0370722262895759,0.04335599219482764,15,5,0
NA19239,haplotype_1,1hop,False,0.045974557824310924,0.00684358094231184,0.04073986031363787,0.051981798598933704,15,5,0
NA19239,haplotype_1,strict,False,0.04028919606337804,0.005167811307854159,0.03641254414049211,0.04485973685781301,15,5,0
NA19239,haplotype_2,1hop,False,0.04394488396947674,0.005887250667511057,0.04139724550447766,0.0485800600289902,15,5,0
NA19239,haplotype_2,strict,False,0.03753585403775992,0.00391826782293132,0.03508420592971834,0.04109699773232477,15,5,0
NA19240,donor,1hop,True,0.04577505683647002,0.005387566364001444,0.04235371221922623,0.05020525543087447,15,5,0
NA19240,donor,strict,True,0.038417053711380635,0.0038129380013394213,0.03522043201748361,0.04133896323609569,15,5,0
NA19240,haplotype_1,1hop,True,0.043427196214530735,0.004726889979461618,0.03971901315445593,0.04743571756954292,15,5,0
NA19240,haplotype_1,strict,True,0.036175587986083134,0.0031127884038251734,0.033769393207417155,0.03860456652792237,15,5,0
NA19240,haplotype_2,1hop,True,0.04484418214634858,0.00673306187049513,0.04044177886567086,0.049548996698199566,15,5,0
NA19240,haplotype_2,strict,True,0.03907491589307509,0.005459189613789455,0.034421583522677775,0.04331571171150486,15,5,0
NA19317,donor,1hop,False,0.04701141795215051,0.0069664557872292105,0.04216801061524895,0.05239399258351528,15,5,0
NA19317,donor,strict,False,0.04061308017132439,0.005014637579068618,0.03651762806556629,0.04454330699254191,15,5,0
NA19317,haplotype_1,1hop,False,0.047005367299828196,0.00703041607105294,0.04170512724916145,0.05213632029785335,15,5,0
NA19317,haplotype_1,strict,False,0.04194567339133754,0.00527393650061234,0.037361769409572476,0.04599723404938166,15,5,0
NA19317,haplotype_2,1hop,False,0.044896324598210136,0.006707727254473884,0.04009833117050412,0.05023354495940513,15,5,0
NA19317,haplotype_2,strict,False,0.038913487967039986,0.004696826099759847,0.035130434084657915,0.04266309247017977,15,5,0
NA19331,donor,1hop,False,0.045266739445952935,0.0031414905982667324,0.04265059920903224,0.047672984600374745,15,5,0
NA19331,donor,strict,False,0.038543890107311386,0.0034955606584557803,0.035584323901481696,0.04114828482040782,15,5,0
NA19331,haplotype_1,1hop,False,0.045020073317810536,0.004946429718534406,0.041243680650681305,0.049496848271424636,15,5,0
NA19331,haplotype_1,strict,False,0.03854248512598669,0.003908108984485811,0.035098977978329296,0.04137838041699293,15,5,0
NA19331,haplotype_2,1hop,False,0.043993740950205355,0.00454491899717925,0.04007185142655037,0.04759004294429244,15,5,0
NA19331,haplotype_2,strict,False,0.038859934022205674,0.004602372019400118,0.035138315729934845,0.042643741002414866,15,5,0
NA19347,donor,1hop,False,0.04577134584021611,0.005759781601688846,0.04187701560922635,0.050274860874620755,15,5,0
NA19347,donor,strict,False,0.040086214207256894,0.0027623096241430585,0.038112491708962415,0.04214693210684622,15,5,0
NA19347,haplotype_1,1hop,False,0.045517058280846394,0.007948139599744983,0.03996561240966265,0.0519291738544973,15,5,0
NA19347,haplotype_1,strict,False,0.04033107619296757,0.0043178959070382565,0.03706971152995365,0.04387612892747341,15,5,0
NA19347,haplotype_2,1hop,False,0.043585236864702975,0.003850996951450158,0.041264745118526305,0.04636638846165643,15,5,0
NA19347,haplotype_2,strict,False,0.03884438541096584,0.0029155004972672306,0.03669113030603699,0.041143516252508526,15,5,0
NA19384,donor,1hop,False,0.04505741285237529,0.00413289433446205,0.04270435699175675,0.047884424767550116,15,5,0
NA19384,donor,strict,False,0.03854416273452798,0.003824143654328485,0.035542395928599584,0.041679083326719296,15,5,0
NA19384,haplotype_1,1hop,False,0.04305583991411752,0.007575491826469309,0.03842038285063358,0.048863806427464365,15,5,0
NA19384,haplotype_1,strict,False,0.037440915645103566,0.007001912642579527,0.03185062669842387,0.04337689541708029,15,5,0
NA19384,haplotype_2,1hop,False,0.04384021828491069,0.0018991249458643914,0.04240186601430891,0.04518717871140227,15,5,0
NA19384,haplotype_2,strict,False,0.03869498644659543,0.00207908405831914,0.037522236233492025,0.04007288812743694,15,5,0
NA19434,donor,1hop,False,0.044675560864645386,0.0035527058935111277,0.04227099818377993,0.0470428697281539,15,5,0
NA19434,donor,strict,False,0.038237401302674695,0.002449254393770173,0.03622902209281346,0.03994832055532942,15,5,0
NA19434,haplotype_1,1hop,False,0.04438116540028637,0.004544443701023244,0.04144667365133996,0.047283116217101476,15,5,0
NA19434,haplotype_1,strict,False,0.03867094960401573,0.0032735129676768142,0.0357202403036362,0.04084530058214068,15,5,0
NA19434,haplotype_2,1hop,False,0.04293808146253084,0.00473696996040331,0.0396858395622966,0.04732938174189539,15,5,0
NA19434,haplotype_2,strict,False,0.0371551073831285,0.0044034357168718724,0.03391669819144697,0.0408907306696717,15,5,0
NA19650,donor,1hop,False,0.04108173879918658,0.007244652737019524,0.03570344556493463,0.04671230868762903,15,5,0
NA19650,donor,strict,False,0.03581027548798934,0.005265560178871141,0.031583522082639634,0.04002889548272737,15,5,0
NA19650,haplotype_1,1hop,False,0.040693932334734714,0.008925577104962624,0.03420760002029936,0.04784142195947872,15,5,0
NA19650,haplotype_1,strict,False,0.03504259894782346,0.006845233279261176,0.029670759114237458,0.040792950029789374,15,5,0
NA19650,haplotype_2,1hop,False,0.03755118857213128,0.00399092789353189,0.0342649865830379,0.04065270752409281,15,5,0
NA19650,haplotype_2,strict,False,0.03341634320596157,0.0033947760485508907,0.030683430742985428,0.03611594708881146,15,5,0
NA19705,donor,1hop,False,0.04402759658713055,0.005363682917681445,0.040238037297084646,0.0481920723247603,15,5,0
NA19705,donor,strict,False,0.037912857379409685,0.004343882676667135,0.03443870249368681,0.04142498238396706,15,5,0
NA19705,haplotype_1,1hop,False,0.043527794361794304,0.007777846785349188,0.038228860285369315,0.04959893881633803,15,5,0
NA19705,haplotype_1,strict,False,0.03891883022934899,0.005818333523771432,0.03425227775180578,0.043748572052100976,15,5,0
NA19705,haplotype_2,1hop,False,0.04312515772284126,0.003932569912227229,0.04007864332557247,0.04627450123510415,15,5,0
NA19705,haplotype_2,strict,False,0.037049185120989724,0.0042489484198513375,0.03361761021184008,0.04036460099129223,15,5,0
NA19836,donor,1hop,False,0.04598027050684847,0.004348674876409333,0.04233343942501858,0.04876262168037159,15,5,0
NA19836,donor,strict,False,0.0408599290879461,0.00370649707580705,0.037690501264813915,0.043404546408364844,15,5,0
NA19836,haplotype_1,1hop,False,0.046681736580212775,0.006871544892980338,0.04158031950362759,0.05201318904577005,15,5,0
NA19836,haplotype_1,strict,False,0.04151142593699685,0.005648241378631017,0.03714998715604881,0.04641216388164935,15,5,0
NA19836,haplotype_2,1hop,False,0.04394511588150853,0.004583177050007083,0.039912259700084746,0.04734539652047913,15,5,0
NA19836,haplotype_2,strict,False,0.0396156076897217,0.006269431588319551,0.03462810787235197,0.044817010833724795,15,5,0
NA19983,donor,1hop,False,0.04335166130190922,0.004427090634679672,0.040222727798450875,0.046847598552752466,15,5,0
NA19983,donor,strict,False,0.037461152399524654,0.003352482217037245,0.034929430892904643,0.04020521174582983,15,5,0
NA19983,haplotype_1,1hop,False,0.04219154566412999,0.003522161013799149,0.03968620520439825,0.04539654465122889,15,5,0
NA19983,haplotype_1,strict,False,0.03627254046601897,0.0024930449094903847,0.034561765681509794,0.03815705479600738,15,5,0
NA19983,haplotype_2,1hop,False,0.04222141080159136,0.00555838938125816,0.03835535621120926,0.04625826934724493,15,5,0
NA19983,haplotype_2,strict,False,0.037991400642481674,0.0048274919248047134,0.03406709250271269,0.04182219129494841,15,5,0
NA20355,donor,1hop,False,0.04492057335583168,0.004007581286724637,0.041542795221867934,0.048115912844695206,15,5,0
NA20355,donor,strict,False,0.037418320799650136,0.002779182625845969,0.03503473114128206,0.03927249126955916,15,5,0
NA20355,haplotype_1,1hop,False,0.04232960196022629,0.006197545795445418,0.03733492458371747,0.04740826477554545,15,5,0
NA20355,haplotype_1,strict,False,0.036284866589032065,0.0032764594002052845,0.03375874316597904,0.038982182284189,15,5,0
NA20355,haplotype_2,1hop,False,0.044064308180984814,0.0043249686526623116,0.04005233118045826,0.047094942563385644,15,5,0
NA20355,haplotype_2,strict,False,0.036575172885949685,0.004543298582875698,0.03283171910688681,0.04025225649247579,15,5,0
NA20509,donor,1hop,False,0.04095926824193213,0.0052105817459855205,0.036817791627083755,0.04520970620398478,15,5,0
NA20509,donor,strict,False,0.034471733004787126,0.004318546579200264,0.031008265766433382,0.037871165225961116,15,5,0
NA20509,haplotype_1,1hop,False,0.040091137581795014,0.007047192633881379,0.034592339679863304,0.04599285155052068,15,5,0
NA20509,haplotype_1,strict,False,0.03346745356299594,0.006477812931103575,0.028147281606353408,0.03874189334909202,15,5,0
NA20509,haplotype_2,1hop,False,0.039014789902046064,0.004555496802669443,0.035599281539779974,0.04275280162064898,15,5,0
NA20509,haplotype_2,strict,False,0.034481972990743265,0.003859375226265324,0.031180555444672502,0.03744706947019646,15,5,0
NA20847,donor,1hop,False,0.04128368225468328,0.005060909378909172,0.0372087432466736,0.04544679133305691,15,5,0
NA20847,donor,strict,False,0.03431424854325635,0.003441502741268018,0.03163417662639951,0.037117926813889555,15,5,0
NA20847,haplotype_1,1hop,False,0.039149448913412516,0.005646466712656392,0.03393483631485592,0.04350732352080408,15,5,0
NA20847,haplotype_1,strict,False,0.03288717288938936,0.004175456200879314,0.029125332144675838,0.03587716709062507,15,5,0
NA20847,haplotype_2,1hop,False,0.041094690120188924,0.005716814064738536,0.03647320813442102,0.04579145783367033,15,5,0
NA20847,haplotype_2,strict,False,0.034557730760850995,0.004879795501345973,0.03078109287765691,0.038713637002533836,15,5,0
NA21487,donor,1hop,False,0.04280574124181786,0.004239009741176594,0.03974326435777469,0.04621334049385289,15,5,0
NA21487,donor,strict,False,0.03664916957313331,0.002630091641378032,0.034571537342081585,0.03858389137084425,15,5,0
NA21487,haplotype_1,1hop,False,0.042239788184510046,0.006537143686888781,0.037554086122537376,0.047270703650024545,15,5,0
NA21487,haplotype_1,strict,False,0.03796177289110916,0.0053987976675675745,0.033547246419822964,0.04233298084567082,15,5,0
NA21487,haplotype_2,1hop,False,0.04269736414848122,0.004607101873899986,0.03908126172983982,0.04653682566428703,15,5,0
NA21487,haplotype_2,strict,False,0.037120278882974526,0.003990307187529421,0.03383552315344526,0.04041927503105838,15,5,0
NA24385,donor,1hop,True,0.04126922800800282,0.006086513761742845,0.03735085572701043,0.04578547524886663,15,5,0
NA24385,donor,strict,True,0.03592894431124968,0.003966271447914679,0.03268733749336184,0.03894801990041652,15,5,0
NA24385,haplotype_1,1hop,True,0.03961537264314572,0.006796558425875057,0.03499434427917249,0.04504300144951072,15,5,0
NA24385,haplotype_1,strict,True,0.03505618592100206,0.00371927874589498,0.03215862293546622,0.03814278428457651,15,5,0
NA24385,haplotype_2,1hop,True,0.0420511383069955,0.006880936882728712,0.03731757830725442,0.04729840284664861,15,5,0
NA24385,haplotype_2,strict,True,0.03726654955428024,0.007064581022996848,0.03130580701103097,0.042827948557564464,15,5,0
