variant_id,svtype,reason
SV_1,BND,not_INS_or_DEL
SV_2,DEL,subclonal_or_unspecified
SV_4,DUP,not_INS_or_DEL
SV_5,DUP,not_INS_or_DEL
SV_7,DUP,not_INS_or_DEL
SV_8,BND,not_INS_or_DEL
SV_195,BND,not_INS_or_DEL
SV_9,BND,not_INS_or_DEL
SV_10,BND,not_INS_or_DEL
SV_11,DUP,not_INS_or_DEL
SV_210,DEL,subclonal_or_unspecified
SV_13,INS,subclonal_or_unspecified
SV_14,DUP,not_INS_or_DEL
SV_15,DUP,not_INS_or_DEL
SV_18,DUP,not_INS_or_DEL
SV_20,BND,not_INS_or_DEL
SV_21,BND,not_INS_or_DEL
SV_22,DUP,not_INS_or_DEL
SV_23,BND,not_INS_or_DEL
SV_25,BND,not_INS_or_DEL
SV_175,BND,not_INS_or_DEL
SV_176,BND,not_INS_or_DEL
SV_26,BND,not_INS_or_DEL
SV_27,BND,not_INS_or_DEL
SV_174,BND,not_INS_or_DEL
SV_32,DUP,not_INS_or_DEL
SV_35,BND,not_INS_or_DEL
SV_36,BND,not_INS_or_DEL
SV_38,DUP,not_INS_or_DEL
SV_171,BND,not_INS_or_DEL
SV_40,DUP,not_INS_or_DEL
SV_42,BND,not_INS_or_DEL
SV_41,BND,not_INS_or_DEL
SV_43,DUP,not_INS_or_DEL
SV_44,DUP,not_INS_or_DEL
SV_46,DUP,not_INS_or_DEL
SV_47,DUP,not_INS_or_DEL
SV_49,DEL,subclonal_or_unspecified
SV_50,DEL,subclonal_or_unspecified
SV_51,DUP,not_INS_or_DEL
SV_52,DUP,not_INS_or_DEL
SV_53,DUP,not_INS_or_DEL
SV_54,BND,not_INS_or_DEL
SV_56,BND,not_INS_or_DEL
SV_226,DEL,subclonal_or_unspecified
SV_57,BND,not_INS_or_DEL
SV_58,BND,not_INS_or_DEL
SV_59,DUP,not_INS_or_DEL
SV_63,DUP,not_INS_or_DEL
SV_191,BND,not_INS_or_DEL
SV_192,BND,not_INS_or_DEL
SV_64,BND,not_INS_or_DEL
SV_65,BND,not_INS_or_DEL
SV_66,BND,not_INS_or_DEL
SV_67,BND,not_INS_or_DEL
SV_188,BND,not_INS_or_DEL
SV_189,BND,not_INS_or_DEL
SV_68,DEL,subclonal_or_unspecified
SV_76,DUP,not_INS_or_DEL
SV_78,DUP,not_INS_or_DEL
SV_81,DUP,not_INS_or_DEL
SV_82,DUP,not_INS_or_DEL
SV_83,DUP,not_INS_or_DEL
SV_84,DUP,not_INS_or_DEL
SV_87,DUP,not_INS_or_DEL
SV_90,BND,not_INS_or_DEL
SV_91,BND,not_INS_or_DEL
SV_92,BND,not_INS_or_DEL
SV_93,BND,not_INS_or_DEL
SV_94,DUP,not_INS_or_DEL
SV_96,BND,not_INS_or_DEL
SV_178,BND,not_INS_or_DEL
SV_179,BND,not_INS_or_DEL
SV_177,BND,not_INS_or_DEL
SV_202,DUP,not_INS_or_DEL
SV_101,DUP,not_INS_or_DEL
SV_103,DUP,not_INS_or_DEL
SV_104,DUP,not_INS_or_DEL
SV_106,DUP,not_INS_or_DEL
SV_107,BND,not_INS_or_DEL
SV_108,BND,not_INS_or_DEL
SV_109,DUP,not_INS_or_DEL
SV_111,DEL,subclonal_or_unspecified
SV_214,DEL,subclonal_or_unspecified
SV_190,BND,not_INS_or_DEL
SV_114,DUP,not_INS_or_DEL
SV_117,DUP,not_INS_or_DEL
SV_118,DUP,not_INS_or_DEL
SV_119,DUP,not_INS_or_DEL
SV_198,BND,not_INS_or_DEL
SV_199,BND,not_INS_or_DEL
SV_120,DUP,not_INS_or_DEL
SV_121,DEL,subclonal_or_unspecified
SV_122,DUP,not_INS_or_DEL
SV_123,DUP,not_INS_or_DEL
SV_124,DUP,not_INS_or_DEL
SV_126,DUP,not_INS_or_DEL
SV_128,DUP,not_INS_or_DEL
SV_129,DEL,subclonal_or_unspecified
SV_130,BND,not_INS_or_DEL
SV_131,BND,not_INS_or_DEL
SV_200,BND,not_INS_or_DEL
SV_201,BND,not_INS_or_DEL
SV_134,DUP,not_INS_or_DEL
SV_136,BND,not_INS_or_DEL
SV_137,DUP,not_INS_or_DEL
SV_138,BND,not_INS_or_DEL
SV_203,BND,not_INS_or_DEL
SV_139,DEL,subclonal_or_unspecified
SV_140,BND,not_INS_or_DEL
SV_141,BND,not_INS_or_DEL
SV_142,BND,not_INS_or_DEL
SV_185,BND,not_INS_or_DEL
SV_186,BND,not_INS_or_DEL
SV_187,BND,not_INS_or_DEL
SV_144,BND,not_INS_or_DEL
SV_183,BND,not_INS_or_DEL
SV_145,BND,not_INS_or_DEL
SV_146,BND,not_INS_or_DEL
SV_147,BND,not_INS_or_DEL
SV_180,BND,not_INS_or_DEL
SV_181,BND,not_INS_or_DEL
SV_182,BND,not_INS_or_DEL
SV_148,BND,not_INS_or_DEL
SV_184,BND,not_INS_or_DEL
SV_149,DUP,not_INS_or_DEL
SV_208,BND,not_INS_or_DEL
SV_152,BND,not_INS_or_DEL
SV_197,BND,not_INS_or_DEL
SV_196,BND,not_INS_or_DEL
SV_154,DUP,not_INS_or_DEL
SV_156,DUP,not_INS_or_DEL
SV_157,DEL,subclonal_or_unspecified
SV_158,DUP,not_INS_or_DEL
SV_159,DUP,not_INS_or_DEL
SV_160,BND,not_INS_or_DEL
SV_161,DUP,not_INS_or_DEL
SV_162,DUP,not_INS_or_DEL
SV_167,DUP,not_INS_or_DEL
SV_205,BND,not_INS_or_DEL
SV_204,BND,not_INS_or_DEL
