closure,fold,seed,stratum,feature_set,n,positive_prevalence,auprc,auroc,normalized_ap
1hop,fold_a,20260806,high,coordinate_plus_frozen_sequence_fm,310389,0.03969212826485475,0.0730773830302374,0.5712806167941242,0.03476515787073583
1hop,fold_a,20260806,high,coordinate_plus_frozen_sequence_fm_plus_frozen_pangenomefm,310389,0.03969212826485475,0.07030467316908365,0.5735247607348216,0.03187784439266983
1hop,fold_a,20260806,low,coordinate_plus_frozen_sequence_fm,149780,0.027874215516090265,0.043041794377723236,0.5374403951960096,0.015602485916660734
1hop,fold_a,20260806,low,coordinate_plus_frozen_sequence_fm_plus_frozen_pangenomefm,149780,0.027874215516090265,0.03900090846498619,0.5255800437859215,0.011445733799564792
1hop,fold_a,20260806,medium,coordinate_plus_frozen_sequence_fm,183331,0.029711287234564804,0.05389552306370202,0.5308736982402233,0.024924783222726916
1hop,fold_a,20260806,medium,coordinate_plus_frozen_sequence_fm_plus_frozen_pangenomefm,183331,0.029711287234564804,0.05427626407530656,0.536003111328057,0.0253171829348903
strict,fold_a,20260806,high,coordinate_plus_frozen_sequence_fm,310389,0.03969212826485475,0.0730773830302374,0.5712806167941242,0.03476515787073583
strict,fold_a,20260806,high,coordinate_plus_frozen_sequence_fm_plus_frozen_pangenomefm,310389,0.03969212826485475,0.0782626875047917,0.5842326248393719,0.040164785039453255
strict,fold_a,20260806,low,coordinate_plus_frozen_sequence_fm,149780,0.027874215516090265,0.043041794377723236,0.5374403951960096,0.015602485916660734
strict,fold_a,20260806,low,coordinate_plus_frozen_sequence_fm_plus_frozen_pangenomefm,149780,0.027874215516090265,0.039702669260701554,0.5204182219675206,0.012167616509514638
strict,fold_a,20260806,medium,coordinate_plus_frozen_sequence_fm,183331,0.029711287234564804,0.05389552306370202,0.5308736982402233,0.024924783222726916
strict,fold_a,20260806,medium,coordinate_plus_frozen_sequence_fm_plus_frozen_pangenomefm,183331,0.029711287234564804,0.059041384822268214,0.5312054906542523,0.030228216820238213
1hop,fold_a,314159,high,coordinate_plus_frozen_sequence_fm,310389,0.03969212826485475,0.0730773830302374,0.5712806167941242,0.03476515787073583
1hop,fold_a,314159,high,coordinate_plus_frozen_sequence_fm_plus_frozen_pangenomefm,310389,0.03969212826485475,0.08443400942849327,0.5821825525842464,0.04659118443213014
1hop,fold_a,314159,low,coordinate_plus_frozen_sequence_fm,149780,0.027874215516090265,0.043041794377723236,0.5374403951960096,0.015602485916660734
1hop,fold_a,314159,low,coordinate_plus_frozen_sequence_fm_plus_frozen_pangenomefm,149780,0.027874215516090265,0.04180454290473503,0.5407330487885874,0.014329758155772213
1hop,fold_a,314159,medium,coordinate_plus_frozen_sequence_fm,183331,0.029711287234564804,0.05389552306370202,0.5308736982402233,0.024924783222726916
1hop,fold_a,314159,medium,coordinate_plus_frozen_sequence_fm_plus_frozen_pangenomefm,183331,0.029711287234564804,0.05185590528404947,0.5328495724561872,0.022822710146106866
strict,fold_a,314159,high,coordinate_plus_frozen_sequence_fm,310389,0.03969212826485475,0.0730773830302374,0.5712806167941242,0.03476515787073583
strict,fold_a,314159,high,coordinate_plus_frozen_sequence_fm_plus_frozen_pangenomefm,310389,0.03969212826485475,0.07989937346099277,0.5752599938400038,0.04186911966418542
strict,fold_a,314159,low,coordinate_plus_frozen_sequence_fm,149780,0.027874215516090265,0.043041794377723236,0.5374403951960096,0.015602485916660734
strict,fold_a,314159,low,coordinate_plus_frozen_sequence_fm_plus_frozen_pangenomefm,149780,0.027874215516090265,0.0411236813672091,0.5243069875495738,0.013629373958178488
strict,fold_a,314159,medium,coordinate_plus_frozen_sequence_fm,183331,0.029711287234564804,0.05389552306370202,0.5308736982402233,0.024924783222726916
strict,fold_a,314159,medium,coordinate_plus_frozen_sequence_fm_plus_frozen_pangenomefm,183331,0.029711287234564804,0.05532340100291479,0.5401030086308817,0.026396384324983535
1hop,fold_a,42,high,coordinate_plus_frozen_sequence_fm,310389,0.03969212826485475,0.0730773830302374,0.5712806167941242,0.03476515787073583
1hop,fold_a,42,high,coordinate_plus_frozen_sequence_fm_plus_frozen_pangenomefm,310389,0.03969212826485475,0.0818141112134734,0.5819773355668149,0.043862998719889676
1hop,fold_a,42,low,coordinate_plus_frozen_sequence_fm,149780,0.027874215516090265,0.043041794377723236,0.5374403951960096,0.015602485916660734
1hop,fold_a,42,low,coordinate_plus_frozen_sequence_fm_plus_frozen_pangenomefm,149780,0.027874215516090265,0.04244041374940535,0.5361156397414298,0.014983861621413639
1hop,fold_a,42,medium,coordinate_plus_frozen_sequence_fm,183331,0.029711287234564804,0.05389552306370202,0.5308736982402233,0.024924783222726916
1hop,fold_a,42,medium,coordinate_plus_frozen_sequence_fm_plus_frozen_pangenomefm,183331,0.029711287234564804,0.05376445372647578,0.5266726831264492,0.0247897004009834
strict,fold_a,42,high,coordinate_plus_frozen_sequence_fm,310389,0.03969212826485475,0.0730773830302374,0.5712806167941242,0.03476515787073583
strict,fold_a,42,high,coordinate_plus_frozen_sequence_fm_plus_frozen_pangenomefm,310389,0.03969212826485475,0.0904225787386288,0.578797270089733,0.05282727755017883
strict,fold_a,42,low,coordinate_plus_frozen_sequence_fm,149780,0.027874215516090265,0.043041794377723236,0.5374403951960096,0.015602485916660734
strict,fold_a,42,low,coordinate_plus_frozen_sequence_fm_plus_frozen_pangenomefm,149780,0.027874215516090265,0.03941923684598325,0.5220662949366539,0.01187605710512257
strict,fold_a,42,medium,coordinate_plus_frozen_sequence_fm,183331,0.029711287234564804,0.05389552306370202,0.5308736982402233,0.024924783222726916
strict,fold_a,42,medium,coordinate_plus_frozen_sequence_fm_plus_frozen_pangenomefm,183331,0.029711287234564804,0.058599408726165404,0.5344040320684414,0.029772706939222356
1hop,fold_b,20260806,high,coordinate_plus_frozen_sequence_fm,305622,0.04037013042254811,0.07185819639258623,0.525811998024201,0.032812719745690146
1hop,fold_b,20260806,high,coordinate_plus_frozen_sequence_fm_plus_frozen_pangenomefm,305622,0.04037013042254811,0.07395264212837574,0.5352167924674922,0.0349952755436998
1hop,fold_b,20260806,low,coordinate_plus_frozen_sequence_fm,122510,0.02549179658803363,0.037816263237880225,0.5285270993448037,0.012646857775743644
1hop,fold_b,20260806,low,coordinate_plus_frozen_sequence_fm_plus_frozen_pangenomefm,122510,0.02549179658803363,0.03740975709215877,0.5285524007027241,0.012229717987388667
1hop,fold_b,20260806,medium,coordinate_plus_frozen_sequence_fm,178778,0.05029701641141528,0.12719611079129953,0.5337018736334326,0.08097173085558848
1hop,fold_b,20260806,medium,coordinate_plus_frozen_sequence_fm_plus_frozen_pangenomefm,178778,0.05029701641141528,0.12697668472997736,0.5291155440077111,0.08074068381760506
strict,fold_b,20260806,high,coordinate_plus_frozen_sequence_fm,305622,0.04037013042254811,0.07185819639258623,0.525811998024201,0.032812719745690146
strict,fold_b,20260806,high,coordinate_plus_frozen_sequence_fm_plus_frozen_pangenomefm,305622,0.04037013042254811,0.07126582038796278,0.5234638691614433,0.03219542340737975
strict,fold_b,20260806,low,coordinate_plus_frozen_sequence_fm,122510,0.02549179658803363,0.037816263237880225,0.5285270993448037,0.012646857775743644
strict,fold_b,20260806,low,coordinate_plus_frozen_sequence_fm_plus_frozen_pangenomefm,122510,0.02549179658803363,0.03812847227852608,0.524390987785853,0.01296723377622547
strict,fold_b,20260806,medium,coordinate_plus_frozen_sequence_fm,178778,0.05029701641141528,0.12719611079129953,0.5337018736334326,0.08097173085558848
strict,fold_b,20260806,medium,coordinate_plus_frozen_sequence_fm_plus_frozen_pangenomefm,178778,0.05029701641141528,0.12610022185935144,0.5173764465718684,0.07981780278451187
1hop,fold_b,314159,high,coordinate_plus_frozen_sequence_fm,305622,0.04037013042254811,0.07185819639258623,0.525811998024201,0.032812719745690146
1hop,fold_b,314159,high,coordinate_plus_frozen_sequence_fm_plus_frozen_pangenomefm,305622,0.04037013042254811,0.08065717709908649,0.5489921911534265,0.04198185983339361
1hop,fold_b,314159,low,coordinate_plus_frozen_sequence_fm,122510,0.02549179658803363,0.037816263237880225,0.5285270993448037,0.012646857775743644
1hop,fold_b,314159,low,coordinate_plus_frozen_sequence_fm_plus_frozen_pangenomefm,122510,0.02549179658803363,0.038279000573166286,0.5299261127664477,0.013121699684376036
1hop,fold_b,314159,medium,coordinate_plus_frozen_sequence_fm,178778,0.05029701641141528,0.12719611079129953,0.5337018736334326,0.08097173085558848
1hop,fold_b,314159,medium,coordinate_plus_frozen_sequence_fm_plus_frozen_pangenomefm,178778,0.05029701641141528,0.12843656588582367,0.5361316947002115,0.08227788142683015
strict,fold_b,314159,high,coordinate_plus_frozen_sequence_fm,305622,0.04037013042254811,0.07185819639258623,0.525811998024201,0.032812719745690146
strict,fold_b,314159,high,coordinate_plus_frozen_sequence_fm_plus_frozen_pangenomefm,305622,0.04037013042254811,0.07346517481797128,0.5317338301418613,0.03448730124458893
strict,fold_b,314159,low,coordinate_plus_frozen_sequence_fm,122510,0.02549179658803363,0.037816263237880225,0.5285270993448037,0.012646857775743644
strict,fold_b,314159,low,coordinate_plus_frozen_sequence_fm_plus_frozen_pangenomefm,122510,0.02549179658803363,0.03779339020711517,0.5373055990541242,0.01262338641789876
strict,fold_b,314159,medium,coordinate_plus_frozen_sequence_fm,178778,0.05029701641141528,0.12719611079129953,0.5337018736334326,0.08097173085558848
strict,fold_b,314159,medium,coordinate_plus_frozen_sequence_fm_plus_frozen_pangenomefm,178778,0.05029701641141528,0.12404364477909176,0.5231538037646134,0.07765230776575492
1hop,fold_b,42,high,coordinate_plus_frozen_sequence_fm,305622,0.04037013042254811,0.07185819639258623,0.525811998024201,0.032812719745690146
1hop,fold_b,42,high,coordinate_plus_frozen_sequence_fm_plus_frozen_pangenomefm,305622,0.04037013042254811,0.07719502846767963,0.547025081504243,0.03837406401422916
1hop,fold_b,42,low,coordinate_plus_frozen_sequence_fm,122510,0.02549179658803363,0.037816263237880225,0.5285270993448037,0.012646857775743644
1hop,fold_b,42,low,coordinate_plus_frozen_sequence_fm_plus_frozen_pangenomefm,122510,0.02549179658803363,0.03610954683170111,0.5158743122732994,0.010895496011724083
1hop,fold_b,42,medium,coordinate_plus_frozen_sequence_fm,178778,0.05029701641141528,0.12719611079129953,0.5337018736334326,0.08097173085558848
1hop,fold_b,42,medium,coordinate_plus_frozen_sequence_fm_plus_frozen_pangenomefm,178778,0.05029701641141528,0.12804628208414817,0.5312113732933141,0.08186692788828197
strict,fold_b,42,high,coordinate_plus_frozen_sequence_fm,305622,0.04037013042254811,0.07185819639258623,0.525811998024201,0.032812719745690146
strict,fold_b,42,high,coordinate_plus_frozen_sequence_fm_plus_frozen_pangenomefm,305622,0.04037013042254811,0.07335481959543019,0.5360141484732543,0.034372303550124
strict,fold_b,42,low,coordinate_plus_frozen_sequence_fm,122510,0.02549179658803363,0.037816263237880225,0.5285270993448037,0.012646857775743644
strict,fold_b,42,low,coordinate_plus_frozen_sequence_fm_plus_frozen_pangenomefm,122510,0.02549179658803363,0.036537569725611625,0.5132588677102294,0.011334715396857951
strict,fold_b,42,medium,coordinate_plus_frozen_sequence_fm,178778,0.05029701641141528,0.12719611079129953,0.5337018736334326,0.08097173085558848
strict,fold_b,42,medium,coordinate_plus_frozen_sequence_fm_plus_frozen_pangenomefm,178778,0.05029701641141528,0.12619580224911967,0.5275022891753668,0.07991844518684176
1hop,fold_c,20260806,high,coordinate_plus_frozen_sequence_fm,131313,0.044222582684121145,0.06241007059711327,0.5027062169232352,0.01902899941292635
1hop,fold_c,20260806,high,coordinate_plus_frozen_sequence_fm_plus_frozen_pangenomefm,131313,0.044222582684121145,0.06477564768956051,0.5030004301156167,0.021504028692327534
1hop,fold_c,20260806,low,coordinate_plus_frozen_sequence_fm,92634,0.022173284107347195,0.07699960214878673,0.5371580217759273,0.05606956442316969
1hop,fold_c,20260806,low,coordinate_plus_frozen_sequence_fm_plus_frozen_pangenomefm,92634,0.022173284107347195,0.06779880827585602,0.5486533393044457,0.046660132543890995
1hop,fold_c,20260806,medium,coordinate_plus_frozen_sequence_fm,113192,0.02689235988409075,0.037750680046593085,0.5367309767477106,0.01115839575692672
1hop,fold_c,20260806,medium,coordinate_plus_frozen_sequence_fm_plus_frozen_pangenomefm,113192,0.02689235988409075,0.039386775339346744,0.5379835681124194,0.012839705434609222
strict,fold_c,20260806,high,coordinate_plus_frozen_sequence_fm,131313,0.044222582684121145,0.06241007059711327,0.5027062169232352,0.01902899941292635
strict,fold_c,20260806,high,coordinate_plus_frozen_sequence_fm_plus_frozen_pangenomefm,131313,0.044222582684121145,0.06413714924841613,0.5100891779503125,0.02083598775562337
strict,fold_c,20260806,low,coordinate_plus_frozen_sequence_fm,92634,0.022173284107347195,0.07699960214878673,0.5371580217759273,0.05606956442316969
strict,fold_c,20260806,low,coordinate_plus_frozen_sequence_fm_plus_frozen_pangenomefm,92634,0.022173284107347195,0.07164899478765091,0.5259928067159104,0.05059762622167426
strict,fold_c,20260806,medium,coordinate_plus_frozen_sequence_fm,113192,0.02689235988409075,0.037750680046593085,0.5367309767477106,0.01115839575692672
strict,fold_c,20260806,medium,coordinate_plus_frozen_sequence_fm_plus_frozen_pangenomefm,113192,0.02689235988409075,0.043233838578136216,0.5431810876891142,0.016793084362279793
1hop,fold_c,314159,high,coordinate_plus_frozen_sequence_fm,131313,0.044222582684121145,0.06241007059711327,0.5027062169232352,0.01902899941292635
1hop,fold_c,314159,high,coordinate_plus_frozen_sequence_fm_plus_frozen_pangenomefm,131313,0.044222582684121145,0.06505038185378487,0.529795032896091,0.021791474450353388
1hop,fold_c,314159,low,coordinate_plus_frozen_sequence_fm,92634,0.022173284107347195,0.07699960214878673,0.5371580217759273,0.05606956442316969
1hop,fold_c,314159,low,coordinate_plus_frozen_sequence_fm_plus_frozen_pangenomefm,92634,0.022173284107347195,0.0695817608693301,0.5324392753569284,0.048483515526269866
1hop,fold_c,314159,medium,coordinate_plus_frozen_sequence_fm,113192,0.02689235988409075,0.037750680046593085,0.5367309767477106,0.01115839575692672
1hop,fold_c,314159,medium,coordinate_plus_frozen_sequence_fm_plus_frozen_pangenomefm,113192,0.02689235988409075,0.03774864942828867,0.5399018836536598,0.011156309021378973
strict,fold_c,314159,high,coordinate_plus_frozen_sequence_fm,131313,0.044222582684121145,0.06241007059711327,0.5027062169232352,0.01902899941292635
strict,fold_c,314159,high,coordinate_plus_frozen_sequence_fm_plus_frozen_pangenomefm,131313,0.044222582684121145,0.05969041743150749,0.49841753102812986,0.016183511419243252
strict,fold_c,314159,low,coordinate_plus_frozen_sequence_fm,92634,0.022173284107347195,0.07699960214878673,0.5371580217759273,0.05606956442316969
strict,fold_c,314159,low,coordinate_plus_frozen_sequence_fm_plus_frozen_pangenomefm,92634,0.022173284107347195,0.07314539574441092,0.5448834654868344,0.05212795969736986
strict,fold_c,314159,medium,coordinate_plus_frozen_sequence_fm,113192,0.02689235988409075,0.037750680046593085,0.5367309767477106,0.01115839575692672
strict,fold_c,314159,medium,coordinate_plus_frozen_sequence_fm_plus_frozen_pangenomefm,113192,0.02689235988409075,0.03755778754226395,0.5315736432171991,0.010960172563132704
1hop,fold_c,42,high,coordinate_plus_frozen_sequence_fm,131313,0.044222582684121145,0.06241007059711327,0.5027062169232352,0.01902899941292635
1hop,fold_c,42,high,coordinate_plus_frozen_sequence_fm_plus_frozen_pangenomefm,131313,0.044222582684121145,0.06668120153057179,0.5265691945853538,0.023497750040507814
1hop,fold_c,42,low,coordinate_plus_frozen_sequence_fm,92634,0.022173284107347195,0.07699960214878673,0.5371580217759273,0.05606956442316969
1hop,fold_c,42,low,coordinate_plus_frozen_sequence_fm_plus_frozen_pangenomefm,92634,0.022173284107347195,0.07062082307571262,0.5506934699522691,0.0495461395980963
1hop,fold_c,42,medium,coordinate_plus_frozen_sequence_fm,113192,0.02689235988409075,0.037750680046593085,0.5367309767477106,0.01115839575692672
1hop,fold_c,42,medium,coordinate_plus_frozen_sequence_fm_plus_frozen_pangenomefm,113192,0.02689235988409075,0.05213462347863647,0.5502823265097343,0.025939847303571732
strict,fold_c,42,high,coordinate_plus_frozen_sequence_fm,131313,0.044222582684121145,0.06241007059711327,0.5027062169232352,0.01902899941292635
strict,fold_c,42,high,coordinate_plus_frozen_sequence_fm_plus_frozen_pangenomefm,131313,0.044222582684121145,0.061512088540694926,0.4942967214505247,0.018089468890286304
strict,fold_c,42,low,coordinate_plus_frozen_sequence_fm,92634,0.022173284107347195,0.07699960214878673,0.5371580217759273,0.05606956442316969
strict,fold_c,42,low,coordinate_plus_frozen_sequence_fm_plus_frozen_pangenomefm,92634,0.022173284107347195,0.07360199803735706,0.5529066442527792,0.05259491594383456
strict,fold_c,42,medium,coordinate_plus_frozen_sequence_fm,113192,0.02689235988409075,0.037750680046593085,0.5367309767477106,0.01115839575692672
strict,fold_c,42,medium,coordinate_plus_frozen_sequence_fm_plus_frozen_pangenomefm,113192,0.02689235988409075,0.04890446736331445,0.5488047958839944,0.022620424063880314
1hop,fold_d,20260806,high,coordinate_plus_frozen_sequence_fm,234743,0.04149644504841465,0.058395440720256535,0.5507531249256272,0.017630603021285055
1hop,fold_d,20260806,high,coordinate_plus_frozen_sequence_fm_plus_frozen_pangenomefm,234743,0.04149644504841465,0.06150232045068356,0.5679129461588397,0.020871988735899287
1hop,fold_d,20260806,low,coordinate_plus_frozen_sequence_fm,82493,0.02837816542009625,0.03317359774364417,0.5322213056832343,0.004935492547490254
1hop,fold_d,20260806,low,coordinate_plus_frozen_sequence_fm_plus_frozen_pangenomefm,82493,0.02837816542009625,0.03496468882420005,0.5295893723539968,0.006778896037213479
1hop,fold_d,20260806,medium,coordinate_plus_frozen_sequence_fm,95223,0.027356836058515275,0.08841996568370646,0.5527207808649476,0.06278060843788011
1hop,fold_d,20260806,medium,coordinate_plus_frozen_sequence_fm_plus_frozen_pangenomefm,95223,0.027356836058515275,0.08846328395042002,0.5594999815352011,0.06282514508638544
1hop,fold_d,20260806,unassigned,coordinate_plus_frozen_sequence_fm,75,0.04,0.04,0.5,0.0
1hop,fold_d,20260806,unassigned,coordinate_plus_frozen_sequence_fm_plus_frozen_pangenomefm,75,0.04,0.04,0.5,0.0
strict,fold_d,20260806,high,coordinate_plus_frozen_sequence_fm,234743,0.04149644504841465,0.058395440720256535,0.5507531249256272,0.017630603021285055
strict,fold_d,20260806,high,coordinate_plus_frozen_sequence_fm_plus_frozen_pangenomefm,234743,0.04149644504841465,0.0594137716246118,0.5618460621724973,0.018693020473045784
strict,fold_d,20260806,low,coordinate_plus_frozen_sequence_fm,82493,0.02837816542009625,0.03317359774364417,0.5322213056832343,0.004935492547490254
strict,fold_d,20260806,low,coordinate_plus_frozen_sequence_fm_plus_frozen_pangenomefm,82493,0.02837816542009625,0.03424627212982611,0.5361651579427538,0.006039496541642695
strict,fold_d,20260806,medium,coordinate_plus_frozen_sequence_fm,95223,0.027356836058515275,0.08841996568370646,0.5527207808649476,0.06278060843788011
strict,fold_d,20260806,medium,coordinate_plus_frozen_sequence_fm_plus_frozen_pangenomefm,95223,0.027356836058515275,0.08760058093232438,0.5516242495074706,0.06193817743979275
strict,fold_d,20260806,unassigned,coordinate_plus_frozen_sequence_fm,75,0.04,0.04,0.5,0.0
strict,fold_d,20260806,unassigned,coordinate_plus_frozen_sequence_fm_plus_frozen_pangenomefm,75,0.04,0.04,0.5,0.0
1hop,fold_d,314159,high,coordinate_plus_frozen_sequence_fm,234743,0.04149644504841465,0.058395440720256535,0.5507531249256272,0.017630603021285055
1hop,fold_d,314159,high,coordinate_plus_frozen_sequence_fm_plus_frozen_pangenomefm,234743,0.04149644504841465,0.056989713576401424,0.5458218457145864,0.01616401780457596
1hop,fold_d,314159,low,coordinate_plus_frozen_sequence_fm,82493,0.02837816542009625,0.03317359774364417,0.5322213056832343,0.004935492547490254
1hop,fold_d,314159,low,coordinate_plus_frozen_sequence_fm_plus_frozen_pangenomefm,82493,0.02837816542009625,0.03354371406659047,0.538856877294098,0.005316418860355922
1hop,fold_d,314159,medium,coordinate_plus_frozen_sequence_fm,95223,0.027356836058515275,0.08841996568370646,0.5527207808649476,0.06278060843788011
1hop,fold_d,314159,medium,coordinate_plus_frozen_sequence_fm_plus_frozen_pangenomefm,95223,0.027356836058515275,0.08597975107229205,0.5590007605176095,0.06027175966180296
1hop,fold_d,314159,unassigned,coordinate_plus_frozen_sequence_fm,75,0.04,0.04,0.5,0.0
1hop,fold_d,314159,unassigned,coordinate_plus_frozen_sequence_fm_plus_frozen_pangenomefm,75,0.04,0.04,0.5,0.0
strict,fold_d,314159,high,coordinate_plus_frozen_sequence_fm,234743,0.04149644504841465,0.058395440720256535,0.5507531249256272,0.017630603021285055
strict,fold_d,314159,high,coordinate_plus_frozen_sequence_fm_plus_frozen_pangenomefm,234743,0.04149644504841465,0.060150504198302424,0.5592439614044389,0.01946164837211272
strict,fold_d,314159,low,coordinate_plus_frozen_sequence_fm,82493,0.02837816542009625,0.03317359774364417,0.5322213056832343,0.004935492547490254
strict,fold_d,314159,low,coordinate_plus_frozen_sequence_fm_plus_frozen_pangenomefm,82493,0.02837816542009625,0.03318101177013643,0.5322129810472447,0.00494312311550385
strict,fold_d,314159,medium,coordinate_plus_frozen_sequence_fm,95223,0.027356836058515275,0.08841996568370646,0.5527207808649476,0.06278060843788011
strict,fold_d,314159,medium,coordinate_plus_frozen_sequence_fm_plus_frozen_pangenomefm,95223,0.027356836058515275,0.08803622588257262,0.5590854208952473,0.0623860754628281
strict,fold_d,314159,unassigned,coordinate_plus_frozen_sequence_fm,75,0.04,0.04,0.5,0.0
strict,fold_d,314159,unassigned,coordinate_plus_frozen_sequence_fm_plus_frozen_pangenomefm,75,0.04,0.04,0.5,0.0
1hop,fold_d,42,high,coordinate_plus_frozen_sequence_fm,234743,0.04149644504841465,0.058395440720256535,0.5507531249256272,0.017630603021285055
1hop,fold_d,42,high,coordinate_plus_frozen_sequence_fm_plus_frozen_pangenomefm,234743,0.04149644504841465,0.06495158285942498,0.5665633976488323,0.024470579884489915
1hop,fold_d,42,low,coordinate_plus_frozen_sequence_fm,82493,0.02837816542009625,0.03317359774364417,0.5322213056832343,0.004935492547490254
1hop,fold_d,42,low,coordinate_plus_frozen_sequence_fm_plus_frozen_pangenomefm,82493,0.02837816542009625,0.033271502989325005,0.523506109963048,0.005036257312336407
1hop,fold_d,42,medium,coordinate_plus_frozen_sequence_fm,95223,0.027356836058515275,0.08841996568370646,0.5527207808649476,0.06278060843788011
1hop,fold_d,42,medium,coordinate_plus_frozen_sequence_fm_plus_frozen_pangenomefm,95223,0.027356836058515275,0.08721029682470652,0.5545138641212128,0.06153691609124608
1hop,fold_d,42,unassigned,coordinate_plus_frozen_sequence_fm,75,0.04,0.04,0.5,0.0
1hop,fold_d,42,unassigned,coordinate_plus_frozen_sequence_fm_plus_frozen_pangenomefm,75,0.04,0.04,0.5,0.0
strict,fold_d,42,high,coordinate_plus_frozen_sequence_fm,234743,0.04149644504841465,0.058395440720256535,0.5507531249256272,0.017630603021285055
strict,fold_d,42,high,coordinate_plus_frozen_sequence_fm_plus_frozen_pangenomefm,234743,0.04149644504841465,0.05700007602664715,0.550821656636889,0.016174828875846585
strict,fold_d,42,low,coordinate_plus_frozen_sequence_fm,82493,0.02837816542009625,0.03317359774364417,0.5322213056832343,0.004935492547490254
strict,fold_d,42,low,coordinate_plus_frozen_sequence_fm_plus_frozen_pangenomefm,82493,0.02837816542009625,0.03407189789187488,0.5312061051324142,0.005860029354157536
strict,fold_d,42,medium,coordinate_plus_frozen_sequence_fm,95223,0.027356836058515275,0.08841996568370646,0.5527207808649476,0.06278060843788011
strict,fold_d,42,medium,coordinate_plus_frozen_sequence_fm_plus_frozen_pangenomefm,95223,0.027356836058515275,0.08672652102354714,0.5502675157683373,0.061039533475406825
strict,fold_d,42,unassigned,coordinate_plus_frozen_sequence_fm,75,0.04,0.04,0.5,0.0
strict,fold_d,42,unassigned,coordinate_plus_frozen_sequence_fm_plus_frozen_pangenomefm,75,0.04,0.04,0.5,0.0
1hop,fold_e,20260806,high,coordinate_plus_frozen_sequence_fm,159886,0.03616326632725817,0.06738307110197106,0.6061260488610987,0.03239117548025843
1hop,fold_e,20260806,high,coordinate_plus_frozen_sequence_fm_plus_frozen_pangenomefm,159886,0.03616326632725817,0.0764666037872685,0.620956987175623,0.041815523368187786
1hop,fold_e,20260806,low,coordinate_plus_frozen_sequence_fm,72814,0.026368555497569147,0.025485435771335656,0.465756545423449,-0.0009070369812108988
1hop,fold_e,20260806,low,coordinate_plus_frozen_sequence_fm_plus_frozen_pangenomefm,72814,0.026368555497569147,0.025434772351353198,0.46131914739493707,-0.0009590725027303884
1hop,fold_e,20260806,medium,coordinate_plus_frozen_sequence_fm,158232,0.02666338035289954,0.034191146290906485,0.5049318489684569,0.007733979988070585
1hop,fold_e,20260806,medium,coordinate_plus_frozen_sequence_fm_plus_frozen_pangenomefm,158232,0.02666338035289954,0.03430952647064942,0.4978888120412697,0.007855603049767223
strict,fold_e,20260806,high,coordinate_plus_frozen_sequence_fm,159886,0.03616326632725817,0.06738307110197106,0.6061260488610987,0.03239117548025843
strict,fold_e,20260806,high,coordinate_plus_frozen_sequence_fm_plus_frozen_pangenomefm,159886,0.03616326632725817,0.06680729195513226,0.5946216800621404,0.031793793032875696
strict,fold_e,20260806,low,coordinate_plus_frozen_sequence_fm,72814,0.026368555497569147,0.025485435771335656,0.465756545423449,-0.0009070369812108988
strict,fold_e,20260806,low,coordinate_plus_frozen_sequence_fm_plus_frozen_pangenomefm,72814,0.026368555497569147,0.02503234113058409,0.46017578106633383,-0.001372402642221487
strict,fold_e,20260806,medium,coordinate_plus_frozen_sequence_fm,158232,0.02666338035289954,0.034191146290906485,0.5049318489684569,0.007733979988070585
strict,fold_e,20260806,medium,coordinate_plus_frozen_sequence_fm_plus_frozen_pangenomefm,158232,0.02666338035289954,0.0323312387585109,0.498281243583654,0.005823122536647533
1hop,fold_e,314159,high,coordinate_plus_frozen_sequence_fm,159886,0.03616326632725817,0.06738307110197106,0.6061260488610987,0.03239117548025843
1hop,fold_e,314159,high,coordinate_plus_frozen_sequence_fm_plus_frozen_pangenomefm,159886,0.03616326632725817,0.07029640718792204,0.6158776313589535,0.03541382027493189
1hop,fold_e,314159,low,coordinate_plus_frozen_sequence_fm,72814,0.026368555497569147,0.025485435771335656,0.465756545423449,-0.0009070369812108988
1hop,fold_e,314159,low,coordinate_plus_frozen_sequence_fm_plus_frozen_pangenomefm,72814,0.026368555497569147,0.024727048385926355,0.45918966241266307,-0.0016859635346737143
1hop,fold_e,314159,medium,coordinate_plus_frozen_sequence_fm,158232,0.02666338035289954,0.034191146290906485,0.5049318489684569,0.007733979988070585
1hop,fold_e,314159,medium,coordinate_plus_frozen_sequence_fm_plus_frozen_pangenomefm,158232,0.02666338035289954,0.03321422067285417,0.4930453944266535,0.006730292673391604
strict,fold_e,314159,high,coordinate_plus_frozen_sequence_fm,159886,0.03616326632725817,0.06738307110197106,0.6061260488610987,0.03239117548025843
strict,fold_e,314159,high,coordinate_plus_frozen_sequence_fm_plus_frozen_pangenomefm,159886,0.03616326632725817,0.07027573623174381,0.6090374861376056,0.03539237374207412
strict,fold_e,314159,low,coordinate_plus_frozen_sequence_fm,72814,0.026368555497569147,0.025485435771335656,0.465756545423449,-0.0009070369812108988
strict,fold_e,314159,low,coordinate_plus_frozen_sequence_fm_plus_frozen_pangenomefm,72814,0.026368555497569147,0.02634188644859313,0.4586024374124279,-2.7391318477441697e-05
strict,fold_e,314159,medium,coordinate_plus_frozen_sequence_fm,158232,0.02666338035289954,0.034191146290906485,0.5049318489684569,0.007733979988070585
strict,fold_e,314159,medium,coordinate_plus_frozen_sequence_fm_plus_frozen_pangenomefm,158232,0.02666338035289954,0.03380045865759091,0.506189439129467,0.007332589939212437
1hop,fold_e,42,high,coordinate_plus_frozen_sequence_fm,159886,0.03616326632725817,0.06738307110197106,0.6061260488610987,0.03239117548025843
1hop,fold_e,42,high,coordinate_plus_frozen_sequence_fm_plus_frozen_pangenomefm,159886,0.03616326632725817,0.06821142516380493,0.5683877354932587,0.03325060948281755
1hop,fold_e,42,low,coordinate_plus_frozen_sequence_fm,72814,0.026368555497569147,0.025485435771335656,0.465756545423449,-0.0009070369812108988
1hop,fold_e,42,low,coordinate_plus_frozen_sequence_fm_plus_frozen_pangenomefm,72814,0.026368555497569147,0.026702284278242037,0.4734309504624275,0.0003427670527254177
1hop,fold_e,42,medium,coordinate_plus_frozen_sequence_fm,158232,0.02666338035289954,0.034191146290906485,0.5049318489684569,0.007733979988070585
1hop,fold_e,42,medium,coordinate_plus_frozen_sequence_fm_plus_frozen_pangenomefm,158232,0.02666338035289954,0.035182938927902446,0.49930695864293456,0.008752941585709387
strict,fold_e,42,high,coordinate_plus_frozen_sequence_fm,159886,0.03616326632725817,0.06738307110197106,0.6061260488610987,0.03239117548025843
strict,fold_e,42,high,coordinate_plus_frozen_sequence_fm_plus_frozen_pangenomefm,159886,0.03616326632725817,0.06908667072254557,0.6085699841296358,0.03415869435670016
strict,fold_e,42,low,coordinate_plus_frozen_sequence_fm,72814,0.026368555497569147,0.025485435771335656,0.465756545423449,-0.0009070369812108988
strict,fold_e,42,low,coordinate_plus_frozen_sequence_fm_plus_frozen_pangenomefm,72814,0.026368555497569147,0.02649527614795915,0.47052626911891937,0.00013015258607918366
strict,fold_e,42,medium,coordinate_plus_frozen_sequence_fm,158232,0.02666338035289954,0.034191146290906485,0.5049318489684569,0.007733979988070585
strict,fold_e,42,medium,coordinate_plus_frozen_sequence_fm_plus_frozen_pangenomefm,158232,0.02666338035289954,0.03482341621259742,0.5002626023847699,0.008383570180125803
