chrom,n_informative_experiments,available_negative,available_positive,selected_per_class
chr1,1,3719,39,39
chr1,2,2204,54,54
chr1,3,1502,60,60
chr1,4,1242,51,51
chr1,5,996,61,61
chr1,6,780,35,35
chr1,7,658,43,43
chr1,8,569,37,37
chr1,9,546,47,47
chr1,10,424,34,34
chr1,11,380,39,39
chr1,12,374,23,23
chr1,13,320,37,37
chr1,14,292,36,36
chr1,15,250,34,34
chr1,16,238,32,32
chr1,17,222,27,27
chr1,18,196,28,28
chr1,19,204,28,28
chr1,20,199,33,33
chr1,21,166,24,24
chr1,22,153,30,30
chr1,23,152,26,26
chr1,24,106,24,24
chr1,25,130,20,20
chr1,26,121,26,26
chr1,27,132,29,29
chr1,28,138,22,22
chr1,29,101,39,39
chr1,30,108,20,20
chr1,31,97,29,29
chr1,32,107,19,19
chr1,33,89,18,18
chr1,34,86,26,26
chr1,35,96,28,28
chr1,36,77,25,25
chr1,37,78,25,25
chr1,38,69,16,16
chr1,39,73,18,18
chr1,40,65,21,21
chr1,41,58,17,17
chr1,42,66,15,15
chr1,43,68,23,23
chr1,44,53,21,21
chr1,45,57,21,21
chr1,46,55,23,23
chr1,47,66,14,14
chr1,48,59,19,19
chr1,49,41,20,20
chr1,50,54,13,13
chr1,51,44,20,20
chr1,52,49,11,11
chr1,53,51,16,16
chr1,54,61,18,18
chr1,55,50,13,13
chr1,56,41,15,15
chr1,57,36,19,19
chr1,58,50,18,18
chr1,59,46,33,33
chr1,60,47,20,20
chr1,61,41,10,10
chr1,62,41,12,12
chr1,63,26,10,10
chr1,64,22,17,17
chr1,65,37,21,21
chr1,66,28,12,12
chr1,67,26,11,11
chr1,68,30,11,11
chr1,69,38,12,12
chr1,70,21,17,17
chr1,71,22,9,9
chr1,72,27,13,13
chr1,73,20,7,7
chr1,74,22,15,15
chr1,75,20,14,14
chr1,76,20,10,10
chr1,77,31,12,12
chr1,78,25,10,10
chr1,79,25,12,12
chr1,80,15,11,11
chr1,81,29,14,14
chr1,82,27,12,12
chr1,83,15,11,11
chr1,84,28,8,8
chr1,85,22,14,14
chr1,86,20,9,9
chr1,87,19,9,9
chr1,88,13,6,6
chr1,89,11,7,7
chr1,90,20,5,5
chr1,91,10,13,10
chr1,92,15,12,12
chr1,93,11,9,9
chr1,94,16,7,7
chr1,95,14,5,5
chr1,96,11,11,11
chr1,97,14,9,9
chr1,98,10,11,10
chr1,99,13,7,7
chr1,100,15,10,10
chr1,101,11,12,11
chr1,102,10,4,4
chr1,103,9,3,3
chr1,104,7,6,6
chr1,105,5,11,5
chr1,106,7,5,5
chr1,107,8,7,7
chr1,108,14,6,6
chr1,109,12,6,6
chr1,110,7,7,7
chr1,111,10,7,7
chr1,112,6,6,6
chr1,113,6,7,6
chr1,114,9,3,3
chr1,115,8,3,3
chr1,116,9,3,3
chr1,117,4,6,4
chr1,118,6,8,6
chr1,119,6,6,6
chr1,120,12,7,7
chr1,121,4,5,4
chr1,122,6,7,6
chr1,123,7,5,5
chr1,124,9,4,4
chr1,125,7,5,5
chr1,126,8,5,5
chr1,127,5,6,5
chr1,128,12,3,3
chr1,129,6,7,6
chr1,130,5,4,4
chr1,131,3,7,3
chr1,132,4,7,4
chr1,133,6,2,2
chr1,134,6,4,4
chr1,135,6,5,5
chr1,136,3,2,2
chr1,137,5,4,4
chr1,138,7,2,2
chr1,139,2,7,2
chr1,140,3,6,3
chr1,141,5,4,4
chr1,142,9,7,7
chr1,143,4,3,3
chr1,144,5,2,2
chr1,145,6,6,6
chr1,146,5,7,5
chr1,147,5,9,5
chr1,148,2,2,2
chr1,149,5,5,5
chr1,150,8,6,6
chr1,151,2,6,2
chr1,152,4,2,2
chr1,153,7,1,1
chr1,154,4,5,4
chr1,155,5,2,2
chr1,156,4,2,2
chr1,157,3,2,2
chr1,158,3,3,3
chr1,159,2,2,2
chr1,160,3,5,3
chr1,161,4,1,1
chr1,162,5,1,1
chr1,163,4,2,2
chr1,164,2,5,2
chr1,165,3,0,0
chr1,166,5,2,2
chr1,167,3,3,3
chr1,168,5,2,2
chr1,169,3,2,2
chr1,170,2,2,2
chr1,171,1,5,1
chr1,172,3,5,3
chr1,173,4,2,2
chr1,174,3,4,3
chr1,175,1,5,1
chr1,176,1,1,1
chr1,177,1,1,1
chr1,178,5,3,3
chr1,179,2,5,2
chr1,180,1,3,1
chr1,181,2,0,0
chr1,182,4,2,2
chr1,183,0,3,0
chr1,184,0,2,0
chr1,185,0,2,0
chr1,186,1,3,1
chr1,187,1,3,1
chr1,188,0,2,0
chr1,189,2,3,2
chr1,190,0,3,0
chr1,191,3,3,3
chr1,192,1,2,1
chr1,193,1,1,1
chr1,194,2,3,2
chr1,195,1,2,1
chr1,196,6,4,4
chr1,197,2,1,1
chr1,198,3,1,1
chr1,199,0,3,0
chr1,200,1,2,1
chr1,201,0,3,0
chr1,202,2,1,1
chr1,204,1,1,1
chr1,206,0,1,0
chr1,208,0,1,0
chr1,209,1,5,1
chr1,210,1,1,1
chr1,211,2,2,2
chr1,212,1,1,1
chr1,213,0,1,0
chr1,214,1,2,1
chr1,215,1,3,1
chr1,216,0,2,0
chr1,217,3,4,3
chr1,218,1,3,1
chr1,219,3,0,0
chr1,220,1,2,1
chr1,221,0,1,0
chr1,222,1,0,0
chr1,223,1,1,1
chr1,224,1,2,1
chr1,225,0,3,0
chr1,226,0,2,0
chr1,227,2,0,0
chr1,228,2,3,2
chr1,229,0,2,0
chr1,231,0,1,0
chr1,232,3,0,0
chr1,233,0,1,0
chr1,234,2,3,2
chr1,235,1,1,1
chr1,236,0,1,0
chr1,237,0,1,0
chr1,238,0,1,0
chr1,240,0,2,0
chr1,241,1,0,0
chr1,242,1,0,0
chr1,243,0,1,0
chr1,245,0,1,0
chr1,248,1,0,0
chr1,249,1,6,1
chr1,250,2,2,2
chr1,252,0,1,0
chr1,253,1,2,1
chr1,255,0,3,0
chr1,256,0,1,0
chr1,258,0,2,0
chr1,260,0,2,0
chr1,261,0,3,0
chr1,263,1,1,1
chr1,264,1,1,1
chr1,267,1,1,1
chr1,271,0,1,0
chr1,272,1,2,1
chr1,273,2,1,1
chr1,274,0,2,0
chr1,275,0,1,0
chr1,277,1,0,0
chr1,280,0,1,0
chr1,283,0,1,0
chr1,284,0,2,0
chr1,286,1,0,0
chr1,289,0,1,0
chr1,290,1,0,0
chr1,291,0,1,0
chr1,293,0,1,0
chr1,295,0,3,0
chr1,301,0,3,0
chr1,304,0,1,0
chr1,305,1,0,0
chr1,306,1,0,0
chr1,309,1,0,0
chr1,312,0,1,0
chr1,316,0,1,0
chr1,317,0,1,0
chr1,318,0,2,0
chr1,323,0,1,0
chr1,329,0,1,0
chr1,331,0,1,0
chr1,339,0,1,0
chr1,341,1,0,0
chr1,348,0,1,0
chr1,352,0,1,0
chr1,358,0,1,0
chr1,371,1,0,0
chr1,372,0,1,0
chr1,373,0,1,0
chr1,376,0,1,0
chr1,380,0,1,0
chr1,382,0,1,0
chr1,384,0,1,0
chr1,404,0,1,0
chr10,1,2091,25,25
chr10,2,1325,19,19
chr10,3,1006,44,44
chr10,4,785,35,35
chr10,5,619,24,24
chr10,6,518,23,23
chr10,7,404,25,25
chr10,8,357,26,26
chr10,9,309,28,28
chr10,10,295,27,27
chr10,11,262,26,26
chr10,12,190,25,25
chr10,13,199,26,26
chr10,14,177,13,13
chr10,15,155,13,13
chr10,16,136,18,18
chr10,17,136,22,22
chr10,18,110,19,19
chr10,19,110,19,19
chr10,20,137,15,15
chr10,21,87,20,20
chr10,22,102,19,19
chr10,23,85,22,22
chr10,24,78,17,17
chr10,25,70,16,16
chr10,26,76,12,12
chr10,27,71,16,16
chr10,28,70,16,16
chr10,29,59,17,17
chr10,30,80,16,16
chr10,31,67,11,11
chr10,32,46,11,11
chr10,33,64,11,11
chr10,34,43,18,18
chr10,35,61,19,19
chr10,36,49,9,9
chr10,37,50,13,13
chr10,38,36,12,12
chr10,39,49,6,6
chr10,40,48,13,13
chr10,41,37,16,16
chr10,42,36,8,8
chr10,43,31,12,12
chr10,44,36,5,5
chr10,45,28,6,6
chr10,46,37,13,13
chr10,47,39,7,7
chr10,48,33,8,8
chr10,49,27,7,7
chr10,50,31,11,11
chr10,51,18,7,7
chr10,52,20,12,12
chr10,53,37,9,9
chr10,54,31,8,8
chr10,55,21,7,7
chr10,56,22,8,8
chr10,57,22,8,8
chr10,58,15,6,6
chr10,59,22,7,7
chr10,60,24,10,10
chr10,61,19,13,13
chr10,62,22,12,12
chr10,63,14,12,12
chr10,64,18,10,10
chr10,65,21,5,5
chr10,66,25,6,6
chr10,67,20,10,10
chr10,68,19,5,5
chr10,69,16,6,6
chr10,70,14,4,4
chr10,71,16,5,5
chr10,72,12,9,9
chr10,73,7,4,4
chr10,74,13,3,3
chr10,75,8,6,6
chr10,76,8,9,8
chr10,77,6,3,3
chr10,78,10,10,10
chr10,79,12,6,6
chr10,80,13,3,3
chr10,81,11,6,6
chr10,82,10,4,4
chr10,83,11,5,5
chr10,84,12,7,7
chr10,85,7,9,7
chr10,86,13,2,2
chr10,87,10,8,8
chr10,88,7,2,2
chr10,89,12,9,9
chr10,90,11,4,4
chr10,91,4,7,4
chr10,92,8,3,3
chr10,93,6,2,2
chr10,94,14,4,4
chr10,95,3,5,3
chr10,96,10,2,2
chr10,97,5,5,5
chr10,98,7,3,3
chr10,99,7,6,6
chr10,100,5,3,3
chr10,101,6,2,2
chr10,102,5,5,5
chr10,103,8,4,4
chr10,104,5,2,2
chr10,105,3,1,1
chr10,106,4,4,4
chr10,107,4,4,4
chr10,108,3,5,3
chr10,109,2,0,0
chr10,110,3,3,3
chr10,111,9,1,1
chr10,112,9,4,4
chr10,113,2,1,1
chr10,114,5,7,5
chr10,115,5,4,4
chr10,116,8,2,2
chr10,117,4,3,3
chr10,118,3,4,3
chr10,119,8,2,2
chr10,120,3,1,1
chr10,121,3,1,1
chr10,122,5,3,3
chr10,123,2,2,2
chr10,124,4,2,2
chr10,125,4,1,1
chr10,126,3,4,3
chr10,127,7,5,5
chr10,128,1,2,1
chr10,129,1,5,1
chr10,130,7,0,0
chr10,131,5,4,4
chr10,132,4,3,3
chr10,133,1,0,0
chr10,134,3,2,2
chr10,135,3,4,3
chr10,136,4,2,2
chr10,137,2,3,2
chr10,138,4,1,1
chr10,139,2,0,0
chr10,140,3,1,1
chr10,141,3,1,1
chr10,142,4,2,2
chr10,143,5,3,3
chr10,144,5,3,3
chr10,145,1,3,1
chr10,146,4,0,0
chr10,147,1,2,1
chr10,148,3,2,2
chr10,149,6,1,1
chr10,150,4,1,1
chr10,151,5,2,2
chr10,152,3,6,3
chr10,153,1,2,1
chr10,154,1,1,1
chr10,155,2,4,2
chr10,156,5,1,1
chr10,157,2,0,0
chr10,158,0,1,0
chr10,159,3,3,3
chr10,160,2,3,2
chr10,161,1,1,1
chr10,162,0,1,0
chr10,163,1,3,1
chr10,164,1,2,1
chr10,165,1,1,1
chr10,166,0,2,0
chr10,167,3,2,2
chr10,168,2,2,2
chr10,169,2,4,2
chr10,170,2,1,1
chr10,171,2,1,1
chr10,173,0,2,0
chr10,174,0,1,0
chr10,175,0,4,0
chr10,176,1,3,1
chr10,177,2,1,1
chr10,178,2,1,1
chr10,179,0,3,0
chr10,180,2,3,2
chr10,181,0,3,0
chr10,182,2,0,0
chr10,183,1,2,1
chr10,184,1,1,1
chr10,185,2,0,0
chr10,186,0,2,0
chr10,187,1,0,0
chr10,188,1,0,0
chr10,189,3,1,1
chr10,191,1,3,1
chr10,192,2,0,0
chr10,193,1,1,1
chr10,194,1,0,0
chr10,195,3,0,0
chr10,196,2,0,0
chr10,197,1,2,1
chr10,198,1,2,1
chr10,199,1,0,0
chr10,200,1,3,1
chr10,202,0,2,0
chr10,204,0,1,0
chr10,205,1,0,0
chr10,211,0,1,0
chr10,212,0,2,0
chr10,213,0,1,0
chr10,214,0,2,0
chr10,217,0,1,0
chr10,219,1,1,1
chr10,221,1,0,0
chr10,222,0,1,0
chr10,223,2,0,0
chr10,226,0,1,0
chr10,228,1,1,1
chr10,229,0,1,0
chr10,230,1,0,0
chr10,231,0,1,0
chr10,232,0,2,0
chr10,233,1,1,1
chr10,235,0,1,0
chr10,236,0,1,0
chr10,238,0,2,0
chr10,241,0,3,0
chr10,244,0,1,0
chr10,245,0,1,0
chr10,247,1,0,0
chr10,252,1,0,0
chr10,255,0,1,0
chr10,257,1,0,0
chr10,258,1,0,0
chr10,260,0,1,0
chr10,263,0,1,0
chr10,264,1,0,0
chr10,265,0,1,0
chr10,276,0,1,0
chr10,279,1,0,0
chr10,291,1,0,0
chr10,292,0,1,0
chr10,299,1,0,0
chr10,301,0,1,0
chr10,304,0,1,0
chr10,305,0,1,0
chr10,306,1,1,1
chr10,308,0,1,0
chr10,311,0,1,0
chr10,316,0,1,0
chr10,321,0,1,0
chr10,324,0,1,0
chr10,326,0,1,0
chr10,344,0,2,0
chr10,352,0,1,0
chr10,371,1,0,0
chr10,383,0,1,0
chr11,1,2098,25,25
chr11,2,1262,20,20
chr11,3,882,22,22
chr11,4,692,23,23
chr11,5,529,20,20
chr11,6,456,33,33
chr11,7,435,23,23
chr11,8,350,23,23
chr11,9,317,14,14
chr11,10,225,24,24
chr11,11,205,17,17
chr11,12,204,14,14
chr11,13,152,15,15
chr11,14,171,24,24
chr11,15,150,19,19
chr11,16,123,14,14
chr11,17,112,20,20
chr11,18,116,27,27
chr11,19,88,18,18
chr11,20,103,21,21
chr11,21,89,15,15
chr11,22,86,14,14
chr11,23,71,16,16
chr11,24,80,17,17
chr11,25,75,14,14
chr11,26,67,14,14
chr11,27,80,9,9
chr11,28,60,16,16
chr11,29,67,10,10
chr11,30,62,19,19
chr11,31,61,16,16
chr11,32,53,10,10
chr11,33,57,13,13
chr11,34,45,12,12
chr11,35,53,16,16
chr11,36,53,15,15
chr11,37,54,18,18
chr11,38,52,10,10
chr11,39,41,12,12
chr11,40,46,7,7
chr11,41,42,8,8
chr11,42,42,8,8
chr11,43,34,11,11
chr11,44,36,14,14
chr11,45,34,18,18
chr11,46,32,12,12
chr11,47,32,11,11
chr11,48,24,10,10
chr11,49,21,12,12
chr11,50,42,11,11
chr11,51,29,8,8
chr11,52,27,6,6
chr11,53,25,9,9
chr11,54,29,6,6
chr11,55,39,7,7
chr11,56,24,10,10
chr11,57,32,8,8
chr11,58,19,11,11
chr11,59,24,5,5
chr11,60,19,5,5
chr11,61,28,8,8
chr11,62,21,7,7
chr11,63,32,8,8
chr11,64,26,9,9
chr11,65,16,7,7
chr11,66,15,5,5
chr11,67,14,12,12
chr11,68,17,12,12
chr11,69,10,6,6
chr11,70,15,6,6
chr11,71,13,6,6
chr11,72,27,8,8
chr11,73,17,12,12
chr11,74,17,6,6
chr11,75,11,4,4
chr11,76,15,7,7
chr11,77,11,14,11
chr11,78,17,8,8
chr11,79,15,11,11
chr11,80,13,8,8
chr11,81,11,8,8
chr11,82,14,5,5
chr11,83,13,12,12
chr11,84,10,6,6
chr11,85,7,7,7
chr11,86,7,13,7
chr11,87,3,8,3
chr11,88,8,5,5
chr11,89,6,6,6
chr11,90,12,2,2
chr11,91,6,10,6
chr11,92,12,3,3
chr11,93,9,7,7
chr11,94,9,3,3
chr11,95,7,4,4
chr11,96,6,4,4
chr11,97,5,4,4
chr11,98,1,10,1
chr11,99,9,2,2
chr11,100,4,3,3
chr11,101,2,3,2
chr11,102,10,3,3
chr11,103,7,3,3
chr11,104,5,5,5
chr11,105,8,6,6
chr11,106,3,4,3
chr11,107,5,2,2
chr11,108,3,4,3
chr11,109,7,0,0
chr11,110,2,6,2
chr11,111,6,1,1
chr11,112,3,1,1
chr11,113,3,1,1
chr11,114,5,3,3
chr11,115,2,1,1
chr11,116,3,4,3
chr11,117,5,6,5
chr11,118,3,8,3
chr11,119,5,9,5
chr11,120,1,3,1
chr11,121,4,1,1
chr11,122,4,5,4
chr11,123,6,3,3
chr11,124,6,4,4
chr11,125,4,4,4
chr11,126,5,3,3
chr11,127,2,1,1
chr11,128,2,2,2
chr11,129,5,7,5
chr11,130,4,5,4
chr11,131,1,3,1
chr11,132,3,2,2
chr11,133,4,3,3
chr11,134,1,2,1
chr11,135,4,3,3
chr11,136,4,5,4
chr11,137,4,3,3
chr11,138,3,2,2
chr11,139,1,1,1
chr11,140,5,4,4
chr11,141,0,4,0
chr11,142,2,2,2
chr11,143,2,3,2
chr11,144,1,0,0
chr11,145,2,2,2
chr11,146,2,4,2
chr11,147,3,2,2
chr11,148,3,1,1
chr11,149,2,0,0
chr11,150,2,1,1
chr11,151,3,0,0
chr11,152,1,2,1
chr11,153,2,1,1
chr11,154,2,1,1
chr11,155,4,2,2
chr11,156,4,2,2
chr11,157,3,0,0
chr11,158,1,1,1
chr11,159,5,3,3
chr11,160,3,0,0
chr11,161,0,2,0
chr11,162,1,3,1
chr11,163,3,2,2
chr11,164,0,1,0
chr11,165,1,2,1
chr11,166,3,4,3
chr11,167,1,3,1
chr11,169,3,1,1
chr11,170,1,4,1
chr11,171,2,2,2
chr11,172,0,3,0
chr11,173,2,1,1
chr11,174,0,3,0
chr11,175,2,2,2
chr11,176,1,1,1
chr11,177,1,0,0
chr11,178,3,1,1
chr11,179,1,3,1
chr11,180,0,1,0
chr11,181,1,3,1
chr11,182,2,0,0
chr11,183,1,4,1
chr11,184,0,3,0
chr11,185,1,3,1
chr11,187,0,1,0
chr11,188,0,2,0
chr11,189,0,1,0
chr11,191,1,2,1
chr11,192,1,0,0
chr11,196,0,2,0
chr11,198,0,2,0
chr11,199,2,1,1
chr11,200,1,1,1
chr11,201,2,2,2
chr11,203,2,0,0
chr11,204,2,0,0
chr11,205,0,2,0
chr11,206,0,2,0
chr11,207,1,1,1
chr11,208,1,1,1
chr11,209,0,1,0
chr11,210,0,1,0
chr11,211,0,1,0
chr11,214,0,4,0
chr11,215,1,0,0
chr11,216,0,1,0
chr11,218,0,1,0
chr11,219,0,2,0
chr11,220,0,2,0
chr11,222,3,2,2
chr11,223,1,0,0
chr11,224,0,1,0
chr11,225,0,1,0
chr11,226,0,1,0
chr11,228,1,0,0
chr11,229,0,4,0
chr11,232,1,0,0
chr11,233,0,1,0
chr11,235,0,1,0
chr11,239,1,0,0
chr11,241,1,0,0
chr11,242,1,1,1
chr11,243,0,1,0
chr11,245,0,1,0
chr11,246,0,1,0
chr11,248,0,1,0
chr11,249,0,1,0
chr11,250,0,1,0
chr11,252,1,0,0
chr11,255,0,2,0
chr11,256,0,1,0
chr11,257,0,1,0
chr11,258,0,1,0
chr11,261,1,2,1
chr11,262,2,1,1
chr11,265,1,0,0
chr11,266,0,1,0
chr11,267,1,2,1
chr11,268,1,0,0
chr11,272,1,1,1
chr11,275,1,0,0
chr11,279,0,1,0
chr11,281,0,2,0
chr11,285,1,0,0
chr11,294,0,1,0
chr11,296,0,1,0
chr11,298,2,0,0
chr11,301,0,1,0
chr11,303,0,1,0
chr11,305,1,0,0
chr11,314,0,1,0
chr11,322,0,1,0
chr11,323,1,0,0
chr11,329,0,1,0
chr11,332,0,1,0
chr11,353,0,1,0
chr11,358,0,1,0
chr11,366,1,1,1
chr11,370,0,1,0
chr12,1,2163,31,31
chr12,2,1275,23,23
chr12,3,911,20,20
chr12,4,659,23,23
chr12,5,579,15,15
chr12,6,420,16,16
chr12,7,372,20,20
chr12,8,329,25,25
chr12,9,267,27,27
chr12,10,219,23,23
chr12,11,223,22,22
chr12,12,204,18,18
chr12,13,176,16,16
chr12,14,162,16,16
chr12,15,128,17,17
chr12,16,131,12,12
chr12,17,115,14,14
chr12,18,127,15,15
chr12,19,104,13,13
chr12,20,91,16,16
chr12,21,86,17,17
chr12,22,87,10,10
chr12,23,83,8,8
chr12,24,65,13,13
chr12,25,76,15,15
chr12,26,67,19,19
chr12,27,60,9,9
chr12,28,68,10,10
chr12,29,51,8,8
chr12,30,55,9,9
chr12,31,52,10,10
chr12,32,57,22,22
chr12,33,34,20,20
chr12,34,48,14,14
chr12,35,45,9,9
chr12,36,40,4,4
chr12,37,41,18,18
chr12,38,46,12,12
chr12,39,33,8,8
chr12,40,36,12,12
chr12,41,20,7,7
chr12,42,33,16,16
chr12,43,34,19,19
chr12,44,35,12,12
chr12,45,27,6,6
chr12,46,23,13,13
chr12,47,24,7,7
chr12,48,26,6,6
chr12,49,24,7,7
chr12,50,22,5,5
chr12,51,28,11,11
chr12,52,22,5,5
chr12,53,29,7,7
chr12,54,27,8,8
chr12,55,29,3,3
chr12,56,28,6,6
chr12,57,15,11,11
chr12,58,17,9,9
chr12,59,22,2,2
chr12,60,14,3,3
chr12,61,21,4,4
chr12,62,20,10,10
chr12,63,13,7,7
chr12,64,22,13,13
chr12,65,19,6,6
chr12,66,18,9,9
chr12,67,23,5,5
chr12,68,21,13,13
chr12,69,12,7,7
chr12,70,13,3,3
chr12,71,16,7,7
chr12,72,15,5,5
chr12,73,11,5,5
chr12,74,15,6,6
chr12,75,18,4,4
chr12,76,6,8,6
chr12,77,10,5,5
chr12,78,9,4,4
chr12,79,13,8,8
chr12,80,12,8,8
chr12,81,15,4,4
chr12,82,12,1,1
chr12,83,9,4,4
chr12,84,9,4,4
chr12,85,7,2,2
chr12,86,6,6,6
chr12,87,4,4,4
chr12,88,9,2,2
chr12,89,12,5,5
chr12,90,11,5,5
chr12,91,5,3,3
chr12,92,5,3,3
chr12,93,7,7,7
chr12,94,10,3,3
chr12,95,7,4,4
chr12,96,5,4,4
chr12,97,8,2,2
chr12,98,5,3,3
chr12,99,2,2,2
chr12,100,5,4,4
chr12,101,11,2,2
chr12,102,6,6,6
chr12,103,3,2,2
chr12,104,7,5,5
chr12,105,5,1,1
chr12,106,9,8,8
chr12,107,2,3,2
chr12,108,5,2,2
chr12,109,5,2,2
chr12,110,8,3,3
chr12,111,2,3,2
chr12,112,3,2,2
chr12,113,7,4,4
chr12,114,5,4,4
chr12,115,0,6,0
chr12,116,5,4,4
chr12,117,4,5,4
chr12,118,9,0,0
chr12,119,5,0,0
chr12,120,2,1,1
chr12,121,8,2,2
chr12,122,3,2,2
chr12,123,6,3,3
chr12,124,6,1,1
chr12,125,4,1,1
chr12,126,3,4,3
chr12,127,4,5,4
chr12,128,3,3,3
chr12,129,5,3,3
chr12,130,4,2,2
chr12,131,3,3,3
chr12,132,0,4,0
chr12,133,6,4,4
chr12,134,1,1,1
chr12,135,2,2,2
chr12,136,2,1,1
chr12,137,4,2,2
chr12,138,2,3,2
chr12,139,6,3,3
chr12,140,4,3,3
chr12,141,2,2,2
chr12,142,3,2,2
chr12,143,1,2,1
chr12,144,2,1,1
chr12,145,4,0,0
chr12,146,4,2,2
chr12,147,2,2,2
chr12,148,2,4,2
chr12,149,1,3,1
chr12,150,4,1,1
chr12,151,0,5,0
chr12,152,3,1,1
chr12,153,1,2,1
chr12,154,1,3,1
chr12,155,1,2,1
chr12,156,2,1,1
chr12,157,2,3,2
chr12,158,2,0,0
chr12,159,5,1,1
chr12,160,0,1,0
chr12,161,0,2,0
chr12,162,1,1,1
chr12,163,1,3,1
chr12,164,0,5,0
chr12,165,3,4,3
chr12,166,0,2,0
chr12,167,2,1,1
chr12,168,3,1,1
chr12,169,1,0,0
chr12,170,3,1,1
chr12,171,2,1,1
chr12,172,2,1,1
chr12,173,0,6,0
chr12,174,3,0,0
chr12,175,0,1,0
chr12,176,2,1,1
chr12,177,3,0,0
chr12,178,0,3,0
chr12,179,3,3,3
chr12,180,1,4,1
chr12,181,0,3,0
chr12,182,1,2,1
chr12,183,1,3,1
chr12,184,1,2,1
chr12,185,1,1,1
chr12,186,0,2,0
chr12,187,0,1,0
chr12,188,2,0,0
chr12,189,0,1,0
chr12,190,4,0,0
chr12,191,2,3,2
chr12,193,1,1,1
chr12,195,1,0,0
chr12,196,0,1,0
chr12,197,1,0,0
chr12,198,1,1,1
chr12,199,3,2,2
chr12,200,0,2,0
chr12,201,3,0,0
chr12,202,3,2,2
chr12,204,0,1,0
chr12,205,2,2,2
chr12,207,1,0,0
chr12,208,1,1,1
chr12,211,1,1,1
chr12,212,1,1,1
chr12,213,0,1,0
chr12,215,1,1,1
chr12,217,1,0,0
chr12,220,0,1,0
chr12,221,1,1,1
chr12,222,1,2,1
chr12,223,0,1,0
chr12,224,1,1,1
chr12,225,1,0,0
chr12,226,1,3,1
chr12,227,0,1,0
chr12,228,1,0,0
chr12,229,2,0,0
chr12,230,1,0,0
chr12,232,0,1,0
chr12,235,1,1,1
chr12,236,0,1,0
chr12,237,2,0,0
chr12,238,2,0,0
chr12,242,0,2,0
chr12,243,0,1,0
chr12,244,1,1,1
chr12,247,0,1,0
chr12,248,1,0,0
chr12,249,1,0,0
chr12,251,0,1,0
chr12,252,0,1,0
chr12,255,0,2,0
chr12,258,0,1,0
chr12,259,1,0,0
chr12,260,0,1,0
chr12,264,1,0,0
chr12,266,1,0,0
chr12,267,0,1,0
chr12,270,0,1,0
chr12,271,0,2,0
chr12,273,0,1,0
chr12,274,0,1,0
chr12,276,1,1,1
chr12,279,1,0,0
chr12,280,1,0,0
chr12,282,0,1,0
chr12,283,0,1,0
chr12,284,0,1,0
chr12,286,1,0,0
chr12,288,0,1,0
chr12,294,0,1,0
chr12,300,0,1,0
chr12,301,0,2,0
chr12,302,0,1,0
chr12,308,0,1,0
chr12,314,0,1,0
chr12,317,0,1,0
chr12,321,0,1,0
chr12,323,0,1,0
chr12,334,0,1,0
chr12,346,0,1,0
chr12,348,0,1,0
chr12,350,0,1,0
chr12,351,0,1,0
chr12,353,0,1,0
chr12,371,0,1,0
chr12,374,0,1,0
chr12,378,0,1,0
chr12,387,0,1,0
chr13,1,1489,19,19
chr13,2,818,17,17
chr13,3,534,16,16
chr13,4,386,14,14
chr13,5,333,15,15
chr13,6,259,16,16
chr13,7,203,14,14
chr13,8,198,11,11
chr13,9,148,10,10
chr13,10,109,12,12
chr13,11,116,11,11
chr13,12,90,10,10
chr13,13,102,8,8
chr13,14,70,11,11
chr13,15,61,5,5
chr13,16,69,7,7
chr13,17,67,12,12
chr13,18,59,11,11
chr13,19,56,7,7
chr13,20,50,5,5
chr13,21,39,13,13
chr13,22,40,6,6
chr13,23,44,5,5
chr13,24,51,6,6
chr13,25,29,4,4
chr13,26,35,8,8
chr13,27,28,3,3
chr13,28,31,1,1
chr13,29,31,5,5
chr13,30,28,4,4
chr13,31,26,6,6
chr13,32,18,5,5
chr13,33,20,6,6
chr13,34,28,6,6
chr13,35,25,5,5
chr13,36,23,4,4
chr13,37,24,7,7
chr13,38,15,2,2
chr13,39,18,3,3
chr13,40,9,3,3
chr13,41,22,3,3
chr13,42,15,9,9
chr13,43,28,5,5
chr13,44,10,4,4
chr13,45,5,0,0
chr13,46,18,2,2
chr13,47,12,4,4
chr13,48,7,4,4
chr13,49,10,6,6
chr13,50,14,5,5
chr13,51,10,5,5
chr13,52,15,2,2
chr13,53,14,5,5
chr13,54,12,3,3
chr13,55,10,4,4
chr13,56,13,8,8
chr13,57,7,3,3
chr13,58,7,5,5
chr13,59,10,1,1
chr13,60,2,2,2
chr13,61,9,1,1
chr13,62,8,2,2
chr13,63,8,6,6
chr13,64,6,6,6
chr13,65,4,3,3
chr13,66,8,4,4
chr13,67,9,4,4
chr13,68,3,2,2
chr13,69,7,4,4
chr13,70,7,5,5
chr13,71,8,3,3
chr13,72,3,0,0
chr13,73,12,4,4
chr13,74,6,2,2
chr13,75,8,5,5
chr13,76,6,5,5
chr13,77,4,2,2
chr13,78,5,2,2
chr13,79,1,2,1
chr13,80,4,2,2
chr13,81,5,4,4
chr13,82,3,1,1
chr13,83,6,1,1
chr13,84,4,2,2
chr13,85,6,1,1
chr13,86,3,1,1
chr13,87,3,1,1
chr13,88,4,1,1
chr13,89,4,3,3
chr13,90,3,1,1
chr13,91,4,3,3
chr13,92,2,3,2
chr13,93,1,2,1
chr13,94,4,2,2
chr13,95,4,2,2
chr13,96,3,0,0
chr13,97,1,0,0
chr13,98,2,2,2
chr13,99,3,0,0
chr13,100,1,0,0
chr13,101,3,1,1
chr13,102,1,0,0
chr13,103,2,3,2
chr13,104,5,2,2
chr13,105,4,2,2
chr13,106,2,0,0
chr13,107,2,0,0
chr13,108,1,1,1
chr13,109,2,3,2
chr13,110,2,2,2
chr13,111,3,2,2
chr13,112,0,1,0
chr13,113,1,0,0
chr13,115,1,2,1
chr13,116,2,3,2
chr13,117,2,0,0
chr13,118,2,0,0
chr13,119,4,1,1
chr13,120,3,1,1
chr13,121,1,1,1
chr13,122,1,1,1
chr13,123,2,2,2
chr13,124,1,0,0
chr13,125,2,0,0
chr13,126,2,2,2
chr13,128,0,1,0
chr13,129,3,3,3
chr13,130,1,0,0
chr13,131,0,2,0
chr13,132,2,4,2
chr13,133,1,1,1
chr13,134,2,1,1
chr13,135,0,2,0
chr13,136,2,1,1
chr13,137,3,3,3
chr13,138,2,1,1
chr13,139,1,2,1
chr13,141,2,1,1
chr13,142,1,1,1
chr13,143,1,0,0
chr13,144,0,1,0
chr13,145,1,2,1
chr13,146,1,0,0
chr13,147,1,0,0
chr13,148,0,1,0
chr13,149,5,0,0
chr13,150,0,1,0
chr13,154,2,3,2
chr13,155,1,0,0
chr13,157,0,1,0
chr13,160,0,2,0
chr13,161,1,1,1
chr13,163,1,2,1
chr13,164,1,1,1
chr13,168,0,2,0
chr13,170,1,0,0
chr13,171,3,2,2
chr13,172,2,0,0
chr13,174,1,0,0
chr13,176,0,2,0
chr13,178,0,1,0
chr13,181,0,2,0
chr13,183,0,1,0
chr13,184,0,1,0
chr13,186,1,2,1
chr13,187,0,1,0
chr13,188,0,1,0
chr13,191,1,1,1
chr13,192,0,2,0
chr13,193,1,1,1
chr13,194,1,1,1
chr13,195,1,0,0
chr13,196,2,0,0
chr13,199,0,2,0
chr13,202,0,1,0
chr13,206,0,1,0
chr13,207,0,2,0
chr13,208,1,0,0
chr13,211,0,1,0
chr13,212,0,2,0
chr13,218,0,1,0
chr13,221,0,1,0
chr13,226,0,2,0
chr13,228,1,0,0
chr13,229,1,1,1
chr13,230,0,1,0
chr13,233,0,1,0
chr13,234,1,0,0
chr13,242,1,0,0
chr13,243,0,1,0
chr13,250,1,1,1
chr13,259,1,0,0
chr13,266,1,0,0
chr13,271,0,1,0
chr13,272,0,1,0
chr13,276,1,0,0
chr13,278,0,1,0
chr13,294,0,1,0
chr13,297,0,1,0
chr13,310,1,0,0
chr13,317,0,1,0
chr14,1,1419,9,9
chr14,2,843,15,15
chr14,3,577,22,22
chr14,4,464,17,17
chr14,5,341,16,16
chr14,6,303,24,24
chr14,7,244,19,19
chr14,8,232,11,11
chr14,9,183,20,20
chr14,10,175,19,19
chr14,11,157,18,18
chr14,12,145,8,8
chr14,13,113,12,12
chr14,14,102,14,14
chr14,15,90,11,11
chr14,16,108,14,14
chr14,17,80,13,13
chr14,18,81,14,14
chr14,19,78,13,13
chr14,20,62,14,14
chr14,21,50,10,10
chr14,22,49,9,9
chr14,23,46,10,10
chr14,24,46,9,9
chr14,25,51,5,5
chr14,26,36,15,15
chr14,27,50,10,10
chr14,28,46,9,9
chr14,29,42,10,10
chr14,30,37,9,9
chr14,31,45,4,4
chr14,32,28,9,9
chr14,33,21,9,9
chr14,34,26,4,4
chr14,35,26,12,12
chr14,36,34,7,7
chr14,37,32,6,6
chr14,38,25,11,11
chr14,39,35,9,9
chr14,40,23,6,6
chr14,41,22,3,3
chr14,42,28,7,7
chr14,43,20,11,11
chr14,44,26,6,6
chr14,45,16,6,6
chr14,46,19,4,4
chr14,47,11,11,11
chr14,48,23,6,6
chr14,49,22,5,5
chr14,50,11,6,6
chr14,51,11,4,4
chr14,52,18,5,5
chr14,53,21,5,5
chr14,54,17,2,2
chr14,55,20,9,9
chr14,56,18,5,5
chr14,57,18,4,4
chr14,58,11,3,3
chr14,59,14,3,3
chr14,60,8,5,5
chr14,61,16,6,6
chr14,62,9,3,3
chr14,63,10,3,3
chr14,64,11,4,4
chr14,65,9,5,5
chr14,66,15,3,3
chr14,67,5,6,5
chr14,68,14,3,3
chr14,69,11,7,7
chr14,70,10,6,6
chr14,71,9,3,3
chr14,72,9,7,7
chr14,73,11,3,3
chr14,74,9,3,3
chr14,75,11,9,9
chr14,76,6,4,4
chr14,77,11,4,4
chr14,78,6,3,3
chr14,79,5,4,4
chr14,80,6,4,4
chr14,81,7,6,6
chr14,82,5,5,5
chr14,83,9,5,5
chr14,84,4,2,2
chr14,85,7,3,3
chr14,86,8,1,1
chr14,87,7,8,7
chr14,88,2,2,2
chr14,89,9,1,1
chr14,90,3,5,3
chr14,91,6,4,4
chr14,92,3,2,2
chr14,93,7,5,5
chr14,94,1,2,1
chr14,95,4,5,4
chr14,96,4,7,4
chr14,97,8,4,4
chr14,98,9,4,4
chr14,99,3,1,1
chr14,101,7,4,4
chr14,102,3,3,3
chr14,103,6,0,0
chr14,104,8,2,2
chr14,105,2,3,2
chr14,106,2,1,1
chr14,107,2,3,2
chr14,108,2,1,1
chr14,109,5,0,0
chr14,110,5,3,3
chr14,111,3,4,3
chr14,112,4,2,2
chr14,113,7,2,2
chr14,114,3,3,3
chr14,115,5,1,1
chr14,116,2,3,2
chr14,117,5,1,1
chr14,118,2,0,0
chr14,119,2,4,2
chr14,120,2,1,1
chr14,121,3,5,3
chr14,122,6,3,3
chr14,123,0,2,0
chr14,124,2,0,0
chr14,125,7,2,2
chr14,126,0,2,0
chr14,127,1,2,1
chr14,129,7,4,4
chr14,130,3,1,1
chr14,131,3,2,2
chr14,132,0,1,0
chr14,134,4,2,2
chr14,135,1,3,1
chr14,136,1,0,0
chr14,137,1,1,1
chr14,138,4,3,3
chr14,139,1,2,1
chr14,140,3,1,1
chr14,141,2,0,0
chr14,142,1,1,1
chr14,143,5,3,3
chr14,144,4,3,3
chr14,145,1,2,1
chr14,146,1,0,0
chr14,147,2,5,2
chr14,148,1,3,1
chr14,149,1,1,1
chr14,150,0,3,0
chr14,151,0,2,0
chr14,152,2,2,2
chr14,153,1,2,1
chr14,154,1,0,0
chr14,155,1,1,1
chr14,156,3,0,0
chr14,157,3,1,1
chr14,158,1,0,0
chr14,159,4,2,2
chr14,160,2,2,2
chr14,161,2,1,1
chr14,162,1,1,1
chr14,163,1,2,1
chr14,164,1,0,0
chr14,165,1,2,1
chr14,166,2,3,2
chr14,168,1,1,1
chr14,169,3,1,1
chr14,170,2,1,1
chr14,171,0,1,0
chr14,172,1,2,1
chr14,174,1,1,1
chr14,175,1,0,0
chr14,176,3,0,0
chr14,177,2,1,1
chr14,178,0,3,0
chr14,179,1,0,0
chr14,181,0,1,0
chr14,182,2,2,2
chr14,183,1,1,1
chr14,186,0,1,0
chr14,188,1,0,0
chr14,190,0,1,0
chr14,191,0,3,0
chr14,192,0,1,0
chr14,193,2,0,0
chr14,194,0,1,0
chr14,195,0,1,0
chr14,197,2,0,0
chr14,199,0,2,0
chr14,201,2,1,1
chr14,202,1,0,0
chr14,204,0,1,0
chr14,205,1,2,1
chr14,206,1,2,1
chr14,209,1,0,0
chr14,211,0,2,0
chr14,212,0,1,0
chr14,214,0,1,0
chr14,215,0,1,0
chr14,217,1,0,0
chr14,220,1,0,0
chr14,222,0,1,0
chr14,223,0,1,0
chr14,224,1,1,1
chr14,225,0,1,0
chr14,226,1,0,0
chr14,227,1,0,0
chr14,228,0,1,0
chr14,229,1,1,1
chr14,233,0,1,0
chr14,236,0,1,0
chr14,237,0,1,0
chr14,240,0,1,0
chr14,242,1,0,0
chr14,247,0,1,0
chr14,254,0,1,0
chr14,256,0,1,0
chr14,259,1,0,0
chr14,262,0,1,0
chr14,264,0,1,0
chr14,266,0,1,0
chr14,267,1,0,0
chr14,271,0,1,0
chr14,280,0,1,0
chr14,290,1,0,0
chr14,293,0,1,0
chr14,305,0,1,0
chr14,307,1,0,0
chr14,309,0,1,0
chr14,310,1,1,1
chr14,314,0,1,0
chr14,316,0,1,0
chr14,327,0,1,0
chr14,330,0,1,0
chr14,335,0,1,0
chr14,336,0,1,0
chr14,356,0,1,0
chr14,372,0,1,0
chr14,385,0,1,0
chr14,418,0,1,0
chr15,1,1348,17,17
chr15,2,841,15,15
chr15,3,606,20,20
chr15,4,455,26,26
chr15,5,333,19,19
chr15,6,314,14,14
chr15,7,269,17,17
chr15,8,214,20,20
chr15,9,167,19,19
chr15,10,181,16,16
chr15,11,149,14,14
chr15,12,130,16,16
chr15,13,105,17,17
chr15,14,86,11,11
chr15,15,112,10,10
chr15,16,85,13,13
chr15,17,75,11,11
chr15,18,82,14,14
chr15,19,52,9,9
chr15,20,72,13,13
chr15,21,67,13,13
chr15,22,56,8,8
chr15,23,45,8,8
chr15,24,52,10,10
chr15,25,63,5,5
chr15,26,44,9,9
chr15,27,38,15,15
chr15,28,33,6,6
chr15,29,32,10,10
chr15,30,33,9,9
chr15,31,32,8,8
chr15,32,34,11,11
chr15,33,30,10,10
chr15,34,39,13,13
chr15,35,44,5,5
chr15,36,25,9,9
chr15,37,34,9,9
chr15,38,28,7,7
chr15,39,22,10,10
chr15,40,15,7,7
chr15,41,25,10,10
chr15,42,22,9,9
chr15,43,22,10,10
chr15,44,26,9,9
chr15,45,28,8,8
chr15,46,24,4,4
chr15,47,17,6,6
chr15,48,13,5,5
chr15,49,17,7,7
chr15,50,9,4,4
chr15,51,19,5,5
chr15,52,12,7,7
chr15,53,17,6,6
chr15,54,13,5,5
chr15,55,20,9,9
chr15,56,15,5,5
chr15,57,18,5,5
chr15,58,18,2,2
chr15,59,15,9,9
chr15,60,13,5,5
chr15,61,13,5,5
chr15,62,10,3,3
chr15,63,12,5,5
chr15,64,12,5,5
chr15,65,13,9,9
chr15,66,19,5,5
chr15,67,10,2,2
chr15,68,10,5,5
chr15,69,11,8,8
chr15,70,7,1,1
chr15,71,5,4,4
chr15,72,7,2,2
chr15,73,2,1,1
chr15,74,9,2,2
chr15,75,10,8,8
chr15,76,4,4,4
chr15,77,7,5,5
chr15,78,6,3,3
chr15,79,6,6,6
chr15,80,11,3,3
chr15,81,5,7,5
chr15,82,5,2,2
chr15,83,7,3,3
chr15,84,5,3,3
chr15,85,7,9,7
chr15,86,6,2,2
chr15,87,3,3,3
chr15,88,4,3,3
chr15,89,11,1,1
chr15,90,5,4,4
chr15,91,6,7,6
chr15,92,7,1,1
chr15,93,7,4,4
chr15,94,3,6,3
chr15,95,5,4,4
chr15,96,5,3,3
chr15,97,3,4,3
chr15,98,7,5,5
chr15,99,4,4,4
chr15,100,0,4,0
chr15,101,1,2,1
chr15,102,2,3,2
chr15,103,5,0,0
chr15,104,1,2,1
chr15,105,2,1,1
chr15,106,1,1,1
chr15,107,0,3,0
chr15,108,2,2,2
chr15,109,1,4,1
chr15,110,3,2,2
chr15,111,5,3,3
chr15,112,4,1,1
chr15,113,3,0,0
chr15,114,2,3,2
chr15,115,1,3,1
chr15,116,3,1,1
chr15,117,2,3,2
chr15,118,8,0,0
chr15,119,5,1,1
chr15,120,4,3,3
chr15,121,4,0,0
chr15,122,3,1,1
chr15,123,1,4,1
chr15,124,4,1,1
chr15,125,4,0,0
chr15,126,4,5,4
chr15,127,0,2,0
chr15,128,4,2,2
chr15,129,3,1,1
chr15,130,3,2,2
chr15,131,1,1,1
chr15,132,3,2,2
chr15,133,2,1,1
chr15,134,2,0,0
chr15,135,2,2,2
chr15,136,2,1,1
chr15,137,2,2,2
chr15,138,0,4,0
chr15,139,1,1,1
chr15,140,0,1,0
chr15,141,0,1,0
chr15,142,1,0,0
chr15,143,0,2,0
chr15,144,3,3,3
chr15,145,3,2,2
chr15,146,2,3,2
chr15,147,0,2,0
chr15,148,2,2,2
chr15,149,3,1,1
chr15,150,1,3,1
chr15,152,1,2,1
chr15,153,0,2,0
chr15,154,3,1,1
chr15,155,2,0,0
chr15,156,2,3,2
chr15,157,2,1,1
chr15,158,1,2,1
chr15,159,1,1,1
chr15,160,1,0,0
chr15,161,1,1,1
chr15,162,3,0,0
chr15,163,1,1,1
chr15,164,1,0,0
chr15,165,1,1,1
chr15,166,0,3,0
chr15,168,1,0,0
chr15,170,0,1,0
chr15,171,1,0,0
chr15,172,1,1,1
chr15,173,2,2,2
chr15,174,1,3,1
chr15,175,1,1,1
chr15,176,0,2,0
chr15,177,1,0,0
chr15,178,1,1,1
chr15,179,0,1,0
chr15,180,0,2,0
chr15,181,0,1,0
chr15,182,0,1,0
chr15,183,1,0,0
chr15,185,1,1,1
chr15,187,0,1,0
chr15,188,0,1,0
chr15,189,1,2,1
chr15,190,2,3,2
chr15,191,0,1,0
chr15,196,0,2,0
chr15,199,0,1,0
chr15,200,0,1,0
chr15,201,1,0,0
chr15,202,0,1,0
chr15,207,0,3,0
chr15,208,1,1,1
chr15,209,0,1,0
chr15,210,0,1,0
chr15,211,1,0,0
chr15,213,2,1,1
chr15,215,0,1,0
chr15,217,1,0,0
chr15,218,1,0,0
chr15,220,1,1,1
chr15,221,0,1,0
chr15,227,2,0,0
chr15,229,0,1,0
chr15,230,1,0,0
chr15,231,0,2,0
chr15,232,1,0,0
chr15,233,1,0,0
chr15,234,0,1,0
chr15,236,0,1,0
chr15,238,0,2,0
chr15,240,1,0,0
chr15,246,1,1,1
chr15,249,1,0,0
chr15,250,1,0,0
chr15,253,1,2,1
chr15,259,1,0,0
chr15,275,0,1,0
chr15,276,0,2,0
chr15,284,0,1,0
chr15,292,1,3,1
chr15,293,0,2,0
chr15,294,0,1,0
chr15,297,0,1,0
chr15,316,0,1,0
chr15,320,0,1,0
chr15,330,0,1,0
chr15,371,0,1,0
chr15,389,0,1,0
chr16,1,1244,12,12
chr16,2,799,19,19
chr16,3,611,17,17
chr16,4,468,26,26
chr16,5,338,19,19
chr16,6,301,15,15
chr16,7,281,17,17
chr16,8,239,22,22
chr16,9,222,16,16
chr16,10,197,15,15
chr16,11,140,17,17
chr16,12,136,17,17
chr16,13,137,16,16
chr16,14,108,13,13
chr16,15,90,14,14
chr16,16,112,20,20
chr16,17,98,17,17
chr16,18,89,18,18
chr16,19,87,8,8
chr16,20,77,17,17
chr16,21,64,11,11
chr16,22,68,18,18
chr16,23,72,15,15
chr16,24,67,17,17
chr16,25,50,16,16
chr16,26,54,13,13
chr16,27,39,10,10
chr16,28,56,11,11
chr16,29,52,16,16
chr16,30,47,8,8
chr16,31,42,13,13
chr16,32,46,13,13
chr16,33,31,12,12
chr16,34,43,12,12
chr16,35,34,9,9
chr16,36,47,11,11
chr16,37,30,8,8
chr16,38,25,6,6
chr16,39,31,9,9
chr16,40,20,6,6
chr16,41,17,6,6
chr16,42,27,8,8
chr16,43,24,13,13
chr16,44,19,18,18
chr16,45,18,7,7
chr16,46,18,8,8
chr16,47,24,7,7
chr16,48,15,8,8
chr16,49,27,4,4
chr16,50,28,8,8
chr16,51,31,8,8
chr16,52,21,7,7
chr16,53,17,8,8
chr16,54,16,7,7
chr16,55,21,6,6
chr16,56,17,10,10
chr16,57,14,3,3
chr16,58,10,6,6
chr16,59,20,9,9
chr16,60,20,6,6
chr16,61,18,8,8
chr16,62,10,6,6
chr16,63,7,12,7
chr16,64,8,10,8
chr16,65,18,5,5
chr16,66,15,8,8
chr16,67,7,11,7
chr16,68,9,3,3
chr16,69,13,10,10
chr16,70,10,4,4
chr16,71,10,7,7
chr16,72,7,2,2
chr16,73,11,4,4
chr16,74,12,6,6
chr16,75,8,4,4
chr16,76,10,6,6
chr16,77,15,4,4
chr16,78,8,13,8
chr16,79,9,3,3
chr16,80,11,2,2
chr16,81,9,6,6
chr16,82,11,7,7
chr16,83,6,4,4
chr16,84,10,5,5
chr16,85,8,5,5
chr16,86,6,7,6
chr16,87,6,3,3
chr16,88,4,5,4
chr16,89,11,5,5
chr16,90,10,3,3
chr16,91,6,4,4
chr16,92,7,8,7
chr16,93,7,3,3
chr16,94,4,6,4
chr16,95,4,3,3
chr16,96,4,3,3
chr16,97,2,2,2
chr16,98,1,4,1
chr16,99,1,2,1
chr16,100,8,5,5
chr16,101,8,4,4
chr16,102,6,1,1
chr16,104,3,4,3
chr16,105,4,1,1
chr16,106,5,2,2
chr16,107,4,4,4
chr16,108,3,3,3
chr16,109,5,6,5
chr16,110,3,1,1
chr16,111,6,4,4
chr16,112,3,4,3
chr16,113,2,2,2
chr16,114,3,1,1
chr16,115,4,2,2
chr16,116,3,1,1
chr16,117,3,0,0
chr16,118,3,1,1
chr16,119,2,5,2
chr16,120,1,6,1
chr16,121,3,1,1
chr16,122,4,1,1
chr16,123,1,2,1
chr16,124,2,2,2
chr16,125,3,4,3
chr16,126,3,2,2
chr16,127,0,4,0
chr16,128,3,3,3
chr16,129,1,3,1
chr16,130,3,1,1
chr16,131,3,1,1
chr16,132,3,2,2
chr16,133,2,1,1
chr16,134,3,0,0
chr16,135,1,2,1
chr16,136,0,1,0
chr16,137,0,1,0
chr16,138,2,2,2
chr16,139,2,4,2
chr16,140,1,3,1
chr16,141,4,0,0
chr16,142,1,6,1
chr16,143,3,3,3
chr16,144,2,4,2
chr16,145,1,3,1
chr16,146,0,1,0
chr16,147,3,2,2
chr16,148,0,1,0
chr16,149,1,1,1
chr16,150,2,1,1
chr16,151,0,4,0
chr16,152,2,2,2
chr16,153,2,1,1
chr16,154,1,1,1
chr16,155,1,2,1
chr16,156,2,3,2
chr16,157,4,1,1
chr16,158,1,2,1
chr16,159,1,5,1
chr16,160,1,1,1
chr16,161,1,0,0
chr16,162,1,1,1
chr16,163,6,1,1
chr16,164,0,4,0
chr16,165,5,3,3
chr16,166,1,0,0
chr16,167,1,3,1
chr16,168,2,1,1
chr16,169,0,1,0
chr16,170,1,0,0
chr16,171,1,3,1
chr16,172,1,0,0
chr16,173,1,1,1
chr16,175,1,1,1
chr16,176,1,1,1
chr16,177,3,0,0
chr16,179,0,2,0
chr16,180,1,2,1
chr16,181,1,1,1
chr16,183,1,4,1
chr16,184,2,1,1
chr16,185,2,2,2
chr16,186,0,1,0
chr16,188,0,1,0
chr16,189,1,2,1
chr16,190,1,1,1
chr16,191,0,1,0
chr16,192,1,1,1
chr16,193,2,1,1
chr16,196,0,2,0
chr16,197,2,0,0
chr16,199,0,2,0
chr16,200,0,1,0
chr16,203,1,0,0
chr16,205,1,3,1
chr16,207,1,2,1
chr16,208,1,0,0
chr16,209,1,1,1
chr16,210,1,0,0
chr16,211,1,0,0
chr16,214,0,1,0
chr16,215,0,2,0
chr16,217,0,1,0
chr16,220,1,0,0
chr16,221,2,0,0
chr16,226,1,1,1
chr16,231,2,2,2
chr16,232,0,1,0
chr16,233,1,2,1
chr16,235,1,0,0
chr16,239,0,1,0
chr16,241,0,1,0
chr16,242,0,1,0
chr16,245,0,1,0
chr16,246,0,1,0
chr16,247,0,1,0
chr16,252,1,0,0
chr16,257,1,0,0
chr16,260,0,1,0
chr16,262,1,0,0
chr16,263,0,1,0
chr16,265,1,0,0
chr16,268,0,1,0
chr16,274,0,1,0
chr16,275,0,1,0
chr16,277,0,1,0
chr16,284,0,1,0
chr16,285,0,1,0
chr16,287,0,1,0
chr16,295,0,1,0
chr16,312,0,1,0
chr16,345,0,1,0
chr16,347,0,1,0
chr16,393,0,1,0
chr16,400,0,1,0
chr16,411,0,1,0
chr16,415,0,1,0
chr16,420,0,1,0
chr17,1,1238,23,23
chr17,2,846,22,22
chr17,3,680,22,22
chr17,4,505,29,29
chr17,5,439,35,35
chr17,6,362,26,26
chr17,7,289,26,26
chr17,8,251,27,27
chr17,9,276,23,23
chr17,10,242,23,23
chr17,11,185,19,19
chr17,12,208,22,22
chr17,13,166,19,19
chr17,14,155,12,12
chr17,15,135,14,14
chr17,16,121,18,18
chr17,17,109,17,17
chr17,18,97,17,17
chr17,19,83,11,11
chr17,20,98,17,17
chr17,21,72,22,22
chr17,22,83,18,18
chr17,23,78,13,13
chr17,24,81,17,17
chr17,25,69,17,17
chr17,26,67,12,12
chr17,27,72,12,12
chr17,28,70,14,14
chr17,29,59,20,20
chr17,30,44,14,14
chr17,31,53,13,13
chr17,32,51,16,16
chr17,33,52,9,9
chr17,34,47,17,17
chr17,35,53,15,15
chr17,36,52,14,14
chr17,37,45,8,8
chr17,38,48,9,9
chr17,39,50,6,6
chr17,40,45,15,15
chr17,41,46,8,8
chr17,42,29,13,13
chr17,43,40,14,14
chr17,44,29,9,9
chr17,45,29,10,10
chr17,46,34,14,14
chr17,47,23,4,4
chr17,48,26,9,9
chr17,49,27,13,13
chr17,50,38,9,9
chr17,51,26,10,10
chr17,52,20,13,13
chr17,53,26,14,14
chr17,54,27,7,7
chr17,55,27,11,11
chr17,56,20,7,7
chr17,57,15,8,8
chr17,58,21,10,10
chr17,59,18,18,18
chr17,60,28,7,7
chr17,61,25,6,6
chr17,62,16,5,5
chr17,63,26,6,6
chr17,64,17,5,5
chr17,65,22,8,8
chr17,66,25,9,9
chr17,67,24,7,7
chr17,68,17,10,10
chr17,69,23,13,13
chr17,70,12,9,9
chr17,71,7,14,7
chr17,72,11,6,6
chr17,73,12,5,5
chr17,74,6,8,6
chr17,75,12,6,6
chr17,76,22,7,7
chr17,77,8,8,8
chr17,78,6,7,6
chr17,79,8,4,4
chr17,80,12,9,9
chr17,81,10,10,10
chr17,82,10,4,4
chr17,83,11,19,11
chr17,84,9,8,8
chr17,85,13,8,8
chr17,86,8,6,6
chr17,87,6,5,5
chr17,88,9,2,2
chr17,89,8,7,7
chr17,90,10,3,3
chr17,91,6,5,5
chr17,92,8,10,8
chr17,93,9,6,6
chr17,94,9,10,9
chr17,95,3,5,3
chr17,96,8,11,8
chr17,97,10,4,4
chr17,98,9,3,3
chr17,99,5,9,5
chr17,100,5,5,5
chr17,101,5,6,5
chr17,102,6,4,4
chr17,103,7,5,5
chr17,104,10,5,5
chr17,105,4,4,4
chr17,106,9,2,2
chr17,107,3,2,2
chr17,108,3,7,3
chr17,109,8,10,8
chr17,110,8,2,2
chr17,111,2,0,0
chr17,112,6,1,1
chr17,113,7,5,5
chr17,114,2,4,2
chr17,115,3,2,2
chr17,116,6,3,3
chr17,117,5,3,3
chr17,118,2,4,2
chr17,119,2,2,2
chr17,120,7,7,7
chr17,121,2,4,2
chr17,122,3,3,3
chr17,123,0,2,0
chr17,124,3,2,2
chr17,125,3,1,1
chr17,126,9,4,4
chr17,127,4,3,3
chr17,128,6,3,3
chr17,129,2,1,1
chr17,130,2,3,2
chr17,131,2,3,2
chr17,132,2,1,1
chr17,133,4,4,4
chr17,134,3,4,3
chr17,135,2,2,2
chr17,136,2,0,0
chr17,137,2,2,2
chr17,138,3,2,2
chr17,139,3,2,2
chr17,140,6,4,4
chr17,141,2,1,1
chr17,142,4,3,3
chr17,143,1,2,1
chr17,144,3,2,2
chr17,145,3,2,2
chr17,146,0,3,0
chr17,147,6,6,6
chr17,148,2,1,1
chr17,149,3,4,3
chr17,150,1,3,1
chr17,151,4,2,2
chr17,152,3,4,3
chr17,153,2,1,1
chr17,154,1,3,1
chr17,155,6,1,1
chr17,156,1,2,1
chr17,157,0,4,0
chr17,158,1,4,1
chr17,159,2,3,2
chr17,160,2,1,1
chr17,161,0,2,0
chr17,162,2,1,1
chr17,163,1,0,0
chr17,164,1,3,1
chr17,165,0,2,0
chr17,166,0,1,0
chr17,167,4,3,3
chr17,168,1,0,0
chr17,169,3,2,2
chr17,170,2,2,2
chr17,171,1,1,1
chr17,172,1,1,1
chr17,173,1,1,1
chr17,174,1,1,1
chr17,175,1,3,1
chr17,176,2,2,2
chr17,178,0,1,0
chr17,179,1,1,1
chr17,180,2,1,1
chr17,181,3,0,0
chr17,182,0,3,0
chr17,183,0,1,0
chr17,184,0,3,0
chr17,185,3,0,0
chr17,186,0,2,0
chr17,187,1,2,1
chr17,188,2,0,0
chr17,189,1,2,1
chr17,190,2,0,0
chr17,192,0,1,0
chr17,193,1,1,1
chr17,194,2,0,0
chr17,196,1,0,0
chr17,197,1,0,0
chr17,200,0,2,0
chr17,201,0,3,0
chr17,202,2,2,2
chr17,203,0,1,0
chr17,204,1,1,1
chr17,206,2,0,0
chr17,207,1,4,1
chr17,208,0,2,0
chr17,210,1,0,0
chr17,211,0,1,0
chr17,212,0,3,0
chr17,213,2,0,0
chr17,215,1,0,0
chr17,216,2,0,0
chr17,217,1,1,1
chr17,218,1,2,1
chr17,219,0,1,0
chr17,220,1,0,0
chr17,221,2,3,2
chr17,224,1,2,1
chr17,225,0,1,0
chr17,226,0,2,0
chr17,227,1,0,0
chr17,228,2,1,1
chr17,229,0,1,0
chr17,230,0,1,0
chr17,231,1,0,0
chr17,232,0,1,0
chr17,233,0,2,0
chr17,234,0,1,0
chr17,236,0,1,0
chr17,238,2,1,1
chr17,240,0,1,0
chr17,242,1,0,0
chr17,243,1,0,0
chr17,245,0,1,0
chr17,246,0,1,0
chr17,249,0,1,0
chr17,251,0,1,0
chr17,252,0,1,0
chr17,257,1,0,0
chr17,266,1,0,0
chr17,269,0,1,0
chr17,271,1,0,0
chr17,274,1,0,0
chr17,278,0,1,0
chr17,280,0,1,0
chr17,282,1,0,0
chr17,286,1,2,1
chr17,291,1,0,0
chr17,295,0,2,0
chr17,296,0,1,0
chr17,301,0,1,0
chr17,303,1,0,0
chr17,309,1,1,1
chr17,316,0,1,0
chr17,318,1,0,0
chr17,319,1,1,1
chr17,330,1,0,0
chr17,336,0,1,0
chr17,350,0,1,0
chr17,353,0,1,0
chr17,354,0,1,0
chr17,369,0,1,0
chr17,384,0,1,0
chr17,392,0,1,0
chr17,395,0,1,0
chr17,401,0,1,0
chr17,439,0,1,0
chr17,461,0,1,0
chr17,484,0,1,0
chr18,1,1231,10,10
chr18,2,661,15,15
chr18,3,451,7,7
chr18,4,366,13,13
chr18,5,262,15,15
chr18,6,217,13,13
chr18,7,162,10,10
chr18,8,135,6,6
chr18,9,145,10,10
chr18,10,121,9,9
chr18,11,110,7,7
chr18,12,93,14,14
chr18,13,77,9,9
chr18,14,63,5,5
chr18,15,68,3,3
chr18,16,61,7,7
chr18,17,57,6,6
chr18,18,50,8,8
chr18,19,37,4,4
chr18,20,39,4,4
chr18,21,45,7,7
chr18,22,46,7,7
chr18,23,27,7,7
chr18,24,28,7,7
chr18,25,26,6,6
chr18,26,31,5,5
chr18,27,27,11,11
chr18,28,23,5,5
chr18,29,29,10,10
chr18,30,24,11,11
chr18,31,33,8,8
chr18,32,18,7,7
chr18,33,17,9,9
chr18,34,22,9,9
chr18,35,15,4,4
chr18,36,20,3,3
chr18,37,13,9,9
chr18,38,13,5,5
chr18,39,19,4,4
chr18,40,16,8,8
chr18,41,17,6,6
chr18,42,5,5,5
chr18,43,13,1,1
chr18,44,18,4,4
chr18,45,6,5,5
chr18,46,12,5,5
chr18,47,4,4,4
chr18,48,7,0,0
chr18,49,9,3,3
chr18,50,12,5,5
chr18,51,13,1,1
chr18,52,11,5,5
chr18,53,11,4,4
chr18,54,8,4,4
chr18,55,13,4,4
chr18,56,6,1,1
chr18,57,12,4,4
chr18,58,10,2,2
chr18,59,12,4,4
chr18,60,6,5,5
chr18,61,12,4,4
chr18,62,9,2,2
chr18,63,10,3,3
chr18,64,7,1,1
chr18,65,6,5,5
chr18,66,8,3,3
chr18,67,5,5,5
chr18,68,5,5,5
chr18,69,7,2,2
chr18,70,9,3,3
chr18,71,6,4,4
chr18,72,5,2,2
chr18,73,2,2,2
chr18,74,5,1,1
chr18,75,8,1,1
chr18,76,0,1,0
chr18,77,5,2,2
chr18,78,4,1,1
chr18,79,2,2,2
chr18,80,0,2,0
chr18,81,6,1,1
chr18,82,2,1,1
chr18,83,5,5,5
chr18,84,3,0,0
chr18,85,2,1,1
chr18,86,3,0,0
chr18,87,2,0,0
chr18,88,2,3,2
chr18,89,8,2,2
chr18,90,3,4,3
chr18,92,3,4,3
chr18,93,4,2,2
chr18,94,2,1,1
chr18,95,2,2,2
chr18,96,3,1,1
chr18,97,2,5,2
chr18,98,4,2,2
chr18,99,0,3,0
chr18,100,1,2,1
chr18,101,4,0,0
chr18,102,3,2,2
chr18,103,2,0,0
chr18,104,0,1,0
chr18,105,3,2,2
chr18,106,1,2,1
chr18,107,1,0,0
chr18,108,4,0,0
chr18,109,2,0,0
chr18,110,2,0,0
chr18,112,1,2,1
chr18,113,2,1,1
chr18,114,1,1,1
chr18,117,1,3,1
chr18,118,4,1,1
chr18,121,2,1,1
chr18,122,3,3,3
chr18,123,1,0,0
chr18,124,1,1,1
chr18,125,2,0,0
chr18,126,3,1,1
chr18,127,2,0,0
chr18,128,2,0,0
chr18,130,1,0,0
chr18,131,1,4,1
chr18,132,2,2,2
chr18,133,2,0,0
chr18,134,3,1,1
chr18,135,1,1,1
chr18,136,0,2,0
chr18,137,0,2,0
chr18,139,2,0,0
chr18,140,1,1,1
chr18,141,0,1,0
chr18,142,1,0,0
chr18,143,0,1,0
chr18,144,1,2,1
chr18,145,1,0,0
chr18,147,0,3,0
chr18,149,0,4,0
chr18,150,3,0,0
chr18,152,1,0,0
chr18,153,2,1,1
chr18,155,1,0,0
chr18,156,1,1,1
chr18,157,0,2,0
chr18,158,0,2,0
chr18,160,0,1,0
chr18,161,1,2,1
chr18,162,1,2,1
chr18,164,2,1,1
chr18,165,0,2,0
chr18,166,2,1,1
chr18,167,1,0,0
chr18,168,0,1,0
chr18,170,1,1,1
chr18,171,0,2,0
chr18,174,0,2,0
chr18,175,1,2,1
chr18,177,0,1,0
chr18,179,1,0,0
chr18,180,1,0,0
chr18,182,1,0,0
chr18,184,1,1,1
chr18,185,4,1,1
chr18,188,0,1,0
chr18,192,0,1,0
chr18,195,0,1,0
chr18,205,1,0,0
chr18,206,0,1,0
chr18,209,0,1,0
chr18,215,0,1,0
chr18,220,0,1,0
chr18,225,0,1,0
chr18,229,0,1,0
chr18,230,1,0,0
chr18,232,1,0,0
chr18,233,0,1,0
chr18,237,0,1,0
chr18,240,0,2,0
chr18,245,0,1,0
chr18,246,1,0,0
chr18,249,1,0,0
chr18,250,0,1,0
chr18,264,0,1,0
chr18,270,0,1,0
chr18,277,1,0,0
chr18,286,1,0,0
chr18,289,1,0,0
chr18,291,1,0,0
chr18,293,1,0,0
chr18,326,0,1,0
chr18,347,0,1,0
chr18,373,0,1,0
chr18,398,0,1,0
chr19,1,755,11,11
chr19,2,601,18,18
chr19,3,444,22,22
chr19,4,355,12,12
chr19,5,292,8,8
chr19,6,295,18,18
chr19,7,237,19,19
chr19,8,194,20,20
chr19,9,203,26,26
chr19,10,185,17,17
chr19,11,142,14,14
chr19,12,152,15,15
chr19,13,133,16,16
chr19,14,118,13,13
chr19,15,91,15,15
chr19,16,103,17,17
chr19,17,86,11,11
chr19,18,83,16,16
chr19,19,94,13,13
chr19,20,71,19,19
chr19,21,74,12,12
chr19,22,72,15,15
chr19,23,77,15,15
chr19,24,65,12,12
chr19,25,54,12,12
chr19,26,56,12,12
chr19,27,67,13,13
chr19,28,53,15,15
chr19,29,60,12,12
chr19,30,50,8,8
chr19,31,53,16,16
chr19,32,49,15,15
chr19,33,47,14,14
chr19,34,42,14,14
chr19,35,45,11,11
chr19,36,42,12,12
chr19,37,50,11,11
chr19,38,50,9,9
chr19,39,43,6,6
chr19,40,38,17,17
chr19,41,33,13,13
chr19,42,46,13,13
chr19,43,42,7,7
chr19,44,31,11,11
chr19,45,27,13,13
chr19,46,36,14,14
chr19,47,36,10,10
chr19,48,20,14,14
chr19,49,25,7,7
chr19,50,35,13,13
chr19,51,26,15,15
chr19,52,15,7,7
chr19,53,25,6,6
chr19,54,18,14,14
chr19,55,20,8,8
chr19,56,21,7,7
chr19,57,25,5,5
chr19,58,21,8,8
chr19,59,18,14,14
chr19,60,26,7,7
chr19,61,16,10,10
chr19,62,25,9,9
chr19,63,23,11,11
chr19,64,26,8,8
chr19,65,23,10,10
chr19,66,19,7,7
chr19,67,17,4,4
chr19,68,16,6,6
chr19,69,16,7,7
chr19,70,11,4,4
chr19,71,14,8,8
chr19,72,16,11,11
chr19,73,13,10,10
chr19,74,20,12,12
chr19,75,14,7,7
chr19,76,9,5,5
chr19,77,14,11,11
chr19,78,16,9,9
chr19,79,10,16,10
chr19,80,7,8,7
chr19,81,16,6,6
chr19,82,11,4,4
chr19,83,13,6,6
chr19,84,12,9,9
chr19,85,12,8,8
chr19,86,7,4,4
chr19,87,9,4,4
chr19,88,12,9,9
chr19,89,11,6,6
chr19,90,6,8,6
chr19,91,7,5,5
chr19,92,9,7,7
chr19,93,6,5,5
chr19,94,6,5,5
chr19,95,5,8,5
chr19,96,8,4,4
chr19,97,5,7,5
chr19,98,5,2,2
chr19,99,12,5,5
chr19,100,10,3,3
chr19,101,5,5,5
chr19,102,7,7,7
chr19,103,3,4,3
chr19,104,2,1,1
chr19,105,8,2,2
chr19,106,5,6,5
chr19,107,8,6,6
chr19,108,3,2,2
chr19,109,6,9,6
chr19,110,8,5,5
chr19,111,8,2,2
chr19,112,7,4,4
chr19,113,6,4,4
chr19,114,3,6,3
chr19,115,9,5,5
chr19,116,7,5,5
chr19,117,7,5,5
chr19,118,5,4,4
chr19,119,4,2,2
chr19,120,6,4,4
chr19,121,8,3,3
chr19,122,4,1,1
chr19,123,3,5,3
chr19,124,7,5,5
chr19,125,4,2,2
chr19,126,2,3,2
chr19,127,9,5,5
chr19,128,3,3,3
chr19,129,6,1,1
chr19,130,5,5,5
chr19,131,6,6,6
chr19,132,3,1,1
chr19,133,5,2,2
chr19,134,3,2,2
chr19,135,6,3,3
chr19,136,2,9,2
chr19,137,5,3,3
chr19,138,4,4,4
chr19,139,2,8,2
chr19,140,3,7,3
chr19,141,4,5,4
chr19,142,6,4,4
chr19,143,5,2,2
chr19,144,4,7,4
chr19,145,3,5,3
chr19,146,1,1,1
chr19,147,1,3,1
chr19,148,2,5,2
chr19,149,2,5,2
chr19,150,0,3,0
chr19,151,4,2,2
chr19,152,1,1,1
chr19,153,1,0,0
chr19,154,6,3,3
chr19,155,2,6,2
chr19,156,1,4,1
chr19,157,2,3,2
chr19,158,0,1,0
chr19,159,1,3,1
chr19,160,0,4,0
chr19,161,2,2,2
chr19,162,1,0,0
chr19,163,3,1,1
chr19,164,3,4,3
chr19,165,3,3,3
chr19,166,1,1,1
chr19,167,4,1,1
chr19,168,2,4,2
chr19,169,4,1,1
chr19,170,1,2,1
chr19,171,3,4,3
chr19,172,1,3,1
chr19,173,2,2,2
chr19,174,2,2,2
chr19,175,1,1,1
chr19,176,2,2,2
chr19,177,1,3,1
chr19,178,0,4,0
chr19,179,4,0,0
chr19,180,1,3,1
chr19,181,0,2,0
chr19,182,1,0,0
chr19,183,0,1,0
chr19,184,1,0,0
chr19,185,3,5,3
chr19,186,0,1,0
chr19,187,2,2,2
chr19,188,0,3,0
chr19,189,1,2,1
chr19,190,1,3,1
chr19,191,0,1,0
chr19,192,0,4,0
chr19,193,0,1,0
chr19,194,1,1,1
chr19,195,1,2,1
chr19,196,1,2,1
chr19,197,0,2,0
chr19,198,3,1,1
chr19,199,0,2,0
chr19,200,2,0,0
chr19,202,0,1,0
chr19,203,0,2,0
chr19,204,2,0,0
chr19,205,0,1,0
chr19,206,0,2,0
chr19,207,0,2,0
chr19,208,1,1,1
chr19,209,0,1,0
chr19,210,0,2,0
chr19,211,1,2,1
chr19,212,2,2,2
chr19,213,3,1,1
chr19,214,0,2,0
chr19,216,1,1,1
chr19,218,0,2,0
chr19,219,1,0,0
chr19,220,0,1,0
chr19,221,1,0,0
chr19,222,1,3,1
chr19,223,1,2,1
chr19,224,1,0,0
chr19,225,2,1,1
chr19,226,0,1,0
chr19,227,2,1,1
chr19,229,0,4,0
chr19,230,2,5,2
chr19,232,1,1,1
chr19,233,2,2,2
chr19,234,0,2,0
chr19,235,0,1,0
chr19,236,0,1,0
chr19,237,0,1,0
chr19,238,1,1,1
chr19,239,0,1,0
chr19,241,0,1,0
chr19,242,0,2,0
chr19,243,3,0,0
chr19,245,0,3,0
chr19,246,0,1,0
chr19,247,0,2,0
chr19,248,1,1,1
chr19,250,0,2,0
chr19,253,1,2,1
chr19,254,0,2,0
chr19,255,0,1,0
chr19,256,0,1,0
chr19,257,0,1,0
chr19,259,0,1,0
chr19,261,0,1,0
chr19,262,2,1,1
chr19,268,1,1,1
chr19,271,0,1,0
chr19,272,0,2,0
chr19,273,0,1,0
chr19,274,0,2,0
chr19,275,0,1,0
chr19,276,0,1,0
chr19,278,1,1,1
chr19,279,0,2,0
chr19,281,0,1,0
chr19,282,1,1,1
chr19,286,0,1,0
chr19,291,0,1,0
chr19,292,0,1,0
chr19,295,0,1,0
chr19,301,0,1,0
chr19,304,0,1,0
chr19,305,1,1,1
chr19,309,1,1,1
chr19,310,0,1,0
chr19,311,1,1,1
chr19,312,2,0,0
chr19,315,0,2,0
chr19,322,1,0,0
chr19,327,0,1,0
chr19,328,1,0,0
chr19,334,1,0,0
chr19,337,0,1,0
chr19,341,0,2,0
chr19,357,0,1,0
chr19,360,0,1,0
chr19,376,0,1,0
chr19,390,0,1,0
chr2,1,3762,44,44
chr2,2,2270,52,52
chr2,3,1526,50,50
chr2,4,1192,36,36
chr2,5,960,44,44
chr2,6,756,55,55
chr2,7,615,37,37
chr2,8,536,41,41
chr2,9,476,37,37
chr2,10,431,46,46
chr2,11,359,39,39
chr2,12,339,38,38
chr2,13,335,32,32
chr2,14,248,25,25
chr2,15,236,25,25
chr2,16,199,22,22
chr2,17,196,31,31
chr2,18,169,33,33
chr2,19,159,28,28
chr2,20,146,24,24
chr2,21,158,30,30
chr2,22,155,21,21
chr2,23,135,18,18
chr2,24,115,25,25
chr2,25,108,21,21
chr2,26,107,29,29
chr2,27,114,28,28
chr2,28,101,22,22
chr2,29,92,21,21
chr2,30,108,21,21
chr2,31,82,17,17
chr2,32,65,17,17
chr2,33,81,16,16
chr2,34,67,22,22
chr2,35,67,20,20
chr2,36,73,9,9
chr2,37,61,16,16
chr2,38,72,18,18
chr2,39,72,16,16
chr2,40,48,18,18
chr2,41,65,21,21
chr2,42,52,12,12
chr2,43,43,19,19
chr2,44,41,11,11
chr2,45,64,15,15
chr2,46,45,5,5
chr2,47,50,10,10
chr2,48,48,12,12
chr2,49,42,8,8
chr2,50,33,15,15
chr2,51,36,18,18
chr2,52,37,11,11
chr2,53,38,12,12
chr2,54,35,16,16
chr2,55,36,9,9
chr2,56,35,9,9
chr2,57,50,15,15
chr2,58,32,9,9
chr2,59,30,15,15
chr2,60,26,14,14
chr2,61,22,8,8
chr2,62,21,13,13
chr2,63,31,7,7
chr2,64,34,7,7
chr2,65,25,10,10
chr2,66,28,9,9
chr2,67,29,9,9
chr2,68,28,7,7
chr2,69,28,14,14
chr2,70,24,9,9
chr2,71,15,12,12
chr2,72,18,9,9
chr2,73,19,15,15
chr2,74,9,9,9
chr2,75,15,3,3
chr2,76,15,13,13
chr2,77,15,11,11
chr2,78,17,9,9
chr2,79,14,12,12
chr2,80,15,6,6
chr2,81,16,14,14
chr2,82,15,5,5
chr2,83,16,9,9
chr2,84,11,8,8
chr2,85,13,7,7
chr2,86,12,6,6
chr2,87,17,2,2
chr2,88,14,7,7
chr2,89,15,4,4
chr2,90,15,4,4
chr2,91,15,5,5
chr2,92,11,7,7
chr2,93,12,9,9
chr2,94,8,8,8
chr2,95,16,5,5
chr2,96,11,5,5
chr2,97,8,7,7
chr2,98,16,3,3
chr2,99,10,5,5
chr2,100,14,4,4
chr2,101,9,3,3
chr2,102,12,1,1
chr2,103,12,5,5
chr2,104,7,3,3
chr2,105,5,4,4
chr2,106,6,2,2
chr2,107,5,4,4
chr2,108,4,2,2
chr2,109,7,5,5
chr2,110,7,9,7
chr2,111,3,4,3
chr2,112,5,6,5
chr2,113,12,5,5
chr2,114,6,3,3
chr2,115,8,3,3
chr2,116,5,9,5
chr2,117,7,4,4
chr2,118,6,5,5
chr2,119,4,2,2
chr2,120,8,5,5
chr2,121,5,3,3
chr2,122,5,1,1
chr2,123,5,2,2
chr2,124,4,4,4
chr2,125,5,6,5
chr2,126,3,4,3
chr2,127,6,3,3
chr2,128,3,3,3
chr2,129,3,3,3
chr2,130,2,3,2
chr2,131,3,3,3
chr2,132,2,4,2
chr2,133,3,5,3
chr2,134,5,5,5
chr2,135,4,0,0
chr2,136,5,5,5
chr2,137,3,2,2
chr2,138,6,4,4
chr2,139,4,2,2
chr2,140,3,6,3
chr2,141,2,0,0
chr2,142,5,4,4
chr2,143,1,2,1
chr2,144,3,3,3
chr2,145,4,2,2
chr2,146,3,5,3
chr2,147,5,5,5
chr2,148,2,4,2
chr2,149,3,5,3
chr2,150,3,3,3
chr2,151,4,2,2
chr2,152,3,2,2
chr2,153,1,2,1
chr2,154,2,5,2
chr2,155,1,4,1
chr2,156,5,3,3
chr2,157,3,2,2
chr2,158,1,3,1
chr2,159,1,1,1
chr2,160,0,1,0
chr2,161,3,3,3
chr2,162,3,3,3
chr2,163,3,3,3
chr2,164,1,1,1
chr2,165,1,1,1
chr2,166,2,0,0
chr2,167,2,2,2
chr2,168,2,1,1
chr2,169,3,1,1
chr2,170,0,3,0
chr2,171,2,2,2
chr2,172,0,1,0
chr2,173,1,3,1
chr2,174,2,4,2
chr2,175,0,1,0
chr2,176,3,0,0
chr2,177,1,3,1
chr2,178,1,1,1
chr2,179,0,2,0
chr2,180,3,0,0
chr2,181,0,1,0
chr2,182,0,1,0
chr2,183,2,1,1
chr2,184,1,3,1
chr2,185,1,1,1
chr2,186,2,2,2
chr2,187,0,2,0
chr2,188,1,3,1
chr2,189,2,3,2
chr2,190,2,2,2
chr2,191,1,1,1
chr2,192,0,1,0
chr2,193,2,1,1
chr2,194,2,3,2
chr2,195,0,2,0
chr2,196,1,2,1
chr2,197,0,3,0
chr2,198,0,3,0
chr2,199,3,1,1
chr2,200,0,2,0
chr2,201,1,4,1
chr2,202,1,1,1
chr2,203,1,1,1
chr2,204,2,1,1
chr2,206,1,1,1
chr2,208,2,0,0
chr2,209,1,2,1
chr2,211,2,3,2
chr2,212,0,1,0
chr2,213,0,2,0
chr2,214,1,0,0
chr2,215,0,1,0
chr2,216,1,4,1
chr2,217,0,2,0
chr2,218,1,2,1
chr2,219,2,2,2
chr2,220,0,1,0
chr2,221,1,2,1
chr2,222,0,4,0
chr2,223,0,1,0
chr2,224,1,1,1
chr2,225,0,2,0
chr2,226,0,2,0
chr2,227,1,2,1
chr2,229,0,1,0
chr2,230,1,3,1
chr2,233,1,0,0
chr2,235,0,1,0
chr2,236,2,1,1
chr2,237,2,0,0
chr2,239,0,1,0
chr2,240,0,1,0
chr2,242,0,1,0
chr2,243,1,1,1
chr2,245,1,0,0
chr2,248,0,2,0
chr2,249,2,0,0
chr2,250,1,1,1
chr2,252,2,1,1
chr2,253,0,2,0
chr2,254,0,1,0
chr2,258,0,1,0
chr2,259,0,2,0
chr2,261,0,1,0
chr2,264,0,1,0
chr2,265,0,1,0
chr2,267,1,0,0
chr2,270,0,1,0
chr2,274,0,1,0
chr2,276,0,2,0
chr2,277,0,1,0
chr2,278,0,2,0
chr2,280,1,1,1
chr2,281,0,1,0
chr2,282,1,0,0
chr2,286,0,1,0
chr2,288,0,1,0
chr2,289,1,0,0
chr2,291,0,1,0
chr2,292,1,1,1
chr2,296,0,1,0
chr2,308,0,1,0
chr2,321,0,1,0
chr2,322,1,0,0
chr2,324,0,2,0
chr2,343,0,1,0
chr2,349,0,1,0
chr2,352,0,1,0
chr2,396,0,1,0
chr20,1,1080,13,13
chr20,2,666,12,12
chr20,3,515,23,23
chr20,4,365,20,20
chr20,5,364,23,23
chr20,6,263,16,16
chr20,7,240,27,27
chr20,8,197,13,13
chr20,9,166,12,12
chr20,10,145,11,11
chr20,11,134,14,14
chr20,12,113,21,21
chr20,13,102,20,20
chr20,14,87,17,17
chr20,15,86,16,16
chr20,16,64,13,13
chr20,17,63,16,16
chr20,18,61,15,15
chr20,19,45,10,10
chr20,20,48,10,10
chr20,21,55,6,6
chr20,22,44,15,15
chr20,23,45,9,9
chr20,24,39,7,7
chr20,25,45,5,5
chr20,26,36,3,3
chr20,27,44,11,11
chr20,28,36,10,10
chr20,29,41,10,10
chr20,30,49,13,13
chr20,31,34,1,1
chr20,32,32,10,10
chr20,33,36,8,8
chr20,34,30,4,4
chr20,35,21,10,10
chr20,36,32,7,7
chr20,37,14,8,8
chr20,38,28,6,6
chr20,39,20,11,11
chr20,40,19,5,5
chr20,41,19,7,7
chr20,42,17,6,6
chr20,43,19,7,7
chr20,44,11,5,5
chr20,45,23,2,2
chr20,46,12,5,5
chr20,47,15,11,11
chr20,48,18,4,4
chr20,49,12,1,1
chr20,50,10,6,6
chr20,51,9,4,4
chr20,52,15,4,4
chr20,53,16,4,4
chr20,54,13,3,3
chr20,55,12,4,4
chr20,56,11,7,7
chr20,57,7,5,5
chr20,58,12,4,4
chr20,59,9,7,7
chr20,60,12,2,2
chr20,61,14,4,4
chr20,62,7,4,4
chr20,63,10,3,3
chr20,64,4,3,3
chr20,65,8,2,2
chr20,66,11,7,7
chr20,67,13,4,4
chr20,68,8,5,5
chr20,69,11,3,3
chr20,70,11,6,6
chr20,71,6,7,6
chr20,72,7,4,4
chr20,73,7,8,7
chr20,74,6,5,5
chr20,75,10,7,7
chr20,76,4,1,1
chr20,77,6,3,3
chr20,78,13,2,2
chr20,79,5,4,4
chr20,80,6,2,2
chr20,81,5,4,4
chr20,82,5,2,2
chr20,83,6,6,6
chr20,84,4,5,4
chr20,85,4,6,4
chr20,86,11,0,0
chr20,87,4,1,1
chr20,88,2,0,0
chr20,89,4,3,3
chr20,90,2,2,2
chr20,91,2,1,1
chr20,92,1,4,1
chr20,93,4,0,0
chr20,94,2,2,2
chr20,95,5,4,4
chr20,96,3,4,3
chr20,97,5,0,0
chr20,98,3,1,1
chr20,99,3,4,3
chr20,100,2,1,1
chr20,101,1,2,1
chr20,102,2,1,1
chr20,103,2,4,2
chr20,104,2,4,2
chr20,105,3,2,2
chr20,106,1,2,1
chr20,107,3,1,1
chr20,108,7,0,0
chr20,109,4,4,4
chr20,110,1,0,0
chr20,111,2,3,2
chr20,113,2,0,0
chr20,114,0,2,0
chr20,115,1,1,1
chr20,116,3,1,1
chr20,117,1,0,0
chr20,118,2,2,2
chr20,119,4,1,1
chr20,120,0,1,0
chr20,121,2,1,1
chr20,122,1,3,1
chr20,123,1,1,1
chr20,124,2,2,2
chr20,125,1,0,0
chr20,126,0,1,0
chr20,127,3,2,2
chr20,128,2,0,0
chr20,129,2,4,2
chr20,130,2,2,2
chr20,131,3,1,1
chr20,132,1,1,1
chr20,133,3,0,0
chr20,134,4,0,0
chr20,135,2,2,2
chr20,136,1,1,1
chr20,137,1,2,1
chr20,138,2,2,2
chr20,139,1,2,1
chr20,140,3,0,0
chr20,141,1,0,0
chr20,142,2,2,2
chr20,143,1,2,1
chr20,144,2,2,2
chr20,145,0,1,0
chr20,146,1,0,0
chr20,147,2,1,1
chr20,148,0,1,0
chr20,149,2,1,1
chr20,151,0,1,0
chr20,152,1,2,1
chr20,153,1,0,0
chr20,154,0,1,0
chr20,155,0,2,0
chr20,156,3,1,1
chr20,157,0,1,0
chr20,158,1,1,1
chr20,159,1,3,1
chr20,160,1,1,1
chr20,161,0,1,0
chr20,162,2,0,0
chr20,163,1,1,1
chr20,164,1,1,1
chr20,165,0,2,0
chr20,166,1,1,1
chr20,167,1,1,1
chr20,168,0,2,0
chr20,169,2,0,0
chr20,171,0,1,0
chr20,172,1,0,0
chr20,173,1,1,1
chr20,175,3,2,2
chr20,177,1,1,1
chr20,179,0,2,0
chr20,181,0,1,0
chr20,182,1,1,1
chr20,183,0,2,0
chr20,184,1,1,1
chr20,185,2,0,0
chr20,186,0,1,0
chr20,187,0,1,0
chr20,188,0,1,0
chr20,189,1,1,1
chr20,190,0,1,0
chr20,191,2,0,0
chr20,192,0,1,0
chr20,194,0,1,0
chr20,195,1,0,0
chr20,196,0,1,0
chr20,197,1,1,1
chr20,200,0,2,0
chr20,203,0,1,0
chr20,205,0,2,0
chr20,206,1,0,0
chr20,208,0,1,0
chr20,209,1,1,1
chr20,211,0,1,0
chr20,212,1,1,1
chr20,215,0,1,0
chr20,218,0,2,0
chr20,224,0,2,0
chr20,227,1,1,1
chr20,229,1,1,1
chr20,230,0,1,0
chr20,236,0,1,0
chr20,238,1,0,0
chr20,243,0,1,0
chr20,246,0,1,0
chr20,249,0,1,0
chr20,253,0,1,0
chr20,255,0,1,0
chr20,262,1,0,0
chr20,265,0,1,0
chr20,266,1,0,0
chr20,270,0,2,0
chr20,276,0,1,0
chr20,278,0,1,0
chr20,292,0,2,0
chr20,295,1,0,0
chr20,296,0,1,0
chr20,298,0,1,0
chr20,299,0,1,0
chr20,315,0,1,0
chr21,1,538,6,6
chr21,2,341,5,5
chr21,3,260,4,4
chr21,4,229,4,4
chr21,5,158,11,11
chr21,6,139,9,9
chr21,7,124,8,8
chr21,8,96,10,10
chr21,9,80,7,7
chr21,10,76,9,9
chr21,11,63,9,9
chr21,12,50,8,8
chr21,13,61,7,7
chr21,14,51,8,8
chr21,15,45,12,12
chr21,16,36,2,2
chr21,17,38,7,7
chr21,18,38,2,2
chr21,19,30,9,9
chr21,20,31,6,6
chr21,21,27,5,5
chr21,22,33,4,4
chr21,23,20,7,7
chr21,24,23,4,4
chr21,25,17,3,3
chr21,26,14,1,1
chr21,27,29,4,4
chr21,28,14,6,6
chr21,29,13,4,4
chr21,30,13,5,5
chr21,31,13,3,3
chr21,32,11,1,1
chr21,33,14,7,7
chr21,34,11,5,5
chr21,35,14,3,3
chr21,36,9,1,1
chr21,37,11,2,2
chr21,38,15,3,3
chr21,39,9,2,2
chr21,40,8,7,7
chr21,41,7,4,4
chr21,42,8,2,2
chr21,43,9,4,4
chr21,44,7,2,2
chr21,45,6,5,5
chr21,46,6,2,2
chr21,47,5,0,0
chr21,48,8,4,4
chr21,49,6,1,1
chr21,50,8,4,4
chr21,51,7,2,2
chr21,52,6,2,2
chr21,53,6,5,5
chr21,54,5,3,3
chr21,55,1,1,1
chr21,56,5,4,4
chr21,57,6,3,3
chr21,58,2,2,2
chr21,59,10,2,2
chr21,60,5,2,2
chr21,61,1,2,1
chr21,62,8,1,1
chr21,63,5,6,5
chr21,64,5,0,0
chr21,65,2,2,2
chr21,66,4,2,2
chr21,67,4,3,3
chr21,68,2,3,2
chr21,69,3,1,1
chr21,70,6,1,1
chr21,71,1,0,0
chr21,72,5,4,4
chr21,73,4,4,4
chr21,74,1,2,1
chr21,75,5,2,2
chr21,76,3,0,0
chr21,77,2,1,1
chr21,78,1,0,0
chr21,79,1,1,1
chr21,80,4,2,2
chr21,81,1,1,1
chr21,82,2,2,2
chr21,83,2,2,2
chr21,84,4,3,3
chr21,85,5,1,1
chr21,86,2,0,0
chr21,87,0,1,0
chr21,88,5,2,2
chr21,89,1,7,1
chr21,90,2,2,2
chr21,91,1,3,1
chr21,92,1,1,1
chr21,93,3,0,0
chr21,94,2,0,0
chr21,95,2,1,1
chr21,96,2,1,1
chr21,97,0,4,0
chr21,98,0,1,0
chr21,99,3,1,1
chr21,100,1,0,0
chr21,101,1,0,0
chr21,102,1,0,0
chr21,103,0,1,0
chr21,104,1,0,0
chr21,105,1,0,0
chr21,106,2,0,0
chr21,107,3,0,0
chr21,109,1,0,0
chr21,110,2,1,1
chr21,111,2,0,0
chr21,113,1,1,1
chr21,114,2,1,1
chr21,115,1,1,1
chr21,116,1,1,1
chr21,117,1,1,1
chr21,118,1,0,0
chr21,120,1,1,1
chr21,121,1,1,1
chr21,123,1,1,1
chr21,124,1,0,0
chr21,126,3,3,3
chr21,128,2,1,1
chr21,129,0,2,0
chr21,130,0,1,0
chr21,131,1,2,1
chr21,133,1,0,0
chr21,134,1,1,1
chr21,135,1,0,0
chr21,137,3,0,0
chr21,138,1,1,1
chr21,139,1,0,0
chr21,140,1,0,0
chr21,142,1,1,1
chr21,143,1,0,0
chr21,144,0,2,0
chr21,146,0,1,0
chr21,147,1,1,1
chr21,148,0,2,0
chr21,149,0,1,0
chr21,151,1,1,1
chr21,153,3,0,0
chr21,154,2,1,1
chr21,155,1,0,0
chr21,157,0,2,0
chr21,159,1,0,0
chr21,161,0,1,0
chr21,163,1,0,0
chr21,165,0,1,0
chr21,166,0,1,0
chr21,167,0,1,0
chr21,168,0,1,0
chr21,172,1,0,0
chr21,173,0,1,0
chr21,174,0,2,0
chr21,175,0,1,0
chr21,177,0,1,0
chr21,181,1,0,0
chr21,185,0,1,0
chr21,188,0,1,0
chr21,190,0,1,0
chr21,195,2,2,2
chr21,199,1,1,1
chr21,200,2,0,0
chr21,210,2,0,0
chr21,211,0,1,0
chr21,213,0,1,0
chr21,214,0,1,0
chr21,217,1,0,0
chr21,218,0,2,0
chr21,219,1,0,0
chr21,221,0,1,0
chr21,225,0,1,0
chr21,238,0,1,0
chr21,240,0,1,0
chr21,249,0,1,0
chr21,250,1,0,0
chr21,252,0,1,0
chr21,254,0,1,0
chr21,258,1,1,1
chr21,265,0,1,0
chr21,272,1,0,0
chr21,287,0,1,0
chr21,338,1,0,0
chr21,348,0,1,0
chr21,366,0,1,0
chr21,373,0,1,0
chr22,1,655,7,7
chr22,2,443,11,11
chr22,3,362,13,13
chr22,4,297,11,11
chr22,5,194,8,8
chr22,6,181,19,19
chr22,7,177,7,7
chr22,8,139,19,19
chr22,9,160,9,9
chr22,10,124,10,10
chr22,11,114,6,6
chr22,12,77,10,10
chr22,13,103,11,11
chr22,14,85,7,7
chr22,15,77,6,6
chr22,16,72,5,5
chr22,17,57,12,12
chr22,18,56,7,7
chr22,19,55,5,5
chr22,20,58,11,11
chr22,21,37,9,9
chr22,22,38,8,8
chr22,23,31,5,5
chr22,24,47,6,6
chr22,25,33,4,4
chr22,26,48,4,4
chr22,27,26,7,7
chr22,28,28,10,10
chr22,29,37,10,10
chr22,30,23,3,3
chr22,31,30,8,8
chr22,32,25,6,6
chr22,33,29,9,9
chr22,34,21,4,4
chr22,35,24,6,6
chr22,36,14,9,9
chr22,37,19,10,10
chr22,38,21,9,9
chr22,39,22,7,7
chr22,40,20,12,12
chr22,41,19,5,5
chr22,42,19,5,5
chr22,43,19,6,6
chr22,44,18,3,3
chr22,45,13,8,8
chr22,46,20,6,6
chr22,47,15,5,5
chr22,48,15,3,3
chr22,49,14,4,4
chr22,50,10,5,5
chr22,51,9,5,5
chr22,52,9,6,6
chr22,53,30,6,6
chr22,54,14,7,7
chr22,55,12,5,5
chr22,56,8,4,4
chr22,57,17,7,7
chr22,58,9,4,4
chr22,59,7,3,3
chr22,60,11,5,5
chr22,61,6,10,6
chr22,62,10,2,2
chr22,63,10,4,4
chr22,64,7,4,4
chr22,65,9,2,2
chr22,66,6,5,5
chr22,67,5,3,3
chr22,68,8,5,5
chr22,69,12,3,3
chr22,70,5,10,5
chr22,71,10,2,2
chr22,72,5,1,1
chr22,73,8,1,1
chr22,74,6,5,5
chr22,75,11,2,2
chr22,76,6,4,4
chr22,77,3,1,1
chr22,78,4,2,2
chr22,79,3,3,3
chr22,80,3,1,1
chr22,81,6,2,2
chr22,82,1,1,1
chr22,83,10,3,3
chr22,84,8,7,7
chr22,85,4,2,2
chr22,86,3,3,3
chr22,87,4,3,3
chr22,88,5,3,3
chr22,89,3,2,2
chr22,90,5,2,2
chr22,91,3,4,3
chr22,92,2,3,2
chr22,93,3,3,3
chr22,94,3,3,3
chr22,95,4,1,1
chr22,96,0,5,0
chr22,97,0,4,0
chr22,98,4,1,1
chr22,99,2,2,2
chr22,100,2,3,2
chr22,101,2,3,2
chr22,102,9,1,1
chr22,103,3,1,1
chr22,104,1,1,1
chr22,105,4,3,3
chr22,106,2,3,2
chr22,107,5,0,0
chr22,108,3,3,3
chr22,109,1,0,0
chr22,110,4,4,4
chr22,111,4,2,2
chr22,112,1,3,1
chr22,113,1,2,1
chr22,114,4,1,1
chr22,115,2,2,2
chr22,116,0,4,0
chr22,117,1,0,0
chr22,118,2,0,0
chr22,119,1,4,1
chr22,120,0,2,0
chr22,121,1,2,1
chr22,122,6,0,0
chr22,123,2,3,2
chr22,124,2,2,2
chr22,125,2,1,1
chr22,126,2,2,2
chr22,127,2,0,0
chr22,128,0,2,0
chr22,130,0,1,0
chr22,131,1,4,1
chr22,132,0,2,0
chr22,133,1,0,0
chr22,135,2,2,2
chr22,136,1,2,1
chr22,137,3,2,2
chr22,138,2,2,2
chr22,139,0,2,0
chr22,140,1,2,1
chr22,141,2,0,0
chr22,142,0,2,0
chr22,143,1,3,1
chr22,144,0,4,0
chr22,145,0,2,0
chr22,146,0,1,0
chr22,147,0,1,0
chr22,148,1,0,0
chr22,149,2,1,1
chr22,150,0,1,0
chr22,151,1,0,0
chr22,152,1,1,1
chr22,153,2,1,1
chr22,154,1,1,1
chr22,155,1,1,1
chr22,156,2,0,0
chr22,157,3,2,2
chr22,158,1,0,0
chr22,159,0,2,0
chr22,160,1,1,1
chr22,161,0,1,0
chr22,162,0,1,0
chr22,165,1,0,0
chr22,166,1,0,0
chr22,168,1,0,0
chr22,169,1,1,1
chr22,171,0,3,0
chr22,172,0,3,0
chr22,173,0,1,0
chr22,174,1,1,1
chr22,175,2,1,1
chr22,176,0,2,0
chr22,177,1,0,0
chr22,178,1,0,0
chr22,180,2,3,2
chr22,181,0,1,0
chr22,182,0,1,0
chr22,183,1,1,1
chr22,185,1,0,0
chr22,189,1,1,1
chr22,190,0,1,0
chr22,192,0,1,0
chr22,193,0,2,0
chr22,195,1,1,1
chr22,196,0,1,0
chr22,199,0,1,0
chr22,200,0,1,0
chr22,204,1,1,1
chr22,209,1,1,1
chr22,211,1,1,1
chr22,213,1,1,1
chr22,214,0,1,0
chr22,216,1,1,1
chr22,217,1,1,1
chr22,219,0,1,0
chr22,220,1,0,0
chr22,221,0,1,0
chr22,225,1,0,0
chr22,226,1,0,0
chr22,227,1,1,1
chr22,230,0,1,0
chr22,237,0,3,0
chr22,240,0,1,0
chr22,243,1,0,0
chr22,244,1,0,0
chr22,245,0,1,0
chr22,249,0,1,0
chr22,251,1,0,0
chr22,257,0,1,0
chr22,258,0,3,0
chr22,259,0,1,0
chr22,260,0,1,0
chr22,261,0,1,0
chr22,271,0,1,0
chr22,272,1,0,0
chr22,306,0,1,0
chr22,313,0,1,0
chr22,316,1,0,0
chr22,332,1,0,0
chr22,362,0,1,0
chr3,1,3151,20,20
chr3,2,1786,46,46
chr3,3,1201,36,36
chr3,4,966,34,34
chr3,5,752,39,39
chr3,6,579,34,34
chr3,7,500,33,33
chr3,8,428,28,28
chr3,9,380,25,25
chr3,10,312,29,29
chr3,11,304,20,20
chr3,12,271,32,32
chr3,13,222,30,30
chr3,14,215,32,32
chr3,15,189,17,17
chr3,16,151,17,17
chr3,17,157,23,23
chr3,18,136,20,20
chr3,19,151,20,20
chr3,20,104,14,14
chr3,21,133,23,23
chr3,22,127,11,11
chr3,23,113,14,14
chr3,24,95,12,12
chr3,25,97,17,17
chr3,26,94,10,10
chr3,27,82,19,19
chr3,28,92,18,18
chr3,29,69,16,16
chr3,30,66,15,15
chr3,31,69,21,21
chr3,32,60,14,14
chr3,33,67,15,15
chr3,34,61,11,11
chr3,35,46,10,10
chr3,36,56,9,9
chr3,37,46,11,11
chr3,38,59,16,16
chr3,39,44,15,15
chr3,40,37,13,13
chr3,41,45,13,13
chr3,42,42,19,19
chr3,43,39,10,10
chr3,44,41,7,7
chr3,45,39,9,9
chr3,46,44,15,15
chr3,47,31,9,9
chr3,48,25,11,11
chr3,49,38,6,6
chr3,50,34,8,8
chr3,51,30,8,8
chr3,52,26,6,6
chr3,53,21,9,9
chr3,54,21,11,11
chr3,55,22,9,9
chr3,56,25,9,9
chr3,57,18,9,9
chr3,58,25,9,9
chr3,59,27,8,8
chr3,60,22,11,11
chr3,61,21,3,3
chr3,62,30,7,7
chr3,63,21,7,7
chr3,64,21,6,6
chr3,65,27,8,8
chr3,66,25,5,5
chr3,67,16,8,8
chr3,68,24,9,9
chr3,69,18,4,4
chr3,70,19,11,11
chr3,71,23,10,10
chr3,72,22,3,3
chr3,73,14,10,10
chr3,74,16,7,7
chr3,75,20,5,5
chr3,76,14,7,7
chr3,77,15,8,8
chr3,78,20,9,9
chr3,79,7,6,6
chr3,80,7,9,7
chr3,81,7,8,7
chr3,82,16,8,8
chr3,83,7,7,7
chr3,84,10,5,5
chr3,85,10,8,8
chr3,86,15,8,8
chr3,87,8,7,7
chr3,88,2,5,2
chr3,89,14,0,0
chr3,90,14,4,4
chr3,91,11,5,5
chr3,92,6,7,6
chr3,93,7,8,7
chr3,94,8,2,2
chr3,95,7,4,4
chr3,96,9,3,3
chr3,97,9,5,5
chr3,98,5,3,3
chr3,99,9,4,4
chr3,100,8,2,2
chr3,101,3,8,3
chr3,102,7,5,5
chr3,103,9,1,1
chr3,104,5,3,3
chr3,105,3,5,3
chr3,106,8,2,2
chr3,107,3,8,3
chr3,108,7,3,3
chr3,109,4,2,2
chr3,110,4,6,4
chr3,111,5,5,5
chr3,112,6,5,5
chr3,113,4,1,1
chr3,114,6,3,3
chr3,115,5,2,2
chr3,116,6,1,1
chr3,117,3,0,0
chr3,118,8,0,0
chr3,119,7,4,4
chr3,120,7,4,4
chr3,121,1,2,1
chr3,122,4,2,2
chr3,123,1,1,1
chr3,124,5,2,2
chr3,125,6,1,1
chr3,126,2,2,2
chr3,127,1,6,1
chr3,128,2,3,2
chr3,129,4,1,1
chr3,130,4,5,4
chr3,131,6,7,6
chr3,132,1,4,1
chr3,133,3,2,2
chr3,134,5,1,1
chr3,135,2,2,2
chr3,136,2,1,1
chr3,138,3,1,1
chr3,139,6,3,3
chr3,140,2,2,2
chr3,141,0,2,0
chr3,142,3,4,3
chr3,143,3,5,3
chr3,144,2,1,1
chr3,145,2,2,2
chr3,146,3,3,3
chr3,147,1,2,1
chr3,148,2,2,2
chr3,149,1,2,1
chr3,150,0,5,0
chr3,151,6,2,2
chr3,152,4,2,2
chr3,153,0,1,0
chr3,154,2,1,1
chr3,155,1,4,1
chr3,156,5,3,3
chr3,157,5,3,3
chr3,158,3,3,3
chr3,159,2,3,2
chr3,161,3,5,3
chr3,162,2,2,2
chr3,163,1,1,1
chr3,164,0,2,0
chr3,165,1,2,1
chr3,166,2,3,2
chr3,167,1,5,1
chr3,168,2,4,2
chr3,169,0,3,0
chr3,171,3,3,3
chr3,172,0,1,0
chr3,174,0,2,0
chr3,175,1,1,1
chr3,176,0,1,0
chr3,177,0,1,0
chr3,178,0,2,0
chr3,179,0,1,0
chr3,180,0,2,0
chr3,182,0,2,0
chr3,183,2,1,1
chr3,184,3,3,3
chr3,185,1,2,1
chr3,186,2,1,1
chr3,187,0,3,0
chr3,189,2,2,2
chr3,190,2,1,1
chr3,191,1,2,1
chr3,192,4,0,0
chr3,193,2,2,2
chr3,194,1,0,0
chr3,195,0,1,0
chr3,196,0,1,0
chr3,197,1,0,0
chr3,198,0,2,0
chr3,199,0,5,0
chr3,200,0,2,0
chr3,201,1,1,1
chr3,202,0,2,0
chr3,204,2,0,0
chr3,207,0,1,0
chr3,209,0,1,0
chr3,210,1,0,0
chr3,211,2,3,2
chr3,212,1,1,1
chr3,214,0,2,0
chr3,215,0,2,0
chr3,216,1,3,1
chr3,217,1,1,1
chr3,218,1,0,0
chr3,220,0,2,0
chr3,221,0,1,0
chr3,222,0,1,0
chr3,225,0,1,0
chr3,227,0,1,0
chr3,229,1,1,1
chr3,230,1,0,0
chr3,231,1,0,0
chr3,232,0,1,0
chr3,233,1,0,0
chr3,235,3,0,0
chr3,237,0,2,0
chr3,238,1,2,1
chr3,239,1,0,0
chr3,240,0,1,0
chr3,251,0,2,0
chr3,252,0,1,0
chr3,253,0,1,0
chr3,257,0,1,0
chr3,258,0,1,0
chr3,260,0,1,0
chr3,261,0,1,0
chr3,262,2,0,0
chr3,265,0,1,0
chr3,269,0,1,0
chr3,272,0,1,0
chr3,275,0,1,0
chr3,276,1,0,0
chr3,277,0,1,0
chr3,280,0,1,0
chr3,283,0,2,0
chr3,291,0,1,0
chr3,311,0,1,0
chr3,314,0,1,0
chr3,324,0,1,0
chr3,325,0,1,0
chr3,326,0,1,0
chr3,346,0,1,0
chr3,347,0,1,0
chr3,364,0,1,0
chr3,376,0,1,0
chr4,1,2646,20,20
chr4,2,1416,34,34
chr4,3,982,24,24
chr4,4,698,35,35
chr4,5,550,30,30
chr4,6,461,20,20
chr4,7,388,17,17
chr4,8,335,23,23
chr4,9,286,24,24
chr4,10,235,15,15
chr4,11,192,21,21
chr4,12,176,18,18
chr4,13,150,23,23
chr4,14,124,30,30
chr4,15,140,17,17
chr4,16,120,17,17
chr4,17,116,19,19
chr4,18,71,23,23
chr4,19,119,19,19
chr4,20,90,18,18
chr4,21,96,13,13
chr4,22,80,13,13
chr4,23,63,15,15
chr4,24,71,22,22
chr4,25,66,11,11
chr4,26,59,12,12
chr4,27,48,15,15
chr4,28,57,13,13
chr4,29,52,14,14
chr4,30,52,13,13
chr4,31,58,10,10
chr4,32,50,15,15
chr4,33,41,8,8
chr4,34,49,10,10
chr4,35,34,10,10
chr4,36,42,13,13
chr4,37,29,4,4
chr4,38,24,9,9
chr4,39,30,14,14
chr4,40,23,12,12
chr4,41,22,11,11
chr4,42,20,10,10
chr4,43,34,7,7
chr4,44,26,6,6
chr4,45,34,8,8
chr4,46,25,12,12
chr4,47,28,11,11
chr4,48,23,7,7
chr4,49,23,9,9
chr4,50,21,11,11
chr4,51,17,5,5
chr4,52,22,6,6
chr4,53,22,7,7
chr4,54,16,11,11
chr4,55,13,5,5
chr4,56,19,7,7
chr4,57,24,6,6
chr4,58,24,5,5
chr4,59,22,7,7
chr4,60,20,7,7
chr4,61,17,5,5
chr4,62,15,6,6
chr4,63,18,9,9
chr4,64,14,3,3
chr4,65,14,4,4
chr4,66,10,7,7
chr4,67,11,5,5
chr4,68,12,3,3
chr4,69,12,6,6
chr4,70,11,4,4
chr4,71,7,3,3
chr4,72,15,5,5
chr4,73,15,3,3
chr4,74,12,4,4
chr4,75,12,5,5
chr4,76,7,5,5
chr4,77,6,8,6
chr4,78,8,7,7
chr4,79,12,2,2
chr4,80,8,6,6
chr4,81,8,5,5
chr4,82,3,3,3
chr4,83,5,5,5
chr4,84,5,3,3
chr4,85,9,3,3
chr4,86,4,5,4
chr4,87,3,4,3
chr4,88,2,4,2
chr4,89,9,3,3
chr4,90,9,5,5
chr4,91,7,2,2
chr4,92,9,6,6
chr4,93,1,6,1
chr4,94,2,5,2
chr4,95,10,3,3
chr4,96,7,3,3
chr4,97,3,4,3
chr4,98,5,2,2
chr4,99,7,1,1
chr4,100,4,0,0
chr4,101,4,3,3
chr4,102,5,1,1
chr4,103,5,2,2
chr4,104,3,3,3
chr4,105,6,2,2
chr4,106,4,0,0
chr4,107,4,1,1
chr4,108,3,3,3
chr4,109,2,5,2
chr4,110,1,2,1
chr4,111,5,2,2
chr4,112,3,1,1
chr4,113,2,4,2
chr4,114,6,3,3
chr4,115,3,2,2
chr4,116,5,2,2
chr4,117,7,3,3
chr4,118,3,2,2
chr4,119,4,4,4
chr4,120,4,0,0
chr4,121,3,1,1
chr4,122,1,2,1
chr4,123,7,3,3
chr4,124,1,5,1
chr4,125,3,1,1
chr4,126,5,3,3
chr4,127,5,2,2
chr4,128,4,5,4
chr4,129,1,1,1
chr4,130,5,1,1
chr4,131,0,2,0
chr4,132,4,2,2
chr4,133,2,2,2
chr4,134,0,1,0
chr4,135,1,1,1
chr4,136,3,2,2
chr4,137,1,4,1
chr4,138,1,2,1
chr4,139,1,3,1
chr4,140,1,3,1
chr4,142,3,3,3
chr4,143,2,2,2
chr4,144,3,3,3
chr4,145,4,2,2
chr4,146,2,2,2
chr4,147,3,2,2
chr4,148,1,2,1
chr4,149,1,0,0
chr4,150,2,2,2
chr4,151,1,2,1
chr4,152,3,1,1
chr4,153,3,3,3
chr4,154,1,1,1
chr4,155,3,2,2
chr4,156,0,5,0
chr4,157,2,0,0
chr4,158,0,3,0
chr4,159,3,1,1
chr4,160,1,3,1
chr4,161,0,1,0
chr4,163,1,2,1
chr4,164,3,1,1
chr4,166,1,3,1
chr4,168,0,1,0
chr4,169,0,3,0
chr4,170,2,0,0
chr4,171,1,2,1
chr4,172,0,2,0
chr4,173,1,0,0
chr4,176,2,3,2
chr4,177,0,2,0
chr4,178,1,2,1
chr4,180,0,1,0
chr4,183,1,0,0
chr4,185,1,0,0
chr4,188,0,1,0
chr4,192,0,2,0
chr4,194,0,2,0
chr4,196,0,1,0
chr4,197,1,1,1
chr4,198,1,1,1
chr4,200,1,0,0
chr4,201,0,1,0
chr4,202,0,1,0
chr4,205,0,2,0
chr4,206,0,1,0
chr4,211,0,2,0
chr4,213,0,2,0
chr4,214,2,0,0
chr4,215,1,0,0
chr4,216,1,0,0
chr4,217,0,1,0
chr4,218,1,1,1
chr4,219,1,4,1
chr4,220,2,1,1
chr4,222,1,0,0
chr4,223,0,1,0
chr4,224,1,1,1
chr4,226,0,1,0
chr4,228,1,1,1
chr4,230,1,0,0
chr4,231,0,1,0
chr4,232,1,0,0
chr4,234,1,1,1
chr4,236,0,2,0
chr4,240,0,1,0
chr4,242,0,3,0
chr4,250,1,0,0
chr4,262,1,2,1
chr4,265,0,1,0
chr4,266,0,1,0
chr4,269,0,3,0
chr4,270,1,0,0
chr4,273,1,0,0
chr4,275,0,1,0
chr4,283,1,0,0
chr4,285,0,2,0
chr4,289,0,1,0
chr4,291,0,1,0
chr4,292,1,1,1
chr4,298,0,1,0
chr4,309,0,1,0
chr4,362,0,1,0
chr4,377,0,1,0
chr4,381,0,1,0
chr4,422,0,1,0
chr5,1,2763,23,23
chr5,2,1483,29,29
chr5,3,1035,25,25
chr5,4,792,25,25
chr5,5,623,33,33
chr5,6,503,22,22
chr5,7,429,27,27
chr5,8,334,20,20
chr5,9,327,23,23
chr5,10,258,20,20
chr5,11,268,24,24
chr5,12,223,20,20
chr5,13,206,30,30
chr5,14,174,22,22
chr5,15,144,18,18
chr5,16,147,30,30
chr5,17,131,19,19
chr5,18,105,21,21
chr5,19,92,24,24
chr5,20,110,15,15
chr5,21,103,20,20
chr5,22,76,14,14
chr5,23,71,19,19
chr5,24,87,11,11
chr5,25,80,16,16
chr5,26,64,13,13
chr5,27,72,9,9
chr5,28,63,13,13
chr5,29,68,10,10
chr5,30,60,15,15
chr5,31,62,16,16
chr5,32,47,15,15
chr5,33,52,14,14
chr5,34,43,10,10
chr5,35,40,8,8
chr5,36,32,15,15
chr5,37,46,8,8
chr5,38,47,13,13
chr5,39,35,11,11
chr5,40,50,11,11
chr5,41,39,9,9
chr5,42,40,6,6
chr5,43,31,10,10
chr5,44,28,5,5
chr5,45,38,7,7
chr5,46,36,8,8
chr5,47,33,9,9
chr5,48,32,12,12
chr5,49,32,8,8
chr5,50,19,7,7
chr5,51,15,9,9
chr5,52,19,11,11
chr5,53,21,12,12
chr5,54,27,7,7
chr5,55,21,5,5
chr5,56,18,10,10
chr5,57,33,8,8
chr5,58,17,7,7
chr5,59,15,6,6
chr5,60,17,9,9
chr5,61,10,7,7
chr5,62,9,5,5
chr5,63,11,12,11
chr5,64,19,11,11
chr5,65,20,2,2
chr5,66,14,4,4
chr5,67,18,8,8
chr5,68,16,6,6
chr5,69,11,8,8
chr5,70,12,9,9
chr5,71,15,5,5
chr5,72,12,6,6
chr5,73,16,2,2
chr5,74,12,5,5
chr5,75,10,8,8
chr5,76,15,6,6
chr5,77,11,2,2
chr5,78,10,10,10
chr5,79,8,5,5
chr5,80,12,4,4
chr5,81,3,8,3
chr5,82,10,4,4
chr5,83,11,2,2
chr5,84,2,4,2
chr5,85,9,8,8
chr5,86,7,4,4
chr5,87,7,6,6
chr5,88,10,5,5
chr5,89,6,5,5
chr5,90,8,8,8
chr5,91,7,4,4
chr5,92,4,1,1
chr5,93,8,10,8
chr5,94,4,6,4
chr5,95,1,7,1
chr5,96,7,6,6
chr5,97,11,6,6
chr5,98,8,4,4
chr5,99,5,7,5
chr5,100,3,5,3
chr5,101,2,1,1
chr5,102,4,5,4
chr5,103,5,2,2
chr5,104,8,4,4
chr5,105,4,4,4
chr5,106,4,2,2
chr5,107,4,3,3
chr5,108,7,4,4
chr5,109,3,5,3
chr5,110,1,1,1
chr5,111,2,7,2
chr5,112,5,2,2
chr5,113,4,3,3
chr5,114,5,2,2
chr5,115,3,1,1
chr5,116,5,3,3
chr5,117,4,3,3
chr5,118,6,1,1
chr5,119,3,2,2
chr5,120,3,0,0
chr5,121,2,1,1
chr5,122,1,7,1
chr5,123,4,0,0
chr5,124,8,4,4
chr5,125,3,2,2
chr5,126,2,1,1
chr5,127,1,0,0
chr5,128,3,4,3
chr5,129,5,4,4
chr5,130,4,3,3
chr5,131,4,2,2
chr5,132,2,1,1
chr5,133,4,2,2
chr5,134,4,2,2
chr5,135,2,6,2
chr5,136,2,1,1
chr5,137,3,2,2
chr5,138,2,4,2
chr5,139,2,4,2
chr5,140,2,2,2
chr5,141,4,0,0
chr5,142,4,0,0
chr5,143,2,2,2
chr5,144,1,2,1
chr5,145,1,3,1
chr5,146,0,5,0
chr5,147,2,3,2
chr5,148,1,1,1
chr5,149,1,0,0
chr5,150,0,3,0
chr5,151,4,2,2
chr5,152,1,2,1
chr5,153,1,2,1
chr5,154,2,0,0
chr5,155,1,3,1
chr5,156,1,3,1
chr5,157,3,0,0
chr5,158,1,3,1
chr5,159,2,2,2
chr5,160,2,2,2
chr5,161,1,2,1
chr5,162,3,3,3
chr5,163,0,1,0
chr5,165,0,4,0
chr5,166,0,2,0
chr5,167,3,1,1
chr5,168,3,3,3
chr5,169,1,1,1
chr5,170,1,1,1
chr5,171,0,1,0
chr5,172,1,1,1
chr5,173,2,1,1
chr5,174,2,2,2
chr5,175,3,1,1
chr5,177,2,4,2
chr5,178,0,2,0
chr5,179,1,0,0
chr5,180,1,0,0
chr5,181,1,1,1
chr5,182,1,0,0
chr5,183,1,1,1
chr5,184,0,1,0
chr5,186,1,2,1
chr5,187,1,0,0
chr5,189,1,0,0
chr5,190,0,2,0
chr5,191,1,2,1
chr5,193,1,0,0
chr5,195,1,2,1
chr5,196,0,2,0
chr5,197,1,0,0
chr5,198,0,1,0
chr5,199,2,0,0
chr5,201,2,2,2
chr5,202,1,1,1
chr5,203,0,1,0
chr5,204,0,1,0
chr5,205,0,2,0
chr5,209,0,1,0
chr5,210,1,1,1
chr5,214,1,0,0
chr5,216,0,1,0
chr5,218,0,1,0
chr5,219,0,2,0
chr5,220,0,1,0
chr5,221,0,2,0
chr5,222,1,0,0
chr5,223,0,1,0
chr5,225,1,0,0
chr5,226,1,0,0
chr5,227,0,1,0
chr5,229,0,2,0
chr5,230,2,0,0
chr5,231,2,1,1
chr5,232,1,1,1
chr5,234,1,1,1
chr5,235,1,1,1
chr5,236,2,0,0
chr5,238,1,2,1
chr5,239,1,0,0
chr5,241,1,1,1
chr5,242,0,2,0
chr5,243,0,1,0
chr5,244,0,1,0
chr5,247,0,2,0
chr5,248,0,1,0
chr5,254,1,0,0
chr5,255,0,2,0
chr5,256,0,1,0
chr5,259,0,1,0
chr5,261,0,1,0
chr5,263,1,1,1
chr5,265,1,0,0
chr5,267,1,0,0
chr5,269,1,0,0
chr5,270,0,1,0
chr5,271,1,0,0
chr5,278,0,1,0
chr5,279,1,0,0
chr5,283,0,2,0
chr5,284,1,1,1
chr5,287,1,0,0
chr5,293,0,1,0
chr5,295,0,1,0
chr5,296,0,1,0
chr5,297,0,1,0
chr5,301,0,1,0
chr5,305,0,1,0
chr5,306,0,1,0
chr5,307,0,2,0
chr5,310,1,0,0
chr5,313,0,1,0
chr5,314,0,1,0
chr5,326,0,1,0
chr5,347,0,1,0
chr5,353,1,0,0
chr5,356,0,1,0
chr5,360,0,1,0
chr5,363,0,1,0
chr5,364,1,0,0
chr5,387,0,1,0
chr6,1,2801,25,25
chr6,2,1613,38,38
chr6,3,1255,36,36
chr6,4,870,33,33
chr6,5,692,34,34
chr6,6,554,25,25
chr6,7,455,26,26
chr6,8,417,32,32
chr6,9,363,30,30
chr6,10,309,21,21
chr6,11,300,27,27
chr6,12,244,18,18
chr6,13,218,31,31
chr6,14,178,28,28
chr6,15,148,18,18
chr6,16,168,22,22
chr6,17,139,24,24
chr6,18,142,24,24
chr6,19,126,28,28
chr6,20,113,17,17
chr6,21,111,16,16
chr6,22,98,31,31
chr6,23,102,15,15
chr6,24,100,17,17
chr6,25,101,19,19
chr6,26,74,16,16
chr6,27,77,17,17
chr6,28,64,15,15
chr6,29,71,15,15
chr6,30,69,23,23
chr6,31,63,15,15
chr6,32,54,21,21
chr6,33,50,11,11
chr6,34,55,19,19
chr6,35,48,12,12
chr6,36,48,12,12
chr6,37,42,13,13
chr6,38,55,11,11
chr6,39,39,18,18
chr6,40,41,10,10
chr6,41,45,13,13
chr6,42,43,12,12
chr6,43,37,14,14
chr6,44,34,8,8
chr6,45,38,12,12
chr6,46,57,8,8
chr6,47,37,12,12
chr6,48,28,14,14
chr6,49,27,12,12
chr6,50,27,14,14
chr6,51,27,11,11
chr6,52,35,9,9
chr6,53,25,10,10
chr6,54,31,11,11
chr6,55,31,6,6
chr6,56,21,9,9
chr6,57,27,11,11
chr6,58,31,9,9
chr6,59,30,12,12
chr6,60,12,14,12
chr6,61,22,13,13
chr6,62,22,11,11
chr6,63,12,13,12
chr6,64,14,9,9
chr6,65,18,13,13
chr6,66,24,13,13
chr6,67,22,5,5
chr6,68,18,11,11
chr6,69,16,7,7
chr6,70,19,5,5
chr6,71,21,6,6
chr6,72,21,12,12
chr6,73,19,9,9
chr6,74,19,4,4
chr6,75,17,13,13
chr6,76,22,6,6
chr6,77,12,13,12
chr6,78,20,12,12
chr6,79,15,6,6
chr6,80,11,5,5
chr6,81,14,5,5
chr6,82,11,11,11
chr6,83,13,7,7
chr6,84,10,2,2
chr6,85,17,3,3
chr6,86,19,6,6
chr6,87,17,7,7
chr6,88,12,7,7
chr6,89,6,10,6
chr6,90,7,7,7
chr6,91,10,14,10
chr6,92,11,6,6
chr6,93,10,6,6
chr6,94,6,4,4
chr6,95,11,6,6
chr6,96,6,3,3
chr6,97,9,8,8
chr6,98,7,3,3
chr6,99,16,5,5
chr6,100,4,4,4
chr6,101,5,7,5
chr6,102,5,3,3
chr6,103,6,4,4
chr6,104,6,3,3
chr6,105,8,8,8
chr6,106,9,3,3
chr6,107,9,3,3
chr6,108,9,1,1
chr6,109,7,2,2
chr6,110,4,5,4
chr6,111,4,4,4
chr6,112,7,7,7
chr6,113,7,6,6
chr6,114,7,2,2
chr6,115,5,3,3
chr6,116,6,5,5
chr6,117,3,4,3
chr6,118,3,2,2
chr6,119,2,6,2
chr6,120,5,2,2
chr6,121,4,3,3
chr6,122,5,2,2
chr6,123,6,6,6
chr6,124,2,6,2
chr6,125,4,2,2
chr6,126,7,4,4
chr6,127,3,8,3
chr6,128,2,4,2
chr6,129,3,3,3
chr6,130,1,3,1
chr6,131,3,3,3
chr6,132,5,1,1
chr6,133,5,8,5
chr6,134,3,2,2
chr6,135,3,1,1
chr6,136,4,4,4
chr6,138,3,4,3
chr6,139,5,2,2
chr6,140,6,2,2
chr6,141,4,6,4
chr6,142,1,6,1
chr6,143,3,4,3
chr6,144,2,3,2
chr6,145,2,4,2
chr6,146,3,5,3
chr6,147,3,4,3
chr6,148,3,3,3
chr6,149,3,2,2
chr6,150,2,3,2
chr6,151,1,3,1
chr6,152,2,4,2
chr6,153,1,1,1
chr6,154,1,2,1
chr6,155,2,3,2
chr6,156,2,5,2
chr6,157,2,2,2
chr6,158,1,1,1
chr6,159,2,5,2
chr6,160,3,4,3
chr6,161,2,3,2
chr6,162,5,2,2
chr6,163,4,5,4
chr6,164,4,0,0
chr6,165,1,2,1
chr6,166,1,0,0
chr6,167,1,3,1
chr6,168,0,1,0
chr6,169,0,3,0
chr6,170,2,4,2
chr6,171,1,4,1
chr6,172,1,1,1
chr6,173,2,1,1
chr6,174,2,1,1
chr6,175,2,3,2
chr6,176,1,3,1
chr6,177,1,0,0
chr6,179,2,4,2
chr6,180,2,4,2
chr6,181,2,2,2
chr6,182,1,3,1
chr6,183,0,2,0
chr6,184,3,4,3
chr6,185,2,3,2
chr6,186,1,4,1
chr6,187,0,4,0
chr6,188,1,1,1
chr6,189,0,2,0
chr6,190,0,1,0
chr6,191,0,4,0
chr6,192,0,5,0
chr6,193,1,2,1
chr6,194,3,2,2
chr6,195,0,5,0
chr6,196,1,2,1
chr6,198,1,2,1
chr6,199,0,2,0
chr6,200,1,2,1
chr6,201,2,2,2
chr6,202,2,3,2
chr6,204,1,1,1
chr6,205,0,3,0
chr6,207,0,2,0
chr6,208,0,1,0
chr6,209,1,2,1
chr6,210,0,1,0
chr6,211,1,0,0
chr6,212,2,1,1
chr6,213,2,1,1
chr6,214,2,2,2
chr6,215,0,1,0
chr6,216,0,1,0
chr6,217,2,0,0
chr6,218,1,0,0
chr6,219,1,3,1
chr6,220,0,2,0
chr6,221,0,3,0
chr6,222,0,1,0
chr6,223,0,1,0
chr6,224,0,2,0
chr6,225,2,0,0
chr6,226,1,5,1
chr6,227,1,0,0
chr6,228,0,2,0
chr6,229,1,2,1
chr6,230,1,0,0
chr6,231,0,1,0
chr6,232,1,0,0
chr6,233,2,1,1
chr6,234,0,2,0
chr6,235,2,3,2
chr6,236,0,1,0
chr6,237,0,2,0
chr6,238,1,1,1
chr6,239,2,1,1
chr6,240,0,1,0
chr6,241,0,1,0
chr6,242,1,1,1
chr6,244,1,1,1
chr6,246,0,2,0
chr6,247,1,0,0
chr6,248,1,2,1
chr6,249,1,0,0
chr6,250,1,1,1
chr6,251,0,1,0
chr6,252,1,2,1
chr6,253,0,1,0
chr6,254,1,2,1
chr6,256,0,1,0
chr6,257,1,2,1
chr6,261,1,1,1
chr6,263,1,1,1
chr6,264,0,1,0
chr6,265,1,0,0
chr6,266,0,1,0
chr6,267,0,2,0
chr6,269,0,2,0
chr6,270,0,1,0
chr6,271,0,2,0
chr6,273,0,1,0
chr6,274,0,1,0
chr6,275,0,1,0
chr6,276,0,1,0
chr6,277,0,2,0
chr6,278,0,2,0
chr6,280,1,0,0
chr6,282,1,1,1
chr6,283,0,1,0
chr6,284,1,0,0
chr6,286,0,1,0
chr6,287,0,1,0
chr6,289,0,1,0
chr6,290,0,1,0
chr6,294,0,1,0
chr6,296,0,2,0
chr6,297,1,1,1
chr6,298,0,1,0
chr6,299,0,1,0
chr6,300,1,0,0
chr6,302,0,1,0
chr6,305,0,1,0
chr6,307,0,1,0
chr6,308,0,1,0
chr6,309,0,1,0
chr6,310,0,1,0
chr6,311,0,1,0
chr6,314,0,1,0
chr6,316,0,1,0
chr6,319,0,2,0
chr6,321,0,1,0
chr6,322,0,1,0
chr6,324,0,1,0
chr6,327,0,1,0
chr6,331,0,1,0
chr6,332,0,1,0
chr6,333,0,1,0
chr6,338,0,1,0
chr6,349,0,2,0
chr6,361,1,0,0
chr6,366,0,1,0
chr6,376,0,3,0
chr6,382,0,1,0
chr6,392,0,1,0
chr6,394,0,1,0
chr6,400,0,1,0
chr6,401,0,1,0
chr6,404,0,1,0
chr6,421,0,1,0
chr6,423,0,1,0
chr6,443,0,1,0
chr6,462,0,1,0
chr7,1,2504,24,24
chr7,2,1472,24,24
chr7,3,1011,29,29
chr7,4,693,39,39
chr7,5,593,31,31
chr7,6,504,36,36
chr7,7,426,37,37
chr7,8,318,33,33
chr7,9,267,27,27
chr7,10,251,29,29
chr7,11,210,25,25
chr7,12,198,23,23
chr7,13,170,25,25
chr7,14,180,24,24
chr7,15,165,13,13
chr7,16,155,22,22
chr7,17,128,21,21
chr7,18,134,12,12
chr7,19,102,22,22
chr7,20,108,12,12
chr7,21,89,14,14
chr7,22,88,17,17
chr7,23,95,8,8
chr7,24,78,17,17
chr7,25,72,15,15
chr7,26,68,16,16
chr7,27,65,24,24
chr7,28,59,17,17
chr7,29,50,14,14
chr7,30,70,18,18
chr7,31,54,9,9
chr7,32,62,13,13
chr7,33,64,13,13
chr7,34,51,12,12
chr7,35,38,12,12
chr7,36,48,12,12
chr7,37,52,14,14
chr7,38,47,11,11
chr7,39,35,14,14
chr7,40,32,13,13
chr7,41,41,4,4
chr7,42,40,10,10
chr7,43,42,10,10
chr7,44,33,8,8
chr7,45,24,11,11
chr7,46,34,7,7
chr7,47,27,9,9
chr7,48,26,11,11
chr7,49,23,11,11
chr7,50,40,8,8
chr7,51,33,9,9
chr7,52,24,10,10
chr7,53,19,9,9
chr7,54,28,8,8
chr7,55,21,9,9
chr7,56,15,7,7
chr7,57,28,12,12
chr7,58,22,10,10
chr7,59,22,5,5
chr7,60,24,13,13
chr7,61,21,5,5
chr7,62,18,6,6
chr7,63,15,10,10
chr7,64,18,11,11
chr7,65,24,12,12
chr7,66,18,6,6
chr7,67,20,5,5
chr7,68,11,4,4
chr7,69,14,5,5
chr7,70,20,7,7
chr7,71,9,10,9
chr7,72,14,5,5
chr7,73,15,10,10
chr7,74,17,6,6
chr7,75,14,3,3
chr7,76,11,6,6
chr7,77,6,7,6
chr7,78,11,10,10
chr7,79,7,6,6
chr7,80,13,7,7
chr7,81,4,5,4
chr7,82,9,5,5
chr7,83,15,4,4
chr7,84,11,6,6
chr7,85,13,6,6
chr7,86,8,10,8
chr7,87,4,7,4
chr7,88,8,6,6
chr7,89,5,3,3
chr7,90,15,8,8
chr7,91,7,4,4
chr7,92,5,2,2
chr7,93,7,3,3
chr7,94,5,6,5
chr7,95,10,6,6
chr7,96,6,6,6
chr7,97,9,3,3
chr7,98,3,3,3
chr7,99,2,2,2
chr7,100,5,3,3
chr7,101,0,2,0
chr7,102,3,4,3
chr7,103,9,6,6
chr7,104,5,3,3
chr7,105,10,4,4
chr7,106,3,2,2
chr7,107,8,4,4
chr7,108,5,2,2
chr7,109,5,1,1
chr7,110,1,3,1
chr7,111,5,1,1
chr7,112,3,5,3
chr7,113,4,4,4
chr7,114,3,6,3
chr7,115,4,3,3
chr7,116,4,3,3
chr7,117,3,3,3
chr7,118,4,1,1
chr7,119,7,4,4
chr7,120,3,2,2
chr7,121,3,2,2
chr7,122,3,4,3
chr7,123,8,3,3
chr7,124,4,1,1
chr7,125,5,5,5
chr7,126,4,2,2
chr7,127,2,4,2
chr7,128,1,1,1
chr7,129,3,1,1
chr7,130,3,4,3
chr7,131,4,1,1
chr7,132,4,2,2
chr7,133,3,2,2
chr7,134,3,9,3
chr7,135,4,0,0
chr7,136,3,3,3
chr7,137,7,0,0
chr7,138,3,5,3
chr7,139,4,6,4
chr7,140,1,2,1
chr7,141,3,4,3
chr7,142,0,5,0
chr7,143,1,0,0
chr7,144,1,1,1
chr7,146,2,2,2
chr7,147,0,3,0
chr7,148,1,2,1
chr7,149,3,4,3
chr7,150,2,0,0
chr7,151,2,3,2
chr7,152,1,3,1
chr7,153,3,2,2
chr7,154,2,1,1
chr7,155,3,4,3
chr7,156,0,5,0
chr7,157,0,1,0
chr7,158,1,2,1
chr7,159,0,1,0
chr7,160,2,2,2
chr7,161,0,2,0
chr7,162,3,1,1
chr7,163,0,1,0
chr7,164,1,4,1
chr7,165,1,1,1
chr7,166,0,2,0
chr7,167,1,1,1
chr7,169,3,2,2
chr7,170,1,1,1
chr7,172,0,3,0
chr7,173,1,0,0
chr7,174,2,1,1
chr7,175,2,1,1
chr7,176,3,0,0
chr7,177,2,0,0
chr7,179,1,2,1
chr7,180,1,4,1
chr7,181,0,3,0
chr7,182,0,2,0
chr7,183,1,3,1
chr7,184,1,3,1
chr7,185,2,1,1
chr7,186,0,1,0
chr7,187,1,0,0
chr7,189,0,2,0
chr7,190,1,0,0
chr7,191,0,1,0
chr7,192,0,1,0
chr7,193,2,3,2
chr7,194,2,0,0
chr7,196,1,1,1
chr7,197,1,1,1
chr7,200,0,3,0
chr7,202,1,1,1
chr7,203,0,3,0
chr7,204,0,2,0
chr7,205,0,2,0
chr7,206,0,1,0
chr7,208,1,0,0
chr7,209,0,1,0
chr7,210,0,1,0
chr7,211,0,1,0
chr7,212,1,0,0
chr7,213,2,1,1
chr7,214,0,1,0
chr7,216,0,1,0
chr7,217,0,1,0
chr7,218,1,1,1
chr7,222,1,2,1
chr7,223,2,0,0
chr7,224,1,0,0
chr7,225,3,0,0
chr7,226,2,0,0
chr7,229,2,0,0
chr7,232,0,1,0
chr7,233,0,1,0
chr7,234,2,3,2
chr7,236,0,1,0
chr7,240,1,0,0
chr7,242,1,0,0
chr7,244,2,0,0
chr7,247,0,2,0
chr7,248,1,1,1
chr7,249,0,1,0
chr7,250,0,1,0
chr7,251,2,0,0
chr7,252,0,2,0
chr7,253,1,1,1
chr7,255,0,1,0
chr7,256,0,1,0
chr7,258,0,2,0
chr7,259,1,1,1
chr7,260,1,0,0
chr7,262,1,0,0
chr7,265,0,1,0
chr7,267,1,0,0
chr7,273,2,0,0
chr7,274,2,2,2
chr7,275,1,0,0
chr7,276,1,0,0
chr7,277,0,2,0
chr7,279,0,1,0
chr7,283,0,1,0
chr7,286,1,0,0
chr7,289,0,1,0
chr7,291,0,1,0
chr7,293,1,0,0
chr7,296,0,1,0
chr7,300,0,1,0
chr7,302,1,0,0
chr7,306,0,1,0
chr7,310,0,2,0
chr7,311,0,1,0
chr7,314,1,0,0
chr7,317,0,1,0
chr7,320,1,0,0
chr7,324,0,1,0
chr7,341,1,0,0
chr7,342,0,1,0
chr7,360,0,1,0
chr7,366,0,1,0
chr7,375,0,1,0
chr7,376,1,0,0
chr7,450,0,1,0
chr8,1,2318,15,15
chr8,2,1338,22,22
chr8,3,1003,36,36
chr8,4,703,24,24
chr8,5,578,29,29
chr8,6,450,26,26
chr8,7,372,20,20
chr8,8,318,27,27
chr8,9,287,23,23
chr8,10,251,17,17
chr8,11,189,14,14
chr8,12,191,19,19
chr8,13,163,18,18
chr8,14,135,12,12
chr8,15,126,21,21
chr8,16,131,10,10
chr8,17,121,12,12
chr8,18,121,16,16
chr8,19,84,16,16
chr8,20,85,27,27
chr8,21,76,12,12
chr8,22,71,18,18
chr8,23,75,13,13
chr8,24,67,19,19
chr8,25,58,11,11
chr8,26,65,14,14
chr8,27,51,16,16
chr8,28,57,10,10
chr8,29,55,10,10
chr8,30,38,15,15
chr8,31,48,8,8
chr8,32,49,7,7
chr8,33,44,11,11
chr8,34,42,11,11
chr8,35,38,9,9
chr8,36,47,8,8
chr8,37,34,12,12
chr8,38,33,8,8
chr8,39,39,11,11
chr8,40,36,16,16
chr8,41,30,5,5
chr8,42,26,4,4
chr8,43,26,12,12
chr8,44,24,7,7
chr8,45,18,14,14
chr8,46,31,14,14
chr8,47,25,9,9
chr8,48,24,9,9
chr8,49,24,5,5
chr8,50,22,12,12
chr8,51,21,6,6
chr8,52,18,9,9
chr8,53,18,10,10
chr8,54,25,9,9
chr8,55,26,5,5
chr8,56,18,8,8
chr8,57,21,5,5
chr8,58,26,7,7
chr8,59,15,5,5
chr8,60,19,6,6
chr8,61,17,4,4
chr8,62,14,6,6
chr8,63,13,12,12
chr8,64,7,4,4
chr8,65,13,5,5
chr8,66,21,5,5
chr8,67,18,6,6
chr8,68,16,5,5
chr8,69,15,7,7
chr8,70,12,3,3
chr8,71,5,5,5
chr8,72,16,10,10
chr8,73,17,9,9
chr8,74,9,5,5
chr8,75,13,5,5
chr8,76,9,5,5
chr8,77,3,5,3
chr8,78,5,4,4
chr8,79,12,5,5
chr8,80,8,4,4
chr8,81,7,3,3
chr8,82,7,7,7
chr8,83,6,8,6
chr8,84,5,4,4
chr8,85,9,7,7
chr8,86,4,6,4
chr8,87,4,2,2
chr8,88,7,7,7
chr8,89,5,7,5
chr8,90,9,3,3
chr8,91,8,8,8
chr8,92,5,3,3
chr8,93,2,5,2
chr8,94,7,1,1
chr8,95,9,2,2
chr8,96,4,1,1
chr8,97,7,8,7
chr8,98,4,4,4
chr8,99,5,7,5
chr8,100,4,3,3
chr8,101,3,1,1
chr8,102,4,2,2
chr8,103,5,5,5
chr8,104,6,3,3
chr8,105,2,6,2
chr8,106,4,1,1
chr8,107,6,3,3
chr8,108,5,5,5
chr8,109,2,1,1
chr8,110,8,4,4
chr8,111,4,1,1
chr8,112,5,1,1
chr8,113,1,1,1
chr8,114,5,2,2
chr8,115,5,4,4
chr8,116,2,1,1
chr8,117,3,5,3
chr8,118,4,1,1
chr8,119,2,1,1
chr8,120,1,0,0
chr8,121,1,1,1
chr8,122,6,3,3
chr8,123,3,3,3
chr8,124,3,3,3
chr8,125,3,2,2
chr8,126,4,3,3
chr8,127,1,2,1
chr8,128,0,3,0
chr8,129,1,3,1
chr8,130,4,2,2
chr8,131,3,1,1
chr8,132,0,3,0
chr8,133,1,1,1
chr8,134,1,0,0
chr8,135,7,4,4
chr8,136,2,2,2
chr8,137,2,1,1
chr8,138,1,3,1
chr8,139,1,5,1
chr8,140,2,2,2
chr8,141,1,1,1
chr8,142,2,2,2
chr8,143,2,0,0
chr8,144,2,1,1
chr8,145,2,4,2
chr8,146,2,2,2
chr8,147,2,2,2
chr8,148,2,1,1
chr8,149,1,0,0
chr8,150,2,2,2
chr8,151,0,1,0
chr8,152,2,1,1
chr8,153,3,3,3
chr8,154,2,0,0
chr8,155,0,1,0
chr8,156,0,2,0
chr8,157,4,3,3
chr8,159,4,2,2
chr8,160,1,2,1
chr8,161,3,1,1
chr8,162,1,0,0
chr8,163,1,2,1
chr8,164,2,3,2
chr8,165,2,0,0
chr8,166,0,1,0
chr8,167,1,2,1
chr8,168,1,1,1
chr8,169,2,0,0
chr8,170,2,3,2
chr8,171,2,0,0
chr8,174,3,0,0
chr8,176,2,0,0
chr8,178,0,1,0
chr8,180,2,0,0
chr8,182,0,2,0
chr8,183,0,2,0
chr8,184,1,1,1
chr8,185,2,1,1
chr8,186,0,1,0
chr8,187,0,1,0
chr8,188,0,1,0
chr8,189,1,1,1
chr8,190,0,1,0
chr8,192,1,1,1
chr8,193,0,1,0
chr8,194,0,3,0
chr8,195,1,1,1
chr8,197,1,0,0
chr8,198,1,0,0
chr8,201,1,0,0
chr8,203,0,2,0
chr8,204,1,2,1
chr8,205,1,1,1
chr8,207,1,0,0
chr8,208,1,0,0
chr8,209,0,1,0
chr8,211,0,3,0
chr8,212,0,1,0
chr8,215,0,1,0
chr8,216,0,2,0
chr8,217,0,1,0
chr8,218,1,0,0
chr8,221,1,0,0
chr8,222,0,1,0
chr8,223,0,1,0
chr8,224,1,0,0
chr8,225,1,1,1
chr8,226,0,1,0
chr8,227,0,1,0
chr8,228,0,1,0
chr8,229,0,1,0
chr8,230,1,0,0
chr8,231,1,0,0
chr8,232,1,0,0
chr8,235,1,0,0
chr8,237,0,1,0
chr8,242,0,3,0
chr8,244,1,1,1
chr8,248,0,1,0
chr8,251,0,1,0
chr8,253,0,2,0
chr8,255,1,0,0
chr8,261,0,1,0
chr8,266,0,1,0
chr8,276,0,2,0
chr8,278,1,0,0
chr8,287,0,1,0
chr8,296,0,1,0
chr8,297,0,1,0
chr8,298,0,1,0
chr8,301,0,1,0
chr8,305,0,1,0
chr8,310,1,0,0
chr8,313,0,1,0
chr8,318,0,1,0
chr8,319,0,1,0
chr8,320,0,1,0
chr8,321,0,1,0
chr8,324,0,1,0
chr8,366,0,1,0
chr9,1,1787,23,23
chr9,2,1082,33,33
chr9,3,777,19,19
chr9,4,608,29,29
chr9,5,502,25,25
chr9,6,411,16,16
chr9,7,325,23,23
chr9,8,327,21,21
chr9,9,257,17,17
chr9,10,203,25,25
chr9,11,201,24,24
chr9,12,178,21,21
chr9,13,189,17,17
chr9,14,168,16,16
chr9,15,140,23,23
chr9,16,142,14,14
chr9,17,116,15,15
chr9,18,128,20,20
chr9,19,100,17,17
chr9,20,93,16,16
chr9,21,74,15,15
chr9,22,72,8,8
chr9,23,89,10,10
chr9,24,62,17,17
chr9,25,68,11,11
chr9,26,60,17,17
chr9,27,58,12,12
chr9,28,53,11,11
chr9,29,41,11,11
chr9,30,59,13,13
chr9,31,45,18,18
chr9,32,49,4,4
chr9,33,37,18,18
chr9,34,36,7,7
chr9,35,50,7,7
chr9,36,37,11,11
chr9,37,35,11,11
chr9,38,37,7,7
chr9,39,45,4,4
chr9,40,28,10,10
chr9,41,25,9,9
chr9,42,27,13,13
chr9,43,24,9,9
chr9,44,21,11,11
chr9,45,21,4,4
chr9,46,25,10,10
chr9,47,38,9,9
chr9,48,26,5,5
chr9,49,34,11,11
chr9,50,24,6,6
chr9,51,22,6,6
chr9,52,17,9,9
chr9,53,13,11,11
chr9,54,17,10,10
chr9,55,18,5,5
chr9,56,16,7,7
chr9,57,17,9,9
chr9,58,15,4,4
chr9,59,23,7,7
chr9,60,18,12,12
chr9,61,16,7,7
chr9,62,20,8,8
chr9,63,15,7,7
chr9,64,19,5,5
chr9,65,14,8,8
chr9,66,17,6,6
chr9,67,15,7,7
chr9,68,12,4,4
chr9,69,20,10,10
chr9,70,12,12,12
chr9,71,14,6,6
chr9,72,8,9,8
chr9,73,17,5,5
chr9,74,15,7,7
chr9,75,7,6,6
chr9,76,8,3,3
chr9,77,9,3,3
chr9,78,10,7,7
chr9,79,5,4,4
chr9,80,11,5,5
chr9,81,4,3,3
chr9,82,10,6,6
chr9,83,12,4,4
chr9,84,5,3,3
chr9,85,8,4,4
chr9,86,9,5,5
chr9,87,7,4,4
chr9,88,8,6,6
chr9,89,6,6,6
chr9,90,9,7,7
chr9,91,10,6,6
chr9,92,10,3,3
chr9,93,3,3,3
chr9,94,5,6,5
chr9,95,4,3,3
chr9,96,4,8,4
chr9,97,4,1,1
chr9,98,3,4,3
chr9,99,3,4,3
chr9,100,6,5,5
chr9,101,6,5,5
chr9,102,1,5,1
chr9,103,5,5,5
chr9,104,8,6,6
chr9,105,6,1,1
chr9,106,3,5,3
chr9,107,4,4,4
chr9,108,5,3,3
chr9,109,8,3,3
chr9,110,6,2,2
chr9,111,8,6,6
chr9,112,2,2,2
chr9,113,4,3,3
chr9,114,3,3,3
chr9,115,7,2,2
chr9,116,1,1,1
chr9,117,4,2,2
chr9,118,3,2,2
chr9,119,2,3,2
chr9,120,4,1,1
chr9,121,0,3,0
chr9,122,4,4,4
chr9,123,2,3,2
chr9,124,4,1,1
chr9,125,4,1,1
chr9,126,2,3,2
chr9,127,1,3,1
chr9,128,1,2,1
chr9,129,1,4,1
chr9,130,1,2,1
chr9,131,1,4,1
chr9,132,0,1,0
chr9,133,4,1,1
chr9,134,3,2,2
chr9,135,2,1,1
chr9,136,2,3,2
chr9,137,3,1,1
chr9,138,3,4,3
chr9,139,0,3,0
chr9,140,1,0,0
chr9,141,2,1,1
chr9,143,1,4,1
chr9,144,2,1,1
chr9,145,0,1,0
chr9,146,1,3,1
chr9,147,1,1,1
chr9,148,5,1,1
chr9,149,2,1,1
chr9,150,1,0,0
chr9,151,2,4,2
chr9,152,2,1,1
chr9,153,0,2,0
chr9,154,3,3,3
chr9,155,3,1,1
chr9,156,2,1,1
chr9,157,2,1,1
chr9,158,2,2,2
chr9,160,1,3,1
chr9,161,2,2,2
chr9,162,1,0,0
chr9,164,2,0,0
chr9,165,1,1,1
chr9,166,0,1,0
chr9,167,1,0,0
chr9,168,1,0,0
chr9,170,1,1,1
chr9,171,2,1,1
chr9,172,1,2,1
chr9,173,2,1,1
chr9,174,1,2,1
chr9,175,0,2,0
chr9,176,1,1,1
chr9,177,0,2,0
chr9,178,2,0,0
chr9,179,1,0,0
chr9,180,2,0,0
chr9,181,1,1,1
chr9,182,1,2,1
chr9,183,0,1,0
chr9,184,0,1,0
chr9,185,2,2,2
chr9,186,2,1,1
chr9,187,0,2,0
chr9,188,2,1,1
chr9,189,2,1,1
chr9,190,1,1,1
chr9,191,0,2,0
chr9,192,1,1,1
chr9,193,1,0,0
chr9,194,2,0,0
chr9,195,0,2,0
chr9,196,0,1,0
chr9,197,1,5,1
chr9,198,2,0,0
chr9,199,0,3,0
chr9,200,2,0,0
chr9,202,1,1,1
chr9,203,0,1,0
chr9,204,1,1,1
chr9,205,0,1,0
chr9,207,0,3,0
chr9,208,0,1,0
chr9,209,1,1,1
chr9,211,1,0,0
chr9,213,0,1,0
chr9,214,0,1,0
chr9,216,0,1,0
chr9,217,1,2,1
chr9,219,0,1,0
chr9,220,1,2,1
chr9,222,0,2,0
chr9,224,0,1,0
chr9,225,0,1,0
chr9,227,0,1,0
chr9,229,0,1,0
chr9,232,0,1,0
chr9,234,0,2,0
chr9,235,0,1,0
chr9,237,0,1,0
chr9,238,1,1,1
chr9,239,0,1,0
chr9,241,2,1,1
chr9,242,1,0,0
chr9,243,1,0,0
chr9,244,1,0,0
chr9,245,1,0,0
chr9,246,0,1,0
chr9,247,1,0,0
chr9,252,0,1,0
chr9,253,0,1,0
chr9,254,0,2,0
chr9,257,0,2,0
chr9,258,1,2,1
chr9,259,1,0,0
chr9,260,0,1,0
chr9,267,0,1,0
chr9,268,0,2,0
chr9,269,0,2,0
chr9,270,0,1,0
chr9,272,0,2,0
chr9,273,0,3,0
chr9,278,0,1,0
chr9,279,0,1,0
chr9,282,0,1,0
chr9,284,0,1,0
chr9,285,0,2,0
chr9,288,0,1,0
chr9,290,0,1,0
chr9,291,0,1,0
chr9,292,0,1,0
chr9,293,0,1,0
chr9,296,0,1,0
chr9,297,1,0,0
chr9,301,1,1,1
chr9,303,0,1,0
chr9,307,0,1,0
chr9,312,0,1,0
chr9,314,1,1,1
chr9,316,1,0,0
chr9,319,0,1,0
chr9,329,0,1,0
chr9,342,0,1,0
chr9,348,0,1,0
chr9,393,0,1,0
chr9,401,0,1,0
chr9,402,0,1,0
chr9,524,0,1,0
