feature_set,feature_access,temperature,validation_f1_threshold,n_train,n_validation,n_test,scope,chromosome,n,positive_fraction,threshold,auroc,auprc,accuracy,precision,recall,f1,nll,brier,ece,task,subtask,fold,seed,closure,context,balanced_accuracy,n_val,positive_prevalence,normalized_ap
coordinate,"reference coordinate, node length, and constant orientation",1.0651056135446937,0.4335037695631839,24384,12848,13422,all_test_chromosomes,all,13422,0.5,0.4335037695631839,0.5253704794275866,0.5352308974062783,0.5003725227238861,0.5001864975755315,0.9991059454626732,0.6666335255517996,0.6913146912684773,0.2490963155081719,0.0102531616076056,p0,exposure_matched,fold_a,20260806,1hop,1hop,0.5003725227238861,12848,0.5,0.0704617948125565
sequence_kmer,mono/di/tri-nucleotide composition; no graph adjacency,2.483431396642774,0.1530702152676671,24384,12848,13422,all_test_chromosomes,all,13422,0.5,0.1530702152676671,0.5148445892481515,0.5138901038922467,0.4999254954552227,0.499962744951941,0.9998509909104456,0.6666004371150407,0.6930472503961117,0.2499313664802334,0.003216695702989,p0,exposure_matched,fold_a,20260806,1hop,1hop,0.4999254954552227,12848,0.5,0.0277802077844933
frozen_sequence_fm,S-FM: frozen pretrained sequence-model embedding only; no graph adjacency,3.69522365585383,0.2008902530387739,24384,12848,13422,all_test_chromosomes,all,13422,0.5,0.2008902530387739,0.5206591743804015,0.522904925517444,0.5,0.5,1.0,0.6666666666666666,0.6922224539687316,0.24954197417943,0.0027551850318315,p0,exposure_matched,fold_a,20260806,1hop,1hop,0.5,12848,0.5,0.0458098510348881
frozen_pangenomefm,frozen topology-pretrained node embedding; current encoder has no nucleotide input,1.5037807496518023,0.32665983301812,24384,12848,13422,all_test_chromosomes,all,13422,0.5,0.32665983301812,0.5264643562419876,0.5309293010533966,0.5000745045447772,0.5000372661548781,0.9997019818208912,0.666633545310016,0.691610774325905,0.249229596628367,0.0028885856658574,p0,exposure_matched,fold_a,20260806,1hop,1hop,0.5000745045447772,12848,0.5,0.0618586021067932
coordinate_plus_frozen_sequence_fm,C+S-FM: coordinate and frozen sequence-model embedding,3.4098964093259214,0.1681412342329185,24384,12848,13422,all_test_chromosomes,all,13422,0.5,0.1681412342329185,0.5250760138418809,0.5262760365893293,0.5,0.5,1.0,0.6666666666666666,0.6918865785343562,0.2493739158248604,0.0034967811886196,p0,exposure_matched,fold_a,20260806,1hop,1hop,0.5,12848,0.5,0.0525520731786586
coordinate_plus_frozen_pangenomefm,C+T: coordinate and frozen topology embedding; no nucleotide input,1.562056826115477,0.326556947880355,24384,12848,13422,all_test_chromosomes,all,13422,0.5,0.326556947880355,0.5284278302085055,0.5328689322689595,0.5000745045447772,0.5000372661548781,0.9997019818208912,0.666633545310016,0.6913821262101758,0.2491181476790347,0.0026061364072776,p0,exposure_matched,fold_a,20260806,1hop,1hop,0.5000745045447772,12848,0.5,0.0657378645379189
coordinate_plus_frozen_sequence_fm_plus_frozen_pangenomefm,"C+S-FM+T: coordinate, frozen sequence-model, and topology embeddings",3.648522475520703,0.198035446378487,24384,12848,13422,all_test_chromosomes,all,13422,0.5,0.198035446378487,0.5290818071447583,0.5296319265805709,0.5,0.5,1.0,0.6666666666666666,0.691611700504347,0.2492350594236155,0.0028475756721874,p0,exposure_matched,fold_a,20260806,1hop,1hop,0.5,12848,0.5,0.0592638531611418
coordinate,"reference coordinate, node length, and constant orientation",1.0651056135446937,0.4335037695631839,24384,12848,13422,all_test_chromosomes,all,13422,0.5,0.4335037695631839,0.5253704794275866,0.5352308974062783,0.5003725227238861,0.5001864975755315,0.9991059454626732,0.6666335255517996,0.6913146912684773,0.2490963155081719,0.0102531616076056,p0,exposure_matched,fold_a,20260806,strict,strict,0.5003725227238861,12848,0.5,0.0704617948125565
sequence_kmer,mono/di/tri-nucleotide composition; no graph adjacency,2.483431396642774,0.1530702152676671,24384,12848,13422,all_test_chromosomes,all,13422,0.5,0.1530702152676671,0.5148445892481515,0.5138901038922467,0.4999254954552227,0.499962744951941,0.9998509909104456,0.6666004371150407,0.6930472503961117,0.2499313664802334,0.003216695702989,p0,exposure_matched,fold_a,20260806,strict,strict,0.4999254954552227,12848,0.5,0.0277802077844933
frozen_sequence_fm,S-FM: frozen pretrained sequence-model embedding only; no graph adjacency,3.69522365585383,0.2008902530387739,24384,12848,13422,all_test_chromosomes,all,13422,0.5,0.2008902530387739,0.5206591743804015,0.522904925517444,0.5,0.5,1.0,0.6666666666666666,0.6922224539687316,0.24954197417943,0.0027551850318315,p0,exposure_matched,fold_a,20260806,strict,strict,0.5,12848,0.5,0.0458098510348881
frozen_pangenomefm,frozen topology-pretrained node embedding; current encoder has no nucleotide input,1.83700054491525,0.4183207907993806,24384,12848,13422,all_test_chromosomes,all,13422,0.5,0.4183207907993806,0.529207202590036,0.537065390527667,0.5,0.5,1.0,0.6666666666666666,0.6911128162186917,0.2489911200490469,0.0084740774320789,p0,exposure_matched,fold_a,20260806,strict,strict,0.5,12848,0.5,0.074130781055334
coordinate_plus_frozen_sequence_fm,C+S-FM: coordinate and frozen sequence-model embedding,3.4098964093259214,0.1681412342329185,24384,12848,13422,all_test_chromosomes,all,13422,0.5,0.1681412342329185,0.5250760138418809,0.5262760365893293,0.5,0.5,1.0,0.6666666666666666,0.6918865785343562,0.2493739158248604,0.0034967811886196,p0,exposure_matched,fold_a,20260806,strict,strict,0.5,12848,0.5,0.0525520731786586
coordinate_plus_frozen_pangenomefm,C+T: coordinate and frozen topology embedding; no nucleotide input,1.6938886948565028,0.4127425824725679,24384,12848,13422,all_test_chromosomes,all,13422,0.5,0.4127425824725679,0.5297664918102398,0.5387097787601711,0.5,0.5,1.0,0.6666666666666666,0.6908663528071345,0.248871524194173,0.0068619808599063,p0,exposure_matched,fold_a,20260806,strict,strict,0.5,12848,0.5,0.0774195575203422
coordinate_plus_frozen_sequence_fm_plus_frozen_pangenomefm,"C+S-FM+T: coordinate, frozen sequence-model, and topology embeddings",3.862203756266381,0.1945676964661386,24384,12848,13422,all_test_chromosomes,all,13422,0.5,0.1945676964661386,0.5291351404532234,0.5302044375183411,0.5,0.5,1.0,0.6666666666666666,0.691596206305947,0.2492285116785227,0.0015346462940583,p0,exposure_matched,fold_a,20260806,strict,strict,0.5,12848,0.5,0.0604088750366822
coordinate,"reference coordinate, node length, and constant orientation",1.0651056135446937,0.4335037695631839,24384,12848,13422,all_test_chromosomes,all,13422,0.5,0.4335037695631839,0.5253704794275866,0.5352308974062783,0.5003725227238861,0.5001864975755315,0.9991059454626732,0.6666335255517996,0.6913146912684773,0.2490963155081719,0.0102531616076056,p0,exposure_matched,fold_a,314159,1hop,1hop,0.5003725227238861,12848,0.5,0.0704617948125565
sequence_kmer,mono/di/tri-nucleotide composition; no graph adjacency,2.483431396642774,0.1530702152676671,24384,12848,13422,all_test_chromosomes,all,13422,0.5,0.1530702152676671,0.5148445892481515,0.5138901038922467,0.4999254954552227,0.499962744951941,0.9998509909104456,0.6666004371150407,0.6930472503961117,0.2499313664802334,0.003216695702989,p0,exposure_matched,fold_a,314159,1hop,1hop,0.4999254954552227,12848,0.5,0.0277802077844933
frozen_sequence_fm,S-FM: frozen pretrained sequence-model embedding only; no graph adjacency,3.69522365585383,0.2008902530387739,24384,12848,13422,all_test_chromosomes,all,13422,0.5,0.2008902530387739,0.5206591743804015,0.522904925517444,0.5,0.5,1.0,0.6666666666666666,0.6922224539687316,0.24954197417943,0.0027551850318315,p0,exposure_matched,fold_a,314159,1hop,1hop,0.5,12848,0.5,0.0458098510348881
frozen_pangenomefm,frozen topology-pretrained node embedding; current encoder has no nucleotide input,1.509727698668042,0.4169973573952698,24384,12848,13422,all_test_chromosomes,all,13422,0.5,0.4169973573952698,0.5253210983792824,0.5295429615265146,0.5002235136343317,0.5001118151323146,0.9997019818208912,0.6666997913147172,0.6917823996238861,0.2493203633245628,0.0058144379898033,p0,exposure_matched,fold_a,314159,1hop,1hop,0.5002235136343317,12848,0.5,0.0590859230530291
coordinate_plus_frozen_sequence_fm,C+S-FM: coordinate and frozen sequence-model embedding,3.4098964093259214,0.1681412342329185,24384,12848,13422,all_test_chromosomes,all,13422,0.5,0.1681412342329185,0.5250760138418809,0.5262760365893293,0.5,0.5,1.0,0.6666666666666666,0.6918865785343562,0.2493739158248604,0.0034967811886196,p0,exposure_matched,fold_a,314159,1hop,1hop,0.5,12848,0.5,0.0525520731786586
coordinate_plus_frozen_pangenomefm,C+T: coordinate and frozen topology embedding; no nucleotide input,1.5252538229946957,0.4184596058407022,24384,12848,13422,all_test_chromosomes,all,13422,0.5,0.4184596058407022,0.5277646498349676,0.5324584916190206,0.5000745045447772,0.5000372606006409,0.9998509909104456,0.6666666666666666,0.691431201717284,0.2491469965761265,0.0046080725348077,p0,exposure_matched,fold_a,314159,1hop,1hop,0.5000745045447772,12848,0.5,0.0649169832380411
coordinate_plus_frozen_sequence_fm_plus_frozen_pangenomefm,"C+S-FM+T: coordinate, frozen sequence-model, and topology embeddings",3.537512441575318,0.1854830457241578,24384,12848,13422,all_test_chromosomes,all,13422,0.5,0.1854830457241578,0.5273675031980557,0.5295896366651518,0.5,0.5,1.0,0.6666666666666666,0.6916778041665774,0.2492700827625242,0.0039737078637693,p0,exposure_matched,fold_a,314159,1hop,1hop,0.5,12848,0.5,0.0591792733303035
coordinate,"reference coordinate, node length, and constant orientation",1.0651056135446937,0.4335037695631839,24384,12848,13422,all_test_chromosomes,all,13422,0.5,0.4335037695631839,0.5253704794275866,0.5352308974062783,0.5003725227238861,0.5001864975755315,0.9991059454626732,0.6666335255517996,0.6913146912684773,0.2490963155081719,0.0102531616076056,p0,exposure_matched,fold_a,314159,strict,strict,0.5003725227238861,12848,0.5,0.0704617948125565
sequence_kmer,mono/di/tri-nucleotide composition; no graph adjacency,2.483431396642774,0.1530702152676671,24384,12848,13422,all_test_chromosomes,all,13422,0.5,0.1530702152676671,0.5148445892481515,0.5138901038922467,0.4999254954552227,0.499962744951941,0.9998509909104456,0.6666004371150407,0.6930472503961117,0.2499313664802334,0.003216695702989,p0,exposure_matched,fold_a,314159,strict,strict,0.4999254954552227,12848,0.5,0.0277802077844933
frozen_sequence_fm,S-FM: frozen pretrained sequence-model embedding only; no graph adjacency,3.69522365585383,0.2008902530387739,24384,12848,13422,all_test_chromosomes,all,13422,0.5,0.2008902530387739,0.5206591743804015,0.522904925517444,0.5,0.5,1.0,0.6666666666666666,0.6922224539687316,0.24954197417943,0.0027551850318315,p0,exposure_matched,fold_a,314159,strict,strict,0.5,12848,0.5,0.0458098510348881
frozen_pangenomefm,frozen topology-pretrained node embedding; current encoder has no nucleotide input,1.4440068221109812,0.4318474233785658,24384,12848,13422,all_test_chromosomes,all,13422,0.5,0.4318474233785658,0.5282373334891146,0.5334998982483771,0.5,0.5,0.9997019818208912,0.6666004272442745,0.691255862508416,0.2490634775707034,0.0022478754162853,p0,exposure_matched,fold_a,314159,strict,strict,0.5,12848,0.5,0.0669997964967541
coordinate_plus_frozen_sequence_fm,C+S-FM: coordinate and frozen sequence-model embedding,3.4098964093259214,0.1681412342329185,24384,12848,13422,all_test_chromosomes,all,13422,0.5,0.1681412342329185,0.5250760138418809,0.5262760365893293,0.5,0.5,1.0,0.6666666666666666,0.6918865785343562,0.2493739158248604,0.0034967811886196,p0,exposure_matched,fold_a,314159,strict,strict,0.5,12848,0.5,0.0525520731786586
coordinate_plus_frozen_pangenomefm,C+T: coordinate and frozen topology embedding; no nucleotide input,1.4092124191305186,0.4272261899136547,24384,12848,13422,all_test_chromosomes,all,13422,0.5,0.4272261899136547,0.5281224514999394,0.5354234255408785,0.5,0.5,1.0,0.6666666666666666,0.6910144584850644,0.2489493400457017,0.0038845520824139,p0,exposure_matched,fold_a,314159,strict,strict,0.5,12848,0.5,0.070846851081757
coordinate_plus_frozen_sequence_fm_plus_frozen_pangenomefm,"C+S-FM+T: coordinate, frozen sequence-model, and topology embeddings",3.61710023263524,0.1900040420268433,24384,12848,13422,all_test_chromosomes,all,13422,0.5,0.1900040420268433,0.5271534816492232,0.5274794634647083,0.5,0.5,1.0,0.6666666666666666,0.6918245529842233,0.2493410292033377,0.0022043276692446,p0,exposure_matched,fold_a,314159,strict,strict,0.5,12848,0.5,0.0549589269294166
coordinate,"reference coordinate, node length, and constant orientation",1.0651056135446937,0.4335037695631839,24384,12848,13422,all_test_chromosomes,all,13422,0.5,0.4335037695631839,0.5253704794275866,0.5352308974062783,0.5003725227238861,0.5001864975755315,0.9991059454626732,0.6666335255517996,0.6913146912684773,0.2490963155081719,0.0102531616076056,p0,exposure_matched,fold_a,42,1hop,1hop,0.5003725227238861,12848,0.5,0.0704617948125565
sequence_kmer,mono/di/tri-nucleotide composition; no graph adjacency,2.483431396642774,0.1530702152676671,24384,12848,13422,all_test_chromosomes,all,13422,0.5,0.1530702152676671,0.5148445892481515,0.5138901038922467,0.4999254954552227,0.499962744951941,0.9998509909104456,0.6666004371150407,0.6930472503961117,0.2499313664802334,0.003216695702989,p0,exposure_matched,fold_a,42,1hop,1hop,0.4999254954552227,12848,0.5,0.0277802077844933
frozen_sequence_fm,S-FM: frozen pretrained sequence-model embedding only; no graph adjacency,3.69522365585383,0.2008902530387739,24384,12848,13422,all_test_chromosomes,all,13422,0.5,0.2008902530387739,0.5206591743804015,0.522904925517444,0.5,0.5,1.0,0.6666666666666666,0.6922224539687316,0.24954197417943,0.0027551850318315,p0,exposure_matched,fold_a,42,1hop,1hop,0.5,12848,0.5,0.0458098510348881
frozen_pangenomefm,frozen topology-pretrained node embedding; current encoder has no nucleotide input,1.3066944975015955,0.3898299405148615,24384,12848,13422,all_test_chromosomes,all,13422,0.5,0.3898299405148615,0.5323010673700269,0.5379340835431665,0.5000745045447772,0.5000372606006409,0.9998509909104456,0.6666666666666666,0.6909310541937882,0.2489012337646871,0.0060591780310299,p0,exposure_matched,fold_a,42,1hop,1hop,0.5000745045447772,12848,0.5,0.075868167086333
coordinate_plus_frozen_sequence_fm,C+S-FM: coordinate and frozen sequence-model embedding,3.4098964093259214,0.1681412342329185,24384,12848,13422,all_test_chromosomes,all,13422,0.5,0.1681412342329185,0.5250760138418809,0.5262760365893293,0.5,0.5,1.0,0.6666666666666666,0.6918865785343562,0.2493739158248604,0.0034967811886196,p0,exposure_matched,fold_a,42,1hop,1hop,0.5,12848,0.5,0.0525520731786586
coordinate_plus_frozen_pangenomefm,C+T: coordinate and frozen topology embedding; no nucleotide input,1.4081590884880353,0.4256170170937151,24384,12848,13422,all_test_chromosomes,all,13422,0.5,0.4256170170937151,0.533851940918329,0.5411004463292619,0.5001490090895545,0.500074771945566,0.9965727909402472,0.6659696290764252,0.6905584889530403,0.2487181096759763,0.0060511004025745,p0,exposure_matched,fold_a,42,1hop,1hop,0.5001490090895544,12848,0.5,0.0822008926585238
coordinate_plus_frozen_sequence_fm_plus_frozen_pangenomefm,"C+S-FM+T: coordinate, frozen sequence-model, and topology embeddings",3.4256090702414403,0.1740731631528586,24384,12848,13422,all_test_chromosomes,all,13422,0.5,0.1740731631528586,0.5299958561218323,0.5318044641717945,0.5,0.5,1.0,0.6666666666666666,0.6914969410902011,0.249177878813778,0.0048192585579493,p0,exposure_matched,fold_a,42,1hop,1hop,0.5,12848,0.5,0.063608928343589
coordinate,"reference coordinate, node length, and constant orientation",1.0651056135446937,0.4335037695631839,24384,12848,13422,all_test_chromosomes,all,13422,0.5,0.4335037695631839,0.5253704794275866,0.5352308974062783,0.5003725227238861,0.5001864975755315,0.9991059454626732,0.6666335255517996,0.6913146912684773,0.2490963155081719,0.0102531616076056,p0,exposure_matched,fold_a,42,strict,strict,0.5003725227238861,12848,0.5,0.0704617948125565
sequence_kmer,mono/di/tri-nucleotide composition; no graph adjacency,2.483431396642774,0.1530702152676671,24384,12848,13422,all_test_chromosomes,all,13422,0.5,0.1530702152676671,0.5148445892481515,0.5138901038922467,0.4999254954552227,0.499962744951941,0.9998509909104456,0.6666004371150407,0.6930472503961117,0.2499313664802334,0.003216695702989,p0,exposure_matched,fold_a,42,strict,strict,0.4999254954552227,12848,0.5,0.0277802077844933
frozen_sequence_fm,S-FM: frozen pretrained sequence-model embedding only; no graph adjacency,3.69522365585383,0.2008902530387739,24384,12848,13422,all_test_chromosomes,all,13422,0.5,0.2008902530387739,0.5206591743804015,0.522904925517444,0.5,0.5,1.0,0.6666666666666666,0.6922224539687316,0.24954197417943,0.0027551850318315,p0,exposure_matched,fold_a,42,strict,strict,0.5,12848,0.5,0.0458098510348881
frozen_pangenomefm,frozen topology-pretrained node embedding; current encoder has no nucleotide input,1.5310178552608784,0.4396382536926252,24384,12848,13422,all_test_chromosomes,all,13422,0.5,0.4396382536926252,0.5206923689250125,0.5309445458162593,0.5005960363582178,0.5002987750224082,0.998062881835792,0.666500820936365,0.6917299712726144,0.2492996819861716,0.0030865911975674,p0,exposure_matched,fold_a,42,strict,strict,0.5005960363582178,12848,0.5,0.0618890916325185
coordinate_plus_frozen_sequence_fm,C+S-FM: coordinate and frozen sequence-model embedding,3.4098964093259214,0.1681412342329185,24384,12848,13422,all_test_chromosomes,all,13422,0.5,0.1681412342329185,0.5250760138418809,0.5262760365893293,0.5,0.5,1.0,0.6666666666666666,0.6918865785343562,0.2493739158248604,0.0034967811886196,p0,exposure_matched,fold_a,42,strict,strict,0.5,12848,0.5,0.0525520731786586
coordinate_plus_frozen_pangenomefm,C+T: coordinate and frozen topology embedding; no nucleotide input,1.4887486028570291,0.4266662215414764,24384,12848,13422,all_test_chromosomes,all,13422,0.5,0.4266662215414764,0.5189458807024481,0.5326813244893356,0.5002235136343317,0.5001117984646344,0.9998509909104456,0.6667329093799682,0.6915881712739874,0.2492346596102781,0.0081980314310121,p0,exposure_matched,fold_a,42,strict,strict,0.5002235136343317,12848,0.5,0.0653626489786711
coordinate_plus_frozen_sequence_fm_plus_frozen_pangenomefm,"C+S-FM+T: coordinate, frozen sequence-model, and topology embeddings",3.4893575144053948,0.1830643271531331,24384,12848,13422,all_test_chromosomes,all,13422,0.5,0.1830643271531331,0.5252017423427902,0.5263366317415434,0.5,0.5,1.0,0.6666666666666666,0.6919859035331298,0.2494232950280607,0.0045648652336511,p0,exposure_matched,fold_a,42,strict,strict,0.5,12848,0.5,0.0526732634830868
coordinate,"reference coordinate, node length, and constant orientation",0.8632832429015708,0.4216460360076919,30602,7204,12848,all_test_chromosomes,all,12848,0.5,0.4216460360076919,0.5296472240229276,0.5372171714232042,0.5001556662515566,0.5000778452436556,1.0,0.6667358588479502,0.6909310950868168,0.2489141591504691,0.0095200919200564,p0,exposure_matched,fold_b,20260806,1hop,1hop,0.5001556662515566,7204,0.5,0.0744343428464084
sequence_kmer,mono/di/tri-nucleotide composition; no graph adjacency,6.688765762088658,0.2455954538762768,30602,7204,12848,all_test_chromosomes,all,12848,0.5,0.2455954538762768,0.5218547396399554,0.5292686612525566,0.5,0.5,1.0,0.6666666666666666,0.6927119116828122,0.2497835158140835,0.0020587764062088,p0,exposure_matched,fold_b,20260806,1hop,1hop,0.5,7204,0.5,0.0585373225051131
frozen_sequence_fm,S-FM: frozen pretrained sequence-model embedding only; no graph adjacency,4.331770742571163,0.4353042144938682,30602,7204,12848,all_test_chromosomes,all,12848,0.5,0.4353042144938682,0.5283422591030832,0.5338757069560537,0.4994551681195517,0.4997273506270935,0.99859900373599,0.6661128705674679,0.6912788887798229,0.2490807827710133,0.0046224565905589,p0,exposure_matched,fold_b,20260806,1hop,1hop,0.4994551681195517,7204,0.5,0.0677514139121073
frozen_pangenomefm,frozen topology-pretrained node embedding; current encoder has no nucleotide input,3.215065876931864,0.3970219101468598,30602,7204,12848,all_test_chromosomes,all,12848,0.5,0.3970219101468598,0.5322211087895795,0.5389693528616086,0.5,0.5,1.0,0.6666666666666666,0.6915348151126711,0.2491964421842504,0.0092569523761241,p0,exposure_matched,fold_b,20260806,1hop,1hop,0.5,7204,0.5,0.0779387057232172
coordinate_plus_frozen_sequence_fm,C+S-FM: coordinate and frozen sequence-model embedding,3.5651688027436426,0.4175787783011288,30602,7204,12848,all_test_chromosomes,all,12848,0.5,0.4175787783011288,0.5313370049309175,0.5373344857988622,0.49953300124533,0.4997663187412369,0.9987546699875468,0.6661821202367355,0.6909147719051852,0.2489060518769938,0.0057251175440634,p0,exposure_matched,fold_b,20260806,1hop,1hop,0.49953300124533,7204,0.5,0.0746689715977244
coordinate_plus_frozen_pangenomefm,C+T: coordinate and frozen topology embedding; no nucleotide input,2.7902324586635348,0.3778687986771001,30602,7204,12848,all_test_chromosomes,all,12848,0.5,0.3778687986771001,0.5313501628970749,0.539596495797005,0.5,0.5,1.0,0.6666666666666666,0.6913451323883745,0.2491030869854249,0.0104845439788281,p0,exposure_matched,fold_b,20260806,1hop,1hop,0.5,7204,0.5,0.0791929915940099
coordinate_plus_frozen_sequence_fm_plus_frozen_pangenomefm,"C+S-FM+T: coordinate, frozen sequence-model, and topology embeddings",4.997975384352367,0.4358610959770927,30602,7204,12848,all_test_chromosomes,all,12848,0.5,0.4358610959770927,0.532305835914201,0.5386208215469523,0.499766500622665,0.4998832230439859,0.99953300124533,0.6664590793502517,0.6911566568730793,0.2490164954452111,0.0065308067789821,p0,exposure_matched,fold_b,20260806,1hop,1hop,0.499766500622665,7204,0.5,0.0772416430939046
coordinate,"reference coordinate, node length, and constant orientation",0.8632832429015708,0.4216460360076919,30602,7204,12848,all_test_chromosomes,all,12848,0.5,0.4216460360076919,0.5296472240229276,0.5372171714232042,0.5001556662515566,0.5000778452436556,1.0,0.6667358588479502,0.6909310950868168,0.2489141591504691,0.0095200919200564,p0,exposure_matched,fold_b,20260806,strict,strict,0.5001556662515566,7204,0.5,0.0744343428464084
sequence_kmer,mono/di/tri-nucleotide composition; no graph adjacency,6.688765762088658,0.2455954538762768,30602,7204,12848,all_test_chromosomes,all,12848,0.5,0.2455954538762768,0.5218547396399554,0.5292686612525566,0.5,0.5,1.0,0.6666666666666666,0.6927119116828122,0.2497835158140835,0.0020587764062088,p0,exposure_matched,fold_b,20260806,strict,strict,0.5,7204,0.5,0.0585373225051131
frozen_sequence_fm,S-FM: frozen pretrained sequence-model embedding only; no graph adjacency,4.331770742571163,0.4353042144938682,30602,7204,12848,all_test_chromosomes,all,12848,0.5,0.4353042144938682,0.5283422591030832,0.5338757069560537,0.4994551681195517,0.4997273506270935,0.99859900373599,0.6661128705674679,0.6912788887798229,0.2490807827710133,0.0046224565905589,p0,exposure_matched,fold_b,20260806,strict,strict,0.4994551681195517,7204,0.5,0.0677514139121073
frozen_pangenomefm,frozen topology-pretrained node embedding; current encoder has no nucleotide input,2.1386675263122723,0.4568193785658314,30602,7204,12848,all_test_chromosomes,all,12848,0.5,0.4568193785658314,0.5266126650488749,0.5342416971961566,0.5,0.5,0.99813200498132,0.6662510390689942,0.691298984604081,0.2490835536575708,0.0079139154723653,p0,exposure_matched,fold_b,20260806,strict,strict,0.5,7204,0.5,0.0684833943923131
coordinate_plus_frozen_sequence_fm,C+S-FM: coordinate and frozen sequence-model embedding,3.5651688027436426,0.4175787783011288,30602,7204,12848,all_test_chromosomes,all,12848,0.5,0.4175787783011288,0.5313370049309175,0.5373344857988622,0.49953300124533,0.4997663187412369,0.9987546699875468,0.6661821202367355,0.6909147719051852,0.2489060518769938,0.0057251175440634,p0,exposure_matched,fold_b,20260806,strict,strict,0.49953300124533,7204,0.5,0.0746689715977244
coordinate_plus_frozen_pangenomefm,C+T: coordinate and frozen topology embedding; no nucleotide input,1.9361764364367413,0.4526693965105114,30602,7204,12848,all_test_chromosomes,all,12848,0.5,0.4526693965105114,0.5272088687308956,0.5347062497041197,0.5,0.5,0.9973536737235368,0.6660775548393804,0.6911556346399956,0.249015000352349,0.0062164489009184,p0,exposure_matched,fold_b,20260806,strict,strict,0.5,7204,0.5,0.0694124994082394
coordinate_plus_frozen_sequence_fm_plus_frozen_pangenomefm,"C+S-FM+T: coordinate, frozen sequence-model, and topology embeddings",4.312604152520377,0.4278898809240313,30602,7204,12848,all_test_chromosomes,all,12848,0.5,0.4278898809240313,0.5298080516866235,0.5371608141044782,0.49953300124533,0.4997663187412369,0.9987546699875468,0.6661821202367355,0.6910717420942111,0.2489789634387626,0.0079568511060735,p0,exposure_matched,fold_b,20260806,strict,strict,0.49953300124533,7204,0.5,0.0743216282089564
coordinate,"reference coordinate, node length, and constant orientation",0.8632832429015708,0.4216460360076919,30602,7204,12848,all_test_chromosomes,all,12848,0.5,0.4216460360076919,0.5296472240229276,0.5372171714232042,0.5001556662515566,0.5000778452436556,1.0,0.6667358588479502,0.6909310950868168,0.2489141591504691,0.0095200919200564,p0,exposure_matched,fold_b,314159,1hop,1hop,0.5001556662515566,7204,0.5,0.0744343428464084
sequence_kmer,mono/di/tri-nucleotide composition; no graph adjacency,6.688765762088658,0.2455954538762768,30602,7204,12848,all_test_chromosomes,all,12848,0.5,0.2455954538762768,0.5218547396399554,0.5292686612525566,0.5,0.5,1.0,0.6666666666666666,0.6927119116828122,0.2497835158140835,0.0020587764062088,p0,exposure_matched,fold_b,314159,1hop,1hop,0.5,7204,0.5,0.0585373225051131
frozen_sequence_fm,S-FM: frozen pretrained sequence-model embedding only; no graph adjacency,4.331770742571163,0.4353042144938682,30602,7204,12848,all_test_chromosomes,all,12848,0.5,0.4353042144938682,0.5283422591030832,0.5338757069560537,0.4994551681195517,0.4997273506270935,0.99859900373599,0.6661128705674679,0.6912788887798229,0.2490807827710133,0.0046224565905589,p0,exposure_matched,fold_b,314159,1hop,1hop,0.4994551681195517,7204,0.5,0.0677514139121073
frozen_pangenomefm,frozen topology-pretrained node embedding; current encoder has no nucleotide input,2.877254868827124,0.4518319290282747,30602,7204,12848,all_test_chromosomes,all,12848,0.5,0.4518319290282747,0.5321500727347168,0.5383525118175436,0.5,0.5,1.0,0.6666666666666666,0.6915136314522617,0.2491859884153198,0.0082290709454701,p0,exposure_matched,fold_b,314159,1hop,1hop,0.5,7204,0.5,0.0767050236350872
coordinate_plus_frozen_sequence_fm,C+S-FM: coordinate and frozen sequence-model embedding,3.5651688027436426,0.4175787783011288,30602,7204,12848,all_test_chromosomes,all,12848,0.5,0.4175787783011288,0.5313370049309175,0.5373344857988622,0.49953300124533,0.4997663187412369,0.9987546699875468,0.6661821202367355,0.6909147719051852,0.2489060518769938,0.0057251175440634,p0,exposure_matched,fold_b,314159,1hop,1hop,0.49953300124533,7204,0.5,0.0746689715977244
coordinate_plus_frozen_pangenomefm,C+T: coordinate and frozen topology embedding; no nucleotide input,2.566216013819935,0.447448508676895,30602,7204,12848,all_test_chromosomes,all,12848,0.5,0.447448508676895,0.5320655273499595,0.5383048860159739,0.5,0.5,1.0,0.6666666666666666,0.6913823677900338,0.2491213341076624,0.007973065539429,p0,exposure_matched,fold_b,314159,1hop,1hop,0.5,7204,0.5,0.0766097720319478
coordinate_plus_frozen_sequence_fm_plus_frozen_pangenomefm,"C+S-FM+T: coordinate, frozen sequence-model, and topology embeddings",4.825124711043503,0.4439687668091301,30602,7204,12848,all_test_chromosomes,all,12848,0.5,0.4439687668091301,0.5325846854456125,0.5386965999635204,0.4999221668742217,0.4999610440202571,0.9989103362391034,0.6663897398618828,0.6910756035542073,0.2489770450401417,0.0079144151547421,p0,exposure_matched,fold_b,314159,1hop,1hop,0.4999221668742217,7204,0.5,0.0773931999270407
coordinate,"reference coordinate, node length, and constant orientation",0.8632832429015708,0.4216460360076919,30602,7204,12848,all_test_chromosomes,all,12848,0.5,0.4216460360076919,0.5296472240229276,0.5372171714232042,0.5001556662515566,0.5000778452436556,1.0,0.6667358588479502,0.6909310950868168,0.2489141591504691,0.0095200919200564,p0,exposure_matched,fold_b,314159,strict,strict,0.5001556662515566,7204,0.5,0.0744343428464084
sequence_kmer,mono/di/tri-nucleotide composition; no graph adjacency,6.688765762088658,0.2455954538762768,30602,7204,12848,all_test_chromosomes,all,12848,0.5,0.2455954538762768,0.5218547396399554,0.5292686612525566,0.5,0.5,1.0,0.6666666666666666,0.6927119116828122,0.2497835158140835,0.0020587764062088,p0,exposure_matched,fold_b,314159,strict,strict,0.5,7204,0.5,0.0585373225051131
frozen_sequence_fm,S-FM: frozen pretrained sequence-model embedding only; no graph adjacency,4.331770742571163,0.4353042144938682,30602,7204,12848,all_test_chromosomes,all,12848,0.5,0.4353042144938682,0.5283422591030832,0.5338757069560537,0.4994551681195517,0.4997273506270935,0.99859900373599,0.6661128705674679,0.6912788887798229,0.2490807827710133,0.0046224565905589,p0,exposure_matched,fold_b,314159,strict,strict,0.4994551681195517,7204,0.5,0.0677514139121073
frozen_pangenomefm,frozen topology-pretrained node embedding; current encoder has no nucleotide input,2.0689333723198478,0.3716481907253739,30602,7204,12848,all_test_chromosomes,all,12848,0.5,0.3716481907253739,0.5303531258868905,0.5376471159012802,0.5,0.5,1.0,0.6666666666666666,0.6909755070727761,0.2489211198871425,0.0084192132302401,p0,exposure_matched,fold_b,314159,strict,strict,0.5,7204,0.5,0.0752942318025604
coordinate_plus_frozen_sequence_fm,C+S-FM: coordinate and frozen sequence-model embedding,3.5651688027436426,0.4175787783011288,30602,7204,12848,all_test_chromosomes,all,12848,0.5,0.4175787783011288,0.5313370049309175,0.5373344857988622,0.49953300124533,0.4997663187412369,0.9987546699875468,0.6661821202367355,0.6909147719051852,0.2489060518769938,0.0057251175440634,p0,exposure_matched,fold_b,314159,strict,strict,0.49953300124533,7204,0.5,0.0746689715977244
coordinate_plus_frozen_pangenomefm,C+T: coordinate and frozen topology embedding; no nucleotide input,1.865223518722222,0.3759027655701431,30602,7204,12848,all_test_chromosomes,all,12848,0.5,0.3759027655701431,0.5314009773630641,0.5378204430037747,0.5,0.5,1.0,0.6666666666666666,0.6907930491275296,0.2488324181895375,0.0076867015135043,p0,exposure_matched,fold_b,314159,strict,strict,0.5,7204,0.5,0.0756408860075494
coordinate_plus_frozen_sequence_fm_plus_frozen_pangenomefm,"C+S-FM+T: coordinate, frozen sequence-model, and topology embeddings",4.021007701023219,0.4171645654839224,30602,7204,12848,all_test_chromosomes,all,12848,0.5,0.4171645654839224,0.5327834967408954,0.5400991592607827,0.4998443337484433,0.4999221547563444,0.9996886674968868,0.6665282823040997,0.6908374024728893,0.2488633897057177,0.0080390408338649,p0,exposure_matched,fold_b,314159,strict,strict,0.4998443337484433,7204,0.5,0.0801983185215653
coordinate,"reference coordinate, node length, and constant orientation",0.8632832429015708,0.4216460360076919,30602,7204,12848,all_test_chromosomes,all,12848,0.5,0.4216460360076919,0.5296472240229276,0.5372171714232042,0.5001556662515566,0.5000778452436556,1.0,0.6667358588479502,0.6909310950868168,0.2489141591504691,0.0095200919200564,p0,exposure_matched,fold_b,42,1hop,1hop,0.5001556662515566,7204,0.5,0.0744343428464084
sequence_kmer,mono/di/tri-nucleotide composition; no graph adjacency,6.688765762088658,0.2455954538762768,30602,7204,12848,all_test_chromosomes,all,12848,0.5,0.2455954538762768,0.5218547396399554,0.5292686612525566,0.5,0.5,1.0,0.6666666666666666,0.6927119116828122,0.2497835158140835,0.0020587764062088,p0,exposure_matched,fold_b,42,1hop,1hop,0.5,7204,0.5,0.0585373225051131
frozen_sequence_fm,S-FM: frozen pretrained sequence-model embedding only; no graph adjacency,4.331770742571163,0.4353042144938682,30602,7204,12848,all_test_chromosomes,all,12848,0.5,0.4353042144938682,0.5283422591030832,0.5338757069560537,0.4994551681195517,0.4997273506270935,0.99859900373599,0.6661128705674679,0.6912788887798229,0.2490807827710133,0.0046224565905589,p0,exposure_matched,fold_b,42,1hop,1hop,0.4994551681195517,7204,0.5,0.0677514139121073
frozen_pangenomefm,frozen topology-pretrained node embedding; current encoder has no nucleotide input,2.0918992291977,0.4499896453246046,30602,7204,12848,all_test_chromosomes,all,12848,0.5,0.4499896453246046,0.5274701621914396,0.5374210604443069,0.5,0.5,0.99953300124533,0.6665628568462576,0.6911622355301495,0.2490162251878272,0.0105343194775414,p0,exposure_matched,fold_b,42,1hop,1hop,0.5,7204,0.5,0.0748421208886138
coordinate_plus_frozen_sequence_fm,C+S-FM: coordinate and frozen sequence-model embedding,3.5651688027436426,0.4175787783011288,30602,7204,12848,all_test_chromosomes,all,12848,0.5,0.4175787783011288,0.5313370049309175,0.5373344857988622,0.49953300124533,0.4997663187412369,0.9987546699875468,0.6661821202367355,0.6909147719051852,0.2489060518769938,0.0057251175440634,p0,exposure_matched,fold_b,42,1hop,1hop,0.49953300124533,7204,0.5,0.0746689715977244
coordinate_plus_frozen_pangenomefm,C+T: coordinate and frozen topology embedding; no nucleotide input,1.9970357159122445,0.4438580742300174,30602,7204,12848,all_test_chromosomes,all,12848,0.5,0.4438580742300174,0.5289529898582371,0.537958552377364,0.5000778331257784,0.5000389195921227,1.0,0.6667012609620674,0.6910079173035407,0.2489404872435491,0.0116174653225733,p0,exposure_matched,fold_b,42,1hop,1hop,0.5000778331257784,7204,0.5,0.075917104754728
coordinate_plus_frozen_sequence_fm_plus_frozen_pangenomefm,"C+S-FM+T: coordinate, frozen sequence-model, and topology embeddings",4.132865507274303,0.4196616751741344,30602,7204,12848,all_test_chromosomes,all,12848,0.5,0.4196616751741344,0.5326512749318015,0.5379654892607435,0.4998443337484433,0.4999221426346932,0.99953300124533,0.6664936682582521,0.6908998571157968,0.2488948418541739,0.007532970786688,p0,exposure_matched,fold_b,42,1hop,1hop,0.4998443337484433,7204,0.5,0.075930978521487
coordinate,"reference coordinate, node length, and constant orientation",0.8632832429015708,0.4216460360076919,30602,7204,12848,all_test_chromosomes,all,12848,0.5,0.4216460360076919,0.5296472240229276,0.5372171714232042,0.5001556662515566,0.5000778452436556,1.0,0.6667358588479502,0.6909310950868168,0.2489141591504691,0.0095200919200564,p0,exposure_matched,fold_b,42,strict,strict,0.5001556662515566,7204,0.5,0.0744343428464084
sequence_kmer,mono/di/tri-nucleotide composition; no graph adjacency,6.688765762088658,0.2455954538762768,30602,7204,12848,all_test_chromosomes,all,12848,0.5,0.2455954538762768,0.5218547396399554,0.5292686612525566,0.5,0.5,1.0,0.6666666666666666,0.6927119116828122,0.2497835158140835,0.0020587764062088,p0,exposure_matched,fold_b,42,strict,strict,0.5,7204,0.5,0.0585373225051131
frozen_sequence_fm,S-FM: frozen pretrained sequence-model embedding only; no graph adjacency,4.331770742571163,0.4353042144938682,30602,7204,12848,all_test_chromosomes,all,12848,0.5,0.4353042144938682,0.5283422591030832,0.5338757069560537,0.4994551681195517,0.4997273506270935,0.99859900373599,0.6661128705674679,0.6912788887798229,0.2490807827710133,0.0046224565905589,p0,exposure_matched,fold_b,42,strict,strict,0.4994551681195517,7204,0.5,0.0677514139121073
frozen_pangenomefm,frozen topology-pretrained node embedding; current encoder has no nucleotide input,1.9777429612077968,0.4457314053172935,30602,7204,12848,all_test_chromosomes,all,12848,0.5,0.4457314053172935,0.5254738345967565,0.5326506025975661,0.5,0.5,1.0,0.6666666666666666,0.6914423053311128,0.2491532681736497,0.0060545060000756,p0,exposure_matched,fold_b,42,strict,strict,0.5,7204,0.5,0.0653012051951322
coordinate_plus_frozen_sequence_fm,C+S-FM: coordinate and frozen sequence-model embedding,3.5651688027436426,0.4175787783011288,30602,7204,12848,all_test_chromosomes,all,12848,0.5,0.4175787783011288,0.5313370049309175,0.5373344857988622,0.49953300124533,0.4997663187412369,0.9987546699875468,0.6661821202367355,0.6909147719051852,0.2489060518769938,0.0057251175440634,p0,exposure_matched,fold_b,42,strict,strict,0.49953300124533,7204,0.5,0.0746689715977244
coordinate_plus_frozen_pangenomefm,C+T: coordinate and frozen topology embedding; no nucleotide input,1.74600822598611,0.4363649182119342,30602,7204,12848,all_test_chromosomes,all,12848,0.5,0.4363649182119342,0.5282484328692683,0.5345438934936612,0.5,0.5,1.0,0.6666666666666666,0.6911756072246491,0.2490235323966736,0.0034540968423222,p0,exposure_matched,fold_b,42,strict,strict,0.5,7204,0.5,0.0690877869873223
coordinate_plus_frozen_sequence_fm_plus_frozen_pangenomefm,"C+S-FM+T: coordinate, frozen sequence-model, and topology embeddings",4.021940731202261,0.4238470710383434,30602,7204,12848,all_test_chromosomes,all,12848,0.5,0.4238470710383434,0.5307249898807244,0.537843075858271,0.4998443337484433,0.4999221305092665,0.9993773349937732,0.6664590470258487,0.6910377983251095,0.2489633232321396,0.0081671579894127,p0,exposure_matched,fold_b,42,strict,strict,0.4998443337484433,7204,0.5,0.0756861517165419
coordinate,"reference coordinate, node length, and constant orientation",0.87948960915084,0.3110652984616534,34662,8788,7204,all_test_chromosomes,all,7204,0.5,0.3110652984616534,0.5396611281720533,0.5390166395859499,0.5,0.5,1.0,0.6666666666666666,0.6904727656547095,0.2486664275907933,0.0023982202268001,p0,exposure_matched,fold_c,20260806,1hop,1hop,0.5,8788,0.5,0.0780332791718998
sequence_kmer,mono/di/tri-nucleotide composition; no graph adjacency,2.503408373493473,0.1283688715314041,34662,8788,7204,all_test_chromosomes,all,7204,0.5,0.1283688715314041,0.5131696608183312,0.5174406666149348,0.5,0.5,1.0,0.6666666666666666,0.6930999794227131,0.2499636227504469,0.0014740457524022,p0,exposure_matched,fold_c,20260806,1hop,1hop,0.5,8788,0.5,0.0348813332298696
frozen_sequence_fm,S-FM: frozen pretrained sequence-model embedding only; no graph adjacency,2.54788951102304,0.4169303336701946,34662,8788,7204,all_test_chromosomes,all,7204,0.5,0.4169303336701946,0.5152306418082865,0.5247914284135982,0.5005552470849528,0.5002783189535207,0.9980566352026652,0.6664812754912867,0.6924121341613914,0.2496492199670285,0.0067946876122542,p0,exposure_matched,fold_c,20260806,1hop,1hop,0.5005552470849528,8788,0.5,0.0495828568271963
frozen_pangenomefm,frozen topology-pretrained node embedding; current encoder has no nucleotide input,1.0834995188674486,0.4072800275694662,34662,8788,7204,all_test_chromosomes,all,7204,0.5,0.4072800275694662,0.5268352596389013,0.5291793750741588,0.4998611882287618,0.4999305651992778,0.9994447529150472,0.6664815329075257,0.6920942222038811,0.2494391801900871,0.0082740591046439,p0,exposure_matched,fold_c,20260806,1hop,1hop,0.4998611882287618,8788,0.5,0.0583587501483175
coordinate_plus_frozen_sequence_fm,C+S-FM: coordinate and frozen sequence-model embedding,2.330914213834166,0.4206348554467662,34662,8788,7204,all_test_chromosomes,all,7204,0.5,0.4206348554467662,0.5209245064359025,0.5302119859227983,0.4995835646862854,0.4997899453858003,0.9908384230982789,0.6644326538210928,0.6919503295491987,0.2494206231662712,0.0061477591846455,p0,exposure_matched,fold_c,20260806,1hop,1hop,0.4995835646862854,8788,0.5,0.0604239718455965
coordinate_plus_frozen_pangenomefm,C+T: coordinate and frozen topology embedding; no nucleotide input,1.0546643117656902,0.406376620501115,34662,8788,7204,all_test_chromosomes,all,7204,0.5,0.406376620501115,0.529045033590753,0.5311020329052712,0.5001388117712382,0.5000694733916909,0.9991671293725708,0.6665431984443004,0.691862962576215,0.2493292156170184,0.0088198219161154,p0,exposure_matched,fold_c,20260806,1hop,1hop,0.5001388117712382,8788,0.5,0.0622040658105425
coordinate_plus_frozen_sequence_fm_plus_frozen_pangenomefm,"C+S-FM+T: coordinate, frozen sequence-model, and topology embeddings",2.097060998147143,0.3914436478724346,34662,8788,7204,all_test_chromosomes,all,7204,0.5,0.3914436478724346,0.5231676537897232,0.5298440116607854,0.5004164353137146,0.5002088263956564,0.9975013881177124,0.6662957811775614,0.6923140638304719,0.2495943556030295,0.0120001431782589,p0,exposure_matched,fold_c,20260806,1hop,1hop,0.5004164353137146,8788,0.5,0.0596880233215708
coordinate,"reference coordinate, node length, and constant orientation",0.87948960915084,0.3110652984616534,34662,8788,7204,all_test_chromosomes,all,7204,0.5,0.3110652984616534,0.5396611281720533,0.5390166395859499,0.5,0.5,1.0,0.6666666666666666,0.6904727656547095,0.2486664275907933,0.0023982202268001,p0,exposure_matched,fold_c,20260806,strict,strict,0.5,8788,0.5,0.0780332791718998
sequence_kmer,mono/di/tri-nucleotide composition; no graph adjacency,2.503408373493473,0.1283688715314041,34662,8788,7204,all_test_chromosomes,all,7204,0.5,0.1283688715314041,0.5131696608183312,0.5174406666149348,0.5,0.5,1.0,0.6666666666666666,0.6930999794227131,0.2499636227504469,0.0014740457524022,p0,exposure_matched,fold_c,20260806,strict,strict,0.5,8788,0.5,0.0348813332298696
frozen_sequence_fm,S-FM: frozen pretrained sequence-model embedding only; no graph adjacency,2.54788951102304,0.4169303336701946,34662,8788,7204,all_test_chromosomes,all,7204,0.5,0.4169303336701946,0.5152306418082865,0.5247914284135982,0.5005552470849528,0.5002783189535207,0.9980566352026652,0.6664812754912867,0.6924121341613914,0.2496492199670285,0.0067946876122542,p0,exposure_matched,fold_c,20260806,strict,strict,0.5005552470849528,8788,0.5,0.0495828568271963
frozen_pangenomefm,frozen topology-pretrained node embedding; current encoder has no nucleotide input,1.2602949949473203,0.4360622612298593,34662,8788,7204,all_test_chromosomes,all,7204,0.5,0.4360622612298593,0.5237635193107908,0.5266851373633598,0.4998611882287618,0.4999304879744196,0.9983342587451416,0.6662343677628532,0.6920172039954207,0.249424897971685,0.0072609115319499,p0,exposure_matched,fold_c,20260806,strict,strict,0.4998611882287618,8788,0.5,0.0533702747267195
coordinate_plus_frozen_sequence_fm,C+S-FM: coordinate and frozen sequence-model embedding,2.330914213834166,0.4206348554467662,34662,8788,7204,all_test_chromosomes,all,7204,0.5,0.4206348554467662,0.5209245064359025,0.5302119859227983,0.4995835646862854,0.4997899453858003,0.9908384230982789,0.6644326538210928,0.6919503295491987,0.2494206231662712,0.0061477591846455,p0,exposure_matched,fold_c,20260806,strict,strict,0.4995835646862854,8788,0.5,0.0604239718455965
coordinate_plus_frozen_pangenomefm,C+T: coordinate and frozen topology embedding; no nucleotide input,1.2171472645416834,0.4301563954384914,34662,8788,7204,all_test_chromosomes,all,7204,0.5,0.4301563954384914,0.529287356860477,0.5307891477323884,0.5001388117712382,0.5000694348007221,0.9997223764575236,0.6666666666666666,0.6914962386653533,0.2491643304265297,0.0043668668774263,p0,exposure_matched,fold_c,20260806,strict,strict,0.5001388117712382,8788,0.5,0.0615782954647767
coordinate_plus_frozen_sequence_fm_plus_frozen_pangenomefm,"C+S-FM+T: coordinate, frozen sequence-model, and topology embeddings",2.3945732558373574,0.4150882062319165,34662,8788,7204,all_test_chromosomes,all,7204,0.5,0.4150882062319165,0.52033526935033,0.5295183670701474,0.5,0.5,0.9933370349805664,0.6651794013757204,0.6921455500734388,0.2495149410035513,0.0097241691151328,p0,exposure_matched,fold_c,20260806,strict,strict,0.5,8788,0.5,0.0590367341402948
coordinate,"reference coordinate, node length, and constant orientation",0.87948960915084,0.3110652984616534,34662,8788,7204,all_test_chromosomes,all,7204,0.5,0.3110652984616534,0.5396611281720533,0.5390166395859499,0.5,0.5,1.0,0.6666666666666666,0.6904727656547095,0.2486664275907933,0.0023982202268001,p0,exposure_matched,fold_c,314159,1hop,1hop,0.5,8788,0.5,0.0780332791718998
sequence_kmer,mono/di/tri-nucleotide composition; no graph adjacency,2.503408373493473,0.1283688715314041,34662,8788,7204,all_test_chromosomes,all,7204,0.5,0.1283688715314041,0.5131696608183312,0.5174406666149348,0.5,0.5,1.0,0.6666666666666666,0.6930999794227131,0.2499636227504469,0.0014740457524022,p0,exposure_matched,fold_c,314159,1hop,1hop,0.5,8788,0.5,0.0348813332298696
frozen_sequence_fm,S-FM: frozen pretrained sequence-model embedding only; no graph adjacency,2.54788951102304,0.4169303336701946,34662,8788,7204,all_test_chromosomes,all,7204,0.5,0.4169303336701946,0.5152306418082865,0.5247914284135982,0.5005552470849528,0.5002783189535207,0.9980566352026652,0.6664812754912867,0.6924121341613914,0.2496492199670285,0.0067946876122542,p0,exposure_matched,fold_c,314159,1hop,1hop,0.5005552470849528,8788,0.5,0.0495828568271963
frozen_pangenomefm,frozen topology-pretrained node embedding; current encoder has no nucleotide input,1.2391484531858934,0.3730216687864788,34662,8788,7204,all_test_chromosomes,all,7204,0.5,0.3730216687864788,0.5282002163644666,0.5297626122298934,0.5,0.5,1.0,0.6666666666666666,0.6917045201972525,0.2492877731101937,0.0068126371361433,p0,exposure_matched,fold_c,314159,1hop,1hop,0.5,8788,0.5,0.0595252244597868
coordinate_plus_frozen_sequence_fm,C+S-FM: coordinate and frozen sequence-model embedding,2.330914213834166,0.4206348554467662,34662,8788,7204,all_test_chromosomes,all,7204,0.5,0.4206348554467662,0.5209245064359025,0.5302119859227983,0.4995835646862854,0.4997899453858003,0.9908384230982789,0.6644326538210928,0.6919503295491987,0.2494206231662712,0.0061477591846455,p0,exposure_matched,fold_c,314159,1hop,1hop,0.4995835646862854,8788,0.5,0.0604239718455965
coordinate_plus_frozen_pangenomefm,C+T: coordinate and frozen topology embedding; no nucleotide input,1.1986749115404376,0.3697477833780765,34662,8788,7204,all_test_chromosomes,all,7204,0.5,0.3697477833780765,0.5303561920840449,0.5329995970669296,0.5,0.5,1.0,0.6666666666666666,0.6913754271374891,0.2491236485471013,0.0068303640157835,p0,exposure_matched,fold_c,314159,1hop,1hop,0.5,8788,0.5,0.0659991941338591
coordinate_plus_frozen_sequence_fm_plus_frozen_pangenomefm,"C+S-FM+T: coordinate, frozen sequence-model, and topology embeddings",2.3660607804584903,0.3980012373439304,34662,8788,7204,all_test_chromosomes,all,7204,0.5,0.3980012373439304,0.5207710504467103,0.5303091451387058,0.4997223764575236,0.499860879243183,0.9975013881177124,0.6659870250231696,0.6921058423881622,0.2494974196170881,0.0080369019277848,p0,exposure_matched,fold_c,314159,1hop,1hop,0.4997223764575236,8788,0.5,0.0606182902774115
coordinate,"reference coordinate, node length, and constant orientation",0.87948960915084,0.3110652984616534,34662,8788,7204,all_test_chromosomes,all,7204,0.5,0.3110652984616534,0.5396611281720533,0.5390166395859499,0.5,0.5,1.0,0.6666666666666666,0.6904727656547095,0.2486664275907933,0.0023982202268001,p0,exposure_matched,fold_c,314159,strict,strict,0.5,8788,0.5,0.0780332791718998
sequence_kmer,mono/di/tri-nucleotide composition; no graph adjacency,2.503408373493473,0.1283688715314041,34662,8788,7204,all_test_chromosomes,all,7204,0.5,0.1283688715314041,0.5131696608183312,0.5174406666149348,0.5,0.5,1.0,0.6666666666666666,0.6930999794227131,0.2499636227504469,0.0014740457524022,p0,exposure_matched,fold_c,314159,strict,strict,0.5,8788,0.5,0.0348813332298696
frozen_sequence_fm,S-FM: frozen pretrained sequence-model embedding only; no graph adjacency,2.54788951102304,0.4169303336701946,34662,8788,7204,all_test_chromosomes,all,7204,0.5,0.4169303336701946,0.5152306418082865,0.5247914284135982,0.5005552470849528,0.5002783189535207,0.9980566352026652,0.6664812754912867,0.6924121341613914,0.2496492199670285,0.0067946876122542,p0,exposure_matched,fold_c,314159,strict,strict,0.5005552470849528,8788,0.5,0.0495828568271963
frozen_pangenomefm,frozen topology-pretrained node embedding; current encoder has no nucleotide input,1.0896374004869265,0.3259714843375151,34662,8788,7204,all_test_chromosomes,all,7204,0.5,0.3259714843375151,0.5204459488081302,0.5251529572061997,0.5,0.5,1.0,0.6666666666666666,0.6925444314027597,0.2496958116526143,0.0094685885991779,p0,exposure_matched,fold_c,314159,strict,strict,0.5,8788,0.5,0.0503059144123994
coordinate_plus_frozen_sequence_fm,C+S-FM: coordinate and frozen sequence-model embedding,2.330914213834166,0.4206348554467662,34662,8788,7204,all_test_chromosomes,all,7204,0.5,0.4206348554467662,0.5209245064359025,0.5302119859227983,0.4995835646862854,0.4997899453858003,0.9908384230982789,0.6644326538210928,0.6919503295491987,0.2494206231662712,0.0061477591846455,p0,exposure_matched,fold_c,314159,strict,strict,0.4995835646862854,8788,0.5,0.0604239718455965
coordinate_plus_frozen_pangenomefm,C+T: coordinate and frozen topology embedding; no nucleotide input,1.1055980916037913,0.3085077495474354,34662,8788,7204,all_test_chromosomes,all,7204,0.5,0.3085077495474354,0.5289106536223167,0.5327595219010686,0.5,0.5,1.0,0.6666666666666666,0.6915459403093166,0.2492033181996933,0.0100413199657975,p0,exposure_matched,fold_c,314159,strict,strict,0.5,8788,0.5,0.0655190438021371
coordinate_plus_frozen_sequence_fm_plus_frozen_pangenomefm,"C+S-FM+T: coordinate, frozen sequence-model, and topology embeddings",2.299037522128649,0.4058170741842132,34662,8788,7204,all_test_chromosomes,all,7204,0.5,0.4058170741842132,0.5204730791487608,0.531461478732556,0.5002776235424764,0.5001393922497909,0.9961132704053304,0.6659242761692651,0.6922010985314891,0.2495452588914871,0.0128190526371334,p0,exposure_matched,fold_c,314159,strict,strict,0.5002776235424764,8788,0.5,0.062922957465112
coordinate,"reference coordinate, node length, and constant orientation",0.87948960915084,0.3110652984616534,34662,8788,7204,all_test_chromosomes,all,7204,0.5,0.3110652984616534,0.5396611281720533,0.5390166395859499,0.5,0.5,1.0,0.6666666666666666,0.6904727656547095,0.2486664275907933,0.0023982202268001,p0,exposure_matched,fold_c,42,1hop,1hop,0.5,8788,0.5,0.0780332791718998
sequence_kmer,mono/di/tri-nucleotide composition; no graph adjacency,2.503408373493473,0.1283688715314041,34662,8788,7204,all_test_chromosomes,all,7204,0.5,0.1283688715314041,0.5131696608183312,0.5174406666149348,0.5,0.5,1.0,0.6666666666666666,0.6930999794227131,0.2499636227504469,0.0014740457524022,p0,exposure_matched,fold_c,42,1hop,1hop,0.5,8788,0.5,0.0348813332298696
frozen_sequence_fm,S-FM: frozen pretrained sequence-model embedding only; no graph adjacency,2.54788951102304,0.4169303336701946,34662,8788,7204,all_test_chromosomes,all,7204,0.5,0.4169303336701946,0.5152306418082865,0.5247914284135982,0.5005552470849528,0.5002783189535207,0.9980566352026652,0.6664812754912867,0.6924121341613914,0.2496492199670285,0.0067946876122542,p0,exposure_matched,fold_c,42,1hop,1hop,0.5005552470849528,8788,0.5,0.0495828568271963
frozen_pangenomefm,frozen topology-pretrained node embedding; current encoder has no nucleotide input,0.9233297015663018,0.3452347660967292,34662,8788,7204,all_test_chromosomes,all,7204,0.5,0.3452347660967292,0.5308812643725291,0.5353473293285576,0.5,0.5,1.0,0.6666666666666666,0.6917269791622535,0.2492984495285666,0.0142450418800778,p0,exposure_matched,fold_c,42,1hop,1hop,0.5,8788,0.5,0.0706946586571151
coordinate_plus_frozen_sequence_fm,C+S-FM: coordinate and frozen sequence-model embedding,2.330914213834166,0.4206348554467662,34662,8788,7204,all_test_chromosomes,all,7204,0.5,0.4206348554467662,0.5209245064359025,0.5302119859227983,0.4995835646862854,0.4997899453858003,0.9908384230982789,0.6644326538210928,0.6919503295491987,0.2494206231662712,0.0061477591846455,p0,exposure_matched,fold_c,42,1hop,1hop,0.4995835646862854,8788,0.5,0.0604239718455965
coordinate_plus_frozen_pangenomefm,C+T: coordinate and frozen topology embedding; no nucleotide input,0.8773205250530394,0.3601878553463385,34662,8788,7204,all_test_chromosomes,all,7204,0.5,0.3601878553463385,0.5327287866170962,0.5359174630898658,0.5,0.5,1.0,0.6666666666666666,0.691856078165286,0.2493537472893045,0.0156926814012599,p0,exposure_matched,fold_c,42,1hop,1hop,0.5,8788,0.5,0.0718349261797315
coordinate_plus_frozen_sequence_fm_plus_frozen_pangenomefm,"C+S-FM+T: coordinate, frozen sequence-model, and topology embeddings",2.1140951141838205,0.3797392634162196,34662,8788,7204,all_test_chromosomes,all,7204,0.5,0.3797392634162196,0.5238671464215234,0.5328798616877441,0.5005552470849528,0.500277932184547,0.9994447529150472,0.6667901463233932,0.6920317554020137,0.2494593138112111,0.0081032717578861,p0,exposure_matched,fold_c,42,1hop,1hop,0.5005552470849528,8788,0.5,0.0657597233754883
coordinate,"reference coordinate, node length, and constant orientation",0.87948960915084,0.3110652984616534,34662,8788,7204,all_test_chromosomes,all,7204,0.5,0.3110652984616534,0.5396611281720533,0.5390166395859499,0.5,0.5,1.0,0.6666666666666666,0.6904727656547095,0.2486664275907933,0.0023982202268001,p0,exposure_matched,fold_c,42,strict,strict,0.5,8788,0.5,0.0780332791718998
sequence_kmer,mono/di/tri-nucleotide composition; no graph adjacency,2.503408373493473,0.1283688715314041,34662,8788,7204,all_test_chromosomes,all,7204,0.5,0.1283688715314041,0.5131696608183312,0.5174406666149348,0.5,0.5,1.0,0.6666666666666666,0.6930999794227131,0.2499636227504469,0.0014740457524022,p0,exposure_matched,fold_c,42,strict,strict,0.5,8788,0.5,0.0348813332298696
frozen_sequence_fm,S-FM: frozen pretrained sequence-model embedding only; no graph adjacency,2.54788951102304,0.4169303336701946,34662,8788,7204,all_test_chromosomes,all,7204,0.5,0.4169303336701946,0.5152306418082865,0.5247914284135982,0.5005552470849528,0.5002783189535207,0.9980566352026652,0.6664812754912867,0.6924121341613914,0.2496492199670285,0.0067946876122542,p0,exposure_matched,fold_c,42,strict,strict,0.5005552470849528,8788,0.5,0.0495828568271963
frozen_pangenomefm,frozen topology-pretrained node embedding; current encoder has no nucleotide input,1.175721352957224,0.4394617277999802,34662,8788,7204,all_test_chromosomes,all,7204,0.5,0.4394617277999802,0.5116093193953264,0.5192136547514634,0.499305941143809,0.4996521497147627,0.9969461410327596,0.6656780053758458,0.693294207633273,0.2500675565842396,0.01266276941661,p0,exposure_matched,fold_c,42,strict,strict,0.499305941143809,8788,0.5,0.0384273095029268
coordinate_plus_frozen_sequence_fm,C+S-FM: coordinate and frozen sequence-model embedding,2.330914213834166,0.4206348554467662,34662,8788,7204,all_test_chromosomes,all,7204,0.5,0.4206348554467662,0.5209245064359025,0.5302119859227983,0.4995835646862854,0.4997899453858003,0.9908384230982789,0.6644326538210928,0.6919503295491987,0.2494206231662712,0.0061477591846455,p0,exposure_matched,fold_c,42,strict,strict,0.4995835646862854,8788,0.5,0.0604239718455965
coordinate_plus_frozen_pangenomefm,C+T: coordinate and frozen topology embedding; no nucleotide input,1.167598591993095,0.4089078297913105,34662,8788,7204,all_test_chromosomes,all,7204,0.5,0.4089078297913105,0.5192749894330406,0.5256576439737424,0.5,0.5,1.0,0.6666666666666666,0.6924854436577907,0.2496664915604295,0.0091422536112966,p0,exposure_matched,fold_c,42,strict,strict,0.5,8788,0.5,0.0513152879474847
coordinate_plus_frozen_sequence_fm_plus_frozen_pangenomefm,"C+S-FM+T: coordinate, frozen sequence-model, and topology embeddings",2.342670529654169,0.4129661175072536,34662,8788,7204,all_test_chromosomes,all,7204,0.5,0.4129661175072536,0.517585316443052,0.5277777278417406,0.4995835646862854,0.4997906489881368,0.9941699056079956,0.6651806445620878,0.692542596057873,0.2497151161967734,0.0103071457911599,p0,exposure_matched,fold_c,42,strict,strict,0.4995835646862854,8788,0.5,0.0555554556834811
coordinate,"reference coordinate, node length, and constant orientation",1.0478766687047294,0.377847649064193,33474,8392,8788,all_test_chromosomes,all,8788,0.5,0.377847649064193,0.5392016754754538,0.540870922715859,0.4997724169321802,0.4998861825631687,0.9995448338643604,0.6664643399089529,0.690345015692524,0.2486141709105906,0.0064978631859686,p0,exposure_matched,fold_d,20260806,1hop,1hop,0.4997724169321802,8392,0.5,0.081741845431718
sequence_kmer,mono/di/tri-nucleotide composition; no graph adjacency,2.0587188437251838,0.3173619579800338,33474,8392,8788,all_test_chromosomes,all,8788,0.5,0.3173619579800338,0.5130912575989643,0.5205397340009124,0.499089667728721,0.4995444191343963,0.998179335457442,0.6658569910429634,0.6935547193440204,0.2500937856117262,0.0047795776559678,p0,exposure_matched,fold_d,20260806,1hop,1hop,0.499089667728721,8392,0.5,0.0410794680018247
frozen_sequence_fm,S-FM: frozen pretrained sequence-model embedding only; no graph adjacency,2.5825595768372063,0.3621973018266161,33474,8392,8788,all_test_chromosomes,all,8788,0.5,0.3621973018266161,0.5284252494764139,0.5289030700813384,0.5,0.5,1.0,0.6666666666666666,0.6916032540586319,0.2492344051077609,0.0030932476110932,p0,exposure_matched,fold_d,20260806,1hop,1hop,0.5,8392,0.5,0.0578061401626768
frozen_pangenomefm,frozen topology-pretrained node embedding; current encoder has no nucleotide input,1.1621085698212008,0.4020459282009531,33474,8392,8788,all_test_chromosomes,all,8788,0.5,0.4020459282009531,0.5421025826793644,0.5458391996601818,0.5003413746017297,0.5001712915381981,0.9968138370505234,0.6661090411375561,0.6898995064835608,0.2483925121705267,0.0035413978043173,p0,exposure_matched,fold_d,20260806,1hop,1hop,0.5003413746017296,8392,0.5,0.0916783993203635
coordinate_plus_frozen_sequence_fm,C+S-FM: coordinate and frozen sequence-model embedding,2.425388216461273,0.3452076780973466,33474,8392,8788,all_test_chromosomes,all,8788,0.5,0.3452076780973466,0.5347419226656783,0.5343723567875012,0.5,0.5,1.0,0.6666666666666666,0.6909717757412392,0.2489181922441751,0.0047522455936412,p0,exposure_matched,fold_d,20260806,1hop,1hop,0.5,8392,0.5,0.0687447135750023
coordinate_plus_frozen_pangenomefm,C+T: coordinate and frozen topology embedding; no nucleotide input,1.2284989614295083,0.4226657747709594,33474,8392,8788,all_test_chromosomes,all,8788,0.5,0.4226657747709594,0.5434345962311746,0.5449934037285428,0.5003413746017297,0.5001715658240878,0.9952207555757852,0.6657532161071782,0.6898458441332926,0.2483700192500584,0.0041871694465193,p0,exposure_matched,fold_d,20260806,1hop,1hop,0.5003413746017297,8392,0.5,0.0899868074570855
coordinate_plus_frozen_sequence_fm_plus_frozen_pangenomefm,"C+S-FM+T: coordinate, frozen sequence-model, and topology embeddings",2.493712937200345,0.3335903922839222,33474,8392,8788,all_test_chromosomes,all,8788,0.5,0.3335903922839222,0.5371128213277137,0.5373148517917832,0.5,0.5,1.0,0.6666666666666666,0.690767182551148,0.2488128339325742,0.005451160824022,p0,exposure_matched,fold_d,20260806,1hop,1hop,0.5,8392,0.5,0.0746297035835663
coordinate,"reference coordinate, node length, and constant orientation",1.0478766687047294,0.377847649064193,33474,8392,8788,all_test_chromosomes,all,8788,0.5,0.377847649064193,0.5392016754754538,0.540870922715859,0.4997724169321802,0.4998861825631687,0.9995448338643604,0.6664643399089529,0.690345015692524,0.2486141709105906,0.0064978631859686,p0,exposure_matched,fold_d,20260806,strict,strict,0.4997724169321802,8392,0.5,0.081741845431718
sequence_kmer,mono/di/tri-nucleotide composition; no graph adjacency,2.0587188437251838,0.3173619579800338,33474,8392,8788,all_test_chromosomes,all,8788,0.5,0.3173619579800338,0.5130912575989643,0.5205397340009124,0.499089667728721,0.4995444191343963,0.998179335457442,0.6658569910429634,0.6935547193440204,0.2500937856117262,0.0047795776559678,p0,exposure_matched,fold_d,20260806,strict,strict,0.499089667728721,8392,0.5,0.0410794680018247
frozen_sequence_fm,S-FM: frozen pretrained sequence-model embedding only; no graph adjacency,2.5825595768372063,0.3621973018266161,33474,8392,8788,all_test_chromosomes,all,8788,0.5,0.3621973018266161,0.5284252494764139,0.5289030700813384,0.5,0.5,1.0,0.6666666666666666,0.6916032540586319,0.2492344051077609,0.0030932476110932,p0,exposure_matched,fold_d,20260806,strict,strict,0.5,8392,0.5,0.0578061401626768
frozen_pangenomefm,frozen topology-pretrained node embedding; current encoder has no nucleotide input,1.13226751283796,0.3610715073495228,33474,8392,8788,all_test_chromosomes,all,8788,0.5,0.3610715073495228,0.5406095414175286,0.5476140735761306,0.5,0.5,1.0,0.6666666666666666,0.6897394593740873,0.2483187111693278,0.0142006669409841,p0,exposure_matched,fold_d,20260806,strict,strict,0.5,8392,0.5,0.0952281471522611
coordinate_plus_frozen_sequence_fm,C+S-FM: coordinate and frozen sequence-model embedding,2.425388216461273,0.3452076780973466,33474,8392,8788,all_test_chromosomes,all,8788,0.5,0.3452076780973466,0.5347419226656783,0.5343723567875012,0.5,0.5,1.0,0.6666666666666666,0.6909717757412392,0.2489181922441751,0.0047522455936412,p0,exposure_matched,fold_d,20260806,strict,strict,0.5,8392,0.5,0.0687447135750023
coordinate_plus_frozen_pangenomefm,C+T: coordinate and frozen topology embedding; no nucleotide input,1.2729172201216807,0.3475350959677678,33474,8392,8788,all_test_chromosomes,all,8788,0.5,0.3475350959677678,0.5415578646265058,0.5464576890732377,0.5,0.5,1.0,0.6666666666666666,0.6898471889833451,0.2483717537874698,0.0106312823957972,p0,exposure_matched,fold_d,20260806,strict,strict,0.5,8392,0.5,0.0929153781464753
coordinate_plus_frozen_sequence_fm_plus_frozen_pangenomefm,"C+S-FM+T: coordinate, frozen sequence-model, and topology embeddings",2.51273423012502,0.3502988193436788,33474,8392,8788,all_test_chromosomes,all,8788,0.5,0.3502988193436788,0.5377774167156811,0.5375521365020861,0.5,0.5,1.0,0.6666666666666666,0.6907464297180316,0.2488012026265287,0.0087118604104719,p0,exposure_matched,fold_d,20260806,strict,strict,0.5,8392,0.5,0.0751042730041722
coordinate,"reference coordinate, node length, and constant orientation",1.0478766687047294,0.377847649064193,33474,8392,8788,all_test_chromosomes,all,8788,0.5,0.377847649064193,0.5392016754754538,0.540870922715859,0.4997724169321802,0.4998861825631687,0.9995448338643604,0.6664643399089529,0.690345015692524,0.2486141709105906,0.0064978631859686,p0,exposure_matched,fold_d,314159,1hop,1hop,0.4997724169321802,8392,0.5,0.081741845431718
sequence_kmer,mono/di/tri-nucleotide composition; no graph adjacency,2.0587188437251838,0.3173619579800338,33474,8392,8788,all_test_chromosomes,all,8788,0.5,0.3173619579800338,0.5130912575989643,0.5205397340009124,0.499089667728721,0.4995444191343963,0.998179335457442,0.6658569910429634,0.6935547193440204,0.2500937856117262,0.0047795776559678,p0,exposure_matched,fold_d,314159,1hop,1hop,0.499089667728721,8392,0.5,0.0410794680018247
frozen_sequence_fm,S-FM: frozen pretrained sequence-model embedding only; no graph adjacency,2.5825595768372063,0.3621973018266161,33474,8392,8788,all_test_chromosomes,all,8788,0.5,0.3621973018266161,0.5284252494764139,0.5289030700813384,0.5,0.5,1.0,0.6666666666666666,0.6916032540586319,0.2492344051077609,0.0030932476110932,p0,exposure_matched,fold_d,314159,1hop,1hop,0.5,8392,0.5,0.0578061401626768
frozen_pangenomefm,frozen topology-pretrained node embedding; current encoder has no nucleotide input,1.241560172719869,0.3584640563087836,33474,8392,8788,all_test_chromosomes,all,8788,0.5,0.3584640563087836,0.5426387806105442,0.5459406290454794,0.5,0.5,1.0,0.6666666666666666,0.6898791139055266,0.2483751447298559,0.0116220498384368,p0,exposure_matched,fold_d,314159,1hop,1hop,0.5,8392,0.5,0.0918812580909587
coordinate_plus_frozen_sequence_fm,C+S-FM: coordinate and frozen sequence-model embedding,2.425388216461273,0.3452076780973466,33474,8392,8788,all_test_chromosomes,all,8788,0.5,0.3452076780973466,0.5347419226656783,0.5343723567875012,0.5,0.5,1.0,0.6666666666666666,0.6909717757412392,0.2489181922441751,0.0047522455936412,p0,exposure_matched,fold_d,314159,1hop,1hop,0.5,8392,0.5,0.0687447135750023
coordinate_plus_frozen_pangenomefm,C+T: coordinate and frozen topology embedding; no nucleotide input,1.3220607157384987,0.2046491623476219,33474,8392,8788,all_test_chromosomes,all,8788,0.5,0.2046491623476219,0.5404133973397331,0.542213868201144,0.5,0.5,1.0,0.6666666666666666,0.6902343790285619,0.2485557480999641,0.0077704812004145,p0,exposure_matched,fold_d,314159,1hop,1hop,0.5,8392,0.5,0.084427736402288
coordinate_plus_frozen_sequence_fm_plus_frozen_pangenomefm,"C+S-FM+T: coordinate, frozen sequence-model, and topology embeddings",2.5681661467799675,0.3527408273832156,33474,8392,8788,all_test_chromosomes,all,8788,0.5,0.3527408273832156,0.5387646372582797,0.5381652221044924,0.5001137915339099,0.5000569022419483,1.0,0.6667172445186252,0.6906706006031507,0.2487649044057758,0.003503861585329,p0,exposure_matched,fold_d,314159,1hop,1hop,0.5001137915339099,8392,0.5,0.0763304442089847
coordinate,"reference coordinate, node length, and constant orientation",1.0478766687047294,0.377847649064193,33474,8392,8788,all_test_chromosomes,all,8788,0.5,0.377847649064193,0.5392016754754538,0.540870922715859,0.4997724169321802,0.4998861825631687,0.9995448338643604,0.6664643399089529,0.690345015692524,0.2486141709105906,0.0064978631859686,p0,exposure_matched,fold_d,314159,strict,strict,0.4997724169321802,8392,0.5,0.081741845431718
sequence_kmer,mono/di/tri-nucleotide composition; no graph adjacency,2.0587188437251838,0.3173619579800338,33474,8392,8788,all_test_chromosomes,all,8788,0.5,0.3173619579800338,0.5130912575989643,0.5205397340009124,0.499089667728721,0.4995444191343963,0.998179335457442,0.6658569910429634,0.6935547193440204,0.2500937856117262,0.0047795776559678,p0,exposure_matched,fold_d,314159,strict,strict,0.499089667728721,8392,0.5,0.0410794680018247
frozen_sequence_fm,S-FM: frozen pretrained sequence-model embedding only; no graph adjacency,2.5825595768372063,0.3621973018266161,33474,8392,8788,all_test_chromosomes,all,8788,0.5,0.3621973018266161,0.5284252494764139,0.5289030700813384,0.5,0.5,1.0,0.6666666666666666,0.6916032540586319,0.2492344051077609,0.0030932476110932,p0,exposure_matched,fold_d,314159,strict,strict,0.5,8392,0.5,0.0578061401626768
frozen_pangenomefm,frozen topology-pretrained node embedding; current encoder has no nucleotide input,1.2273691744292885,0.4222864288234033,33474,8392,8788,all_test_chromosomes,all,8788,0.5,0.4222864288234033,0.5349059544307637,0.5373158618720602,0.4998862084660901,0.4999429419148693,0.9970414201183432,0.6659572850953864,0.6907553357596865,0.2488149447926101,0.0055320513663884,p0,exposure_matched,fold_d,314159,strict,strict,0.4998862084660901,8392,0.5,0.0746317237441203
coordinate_plus_frozen_sequence_fm,C+S-FM: coordinate and frozen sequence-model embedding,2.425388216461273,0.3452076780973466,33474,8392,8788,all_test_chromosomes,all,8788,0.5,0.3452076780973466,0.5347419226656783,0.5343723567875012,0.5,0.5,1.0,0.6666666666666666,0.6909717757412392,0.2489181922441751,0.0047522455936412,p0,exposure_matched,fold_d,314159,strict,strict,0.5,8392,0.5,0.0687447135750023
coordinate_plus_frozen_pangenomefm,C+T: coordinate and frozen topology embedding; no nucleotide input,1.3164099554672528,0.3836760429599714,33474,8392,8788,all_test_chromosomes,all,8788,0.5,0.3836760429599714,0.5373243223421519,0.5395444447261716,0.4997724169321802,0.4998861825631687,0.9995448338643604,0.6664643399089529,0.6906265765422829,0.2487517476495959,0.0042496566841805,p0,exposure_matched,fold_d,314159,strict,strict,0.4997724169321802,8392,0.5,0.0790888894523431
coordinate_plus_frozen_sequence_fm_plus_frozen_pangenomefm,"C+S-FM+T: coordinate, frozen sequence-model, and topology embeddings",2.6268784682067485,0.3577897060108937,33474,8392,8788,all_test_chromosomes,all,8788,0.5,0.3577897060108937,0.5350381846474556,0.5355367249644409,0.5,0.5,1.0,0.6666666666666666,0.6910368826719253,0.2489488022860486,0.0041556805142899,p0,exposure_matched,fold_d,314159,strict,strict,0.5,8392,0.5,0.0710734499288818
coordinate,"reference coordinate, node length, and constant orientation",1.0478766687047294,0.377847649064193,33474,8392,8788,all_test_chromosomes,all,8788,0.5,0.377847649064193,0.5392016754754538,0.540870922715859,0.4997724169321802,0.4998861825631687,0.9995448338643604,0.6664643399089529,0.690345015692524,0.2486141709105906,0.0064978631859686,p0,exposure_matched,fold_d,42,1hop,1hop,0.4997724169321802,8392,0.5,0.081741845431718
sequence_kmer,mono/di/tri-nucleotide composition; no graph adjacency,2.0587188437251838,0.3173619579800338,33474,8392,8788,all_test_chromosomes,all,8788,0.5,0.3173619579800338,0.5130912575989643,0.5205397340009124,0.499089667728721,0.4995444191343963,0.998179335457442,0.6658569910429634,0.6935547193440204,0.2500937856117262,0.0047795776559678,p0,exposure_matched,fold_d,42,1hop,1hop,0.499089667728721,8392,0.5,0.0410794680018247
frozen_sequence_fm,S-FM: frozen pretrained sequence-model embedding only; no graph adjacency,2.5825595768372063,0.3621973018266161,33474,8392,8788,all_test_chromosomes,all,8788,0.5,0.3621973018266161,0.5284252494764139,0.5289030700813384,0.5,0.5,1.0,0.6666666666666666,0.6916032540586319,0.2492344051077609,0.0030932476110932,p0,exposure_matched,fold_d,42,1hop,1hop,0.5,8392,0.5,0.0578061401626768
frozen_pangenomefm,frozen topology-pretrained node embedding; current encoder has no nucleotide input,1.3030396057305018,0.3903155336869651,33474,8392,8788,all_test_chromosomes,all,8788,0.5,0.3903155336869651,0.5355672608963811,0.5421367330391783,0.5,0.5,0.9997724169321802,0.6666160849772382,0.6904827186305026,0.2486755638203052,0.0043363853616732,p0,exposure_matched,fold_d,42,1hop,1hop,0.5,8392,0.5,0.0842734660783566
coordinate_plus_frozen_sequence_fm,C+S-FM: coordinate and frozen sequence-model embedding,2.425388216461273,0.3452076780973466,33474,8392,8788,all_test_chromosomes,all,8788,0.5,0.3452076780973466,0.5347419226656783,0.5343723567875012,0.5,0.5,1.0,0.6666666666666666,0.6909717757412392,0.2489181922441751,0.0047522455936412,p0,exposure_matched,fold_d,42,1hop,1hop,0.5,8392,0.5,0.0687447135750023
coordinate_plus_frozen_pangenomefm,C+T: coordinate and frozen topology embedding; no nucleotide input,1.2097253890096606,0.4123546271277414,33474,8392,8788,all_test_chromosomes,all,8788,0.5,0.4123546271277414,0.534258839535602,0.5421668181580226,0.4998862084660901,0.4999429939573594,0.9979517523896222,0.6661602734523357,0.6903743071987893,0.2486320681097367,0.0050342049330366,p0,exposure_matched,fold_d,42,1hop,1hop,0.4998862084660901,8392,0.5,0.0843336363160451
coordinate_plus_frozen_sequence_fm_plus_frozen_pangenomefm,"C+S-FM+T: coordinate, frozen sequence-model, and topology embeddings",2.5632462908022835,0.3654422601894396,33474,8392,8788,all_test_chromosomes,all,8788,0.5,0.3654422601894396,0.5357652695600758,0.5368746998089802,0.4998862084660901,0.4999430977580517,0.9997724169321802,0.6665655109627494,0.6908165722354682,0.2488452325785768,0.0022997507343301,p0,exposure_matched,fold_d,42,1hop,1hop,0.4998862084660901,8392,0.5,0.0737493996179603
coordinate,"reference coordinate, node length, and constant orientation",1.0478766687047294,0.377847649064193,33474,8392,8788,all_test_chromosomes,all,8788,0.5,0.377847649064193,0.5392016754754538,0.540870922715859,0.4997724169321802,0.4998861825631687,0.9995448338643604,0.6664643399089529,0.690345015692524,0.2486141709105906,0.0064978631859686,p0,exposure_matched,fold_d,42,strict,strict,0.4997724169321802,8392,0.5,0.081741845431718
sequence_kmer,mono/di/tri-nucleotide composition; no graph adjacency,2.0587188437251838,0.3173619579800338,33474,8392,8788,all_test_chromosomes,all,8788,0.5,0.3173619579800338,0.5130912575989643,0.5205397340009124,0.499089667728721,0.4995444191343963,0.998179335457442,0.6658569910429634,0.6935547193440204,0.2500937856117262,0.0047795776559678,p0,exposure_matched,fold_d,42,strict,strict,0.499089667728721,8392,0.5,0.0410794680018247
frozen_sequence_fm,S-FM: frozen pretrained sequence-model embedding only; no graph adjacency,2.5825595768372063,0.3621973018266161,33474,8392,8788,all_test_chromosomes,all,8788,0.5,0.3621973018266161,0.5284252494764139,0.5289030700813384,0.5,0.5,1.0,0.6666666666666666,0.6916032540586319,0.2492344051077609,0.0030932476110932,p0,exposure_matched,fold_d,42,strict,strict,0.5,8392,0.5,0.0578061401626768
frozen_pangenomefm,frozen topology-pretrained node embedding; current encoder has no nucleotide input,0.9605445425436104,0.4169429007322353,33474,8392,8788,all_test_chromosomes,all,8788,0.5,0.4169429007322353,0.5377263477796614,0.5425634137437056,0.5001137915339099,0.5000569151963574,0.9997724169321802,0.6666666666666666,0.690172710038264,0.2485302859154702,0.0075628606705565,p0,exposure_matched,fold_d,42,strict,strict,0.5001137915339099,8392,0.5,0.0851268274874113
coordinate_plus_frozen_sequence_fm,C+S-FM: coordinate and frozen sequence-model embedding,2.425388216461273,0.3452076780973466,33474,8392,8788,all_test_chromosomes,all,8788,0.5,0.3452076780973466,0.5347419226656783,0.5343723567875012,0.5,0.5,1.0,0.6666666666666666,0.6909717757412392,0.2489181922441751,0.0047522455936412,p0,exposure_matched,fold_d,42,strict,strict,0.5,8392,0.5,0.0687447135750023
coordinate_plus_frozen_pangenomefm,C+T: coordinate and frozen topology embedding; no nucleotide input,1.0430489749254823,0.4231427147599502,33474,8392,8788,all_test_chromosomes,all,8788,0.5,0.4231427147599502,0.5393922775896043,0.541545590160142,0.5004551661356396,0.500228102189781,0.998179335457442,0.6664640632122778,0.6901954720219311,0.2485482354490365,0.0058694945434818,p0,exposure_matched,fold_d,42,strict,strict,0.5004551661356396,8392,0.5,0.083091180320284
coordinate_plus_frozen_sequence_fm_plus_frozen_pangenomefm,"C+S-FM+T: coordinate, frozen sequence-model, and topology embeddings",2.410210767769462,0.3454341951062348,33474,8392,8788,all_test_chromosomes,all,8788,0.5,0.3454341951062348,0.536506002205598,0.534952528929235,0.5,0.5,1.0,0.6666666666666666,0.6909265669659085,0.2488889811034094,0.0019654129044208,p0,exposure_matched,fold_d,42,strict,strict,0.5,8392,0.5,0.0699050578584699
coordinate,"reference coordinate, node length, and constant orientation",1.2211344984209789,0.4380907834955222,28840,13422,8392,all_test_chromosomes,all,8392,0.5,0.4380907834955222,0.527747242823298,0.5327381693341358,0.4997616777883699,0.4998807820696233,0.9992850333651097,0.6664017800381437,0.6914425521615792,0.2491555126500514,0.0035118130742155,p0,exposure_matched,fold_e,20260806,1hop,1hop,0.4997616777883699,13422,0.5,0.0654763386682715
sequence_kmer,mono/di/tri-nucleotide composition; no graph adjacency,3.2965683687100285,0.3705793188268815,28840,13422,8392,all_test_chromosomes,all,8392,0.5,0.3705793188268815,0.5331116792878232,0.5346343807983684,0.4998808388941849,0.4999404123465618,0.99976167778837,0.6665607372686104,0.6920392299996647,0.2494358092653218,0.0026233904553526,p0,exposure_matched,fold_e,20260806,1hop,1hop,0.4998808388941849,13422,0.5,0.0692687615967369
frozen_sequence_fm,S-FM: frozen pretrained sequence-model embedding only; no graph adjacency,3.698218709724628,0.3917912526673133,28840,13422,8392,all_test_chromosomes,all,8392,0.5,0.3917912526673133,0.5339502940291767,0.5360278619953469,0.4998808388941849,0.4999404123465618,0.99976167778837,0.6665607372686104,0.6909235290575826,0.2488965339133804,0.0047696548396428,p0,exposure_matched,fold_e,20260806,1hop,1hop,0.4998808388941849,13422,0.5,0.0720557239906938
frozen_pangenomefm,frozen topology-pretrained node embedding; current encoder has no nucleotide input,1.4151116833842567,0.2838729507159537,28840,13422,8392,all_test_chromosomes,all,8392,0.5,0.2838729507159537,0.5265354402622318,0.5337333478511121,0.5,0.5,1.0,0.6666666666666666,0.6914355275198946,0.2491550170004294,0.0029242125208166,p0,exposure_matched,fold_e,20260806,1hop,1hop,0.5,13422,0.5,0.0674666957022243
coordinate_plus_frozen_sequence_fm,C+S-FM: coordinate and frozen sequence-model embedding,3.3944664063729104,0.3597284405102268,28840,13422,8392,all_test_chromosomes,all,8392,0.5,0.3597284405102268,0.5351381564538745,0.5398880859458985,0.5,0.5,1.0,0.6666666666666666,0.6906139370684283,0.2487441756320221,0.0038615869454315,p0,exposure_matched,fold_e,20260806,1hop,1hop,0.5,13422,0.5,0.079776171891797
coordinate_plus_frozen_pangenomefm,C+T: coordinate and frozen topology embedding; no nucleotide input,1.409638097351092,0.4222082869139151,28840,13422,8392,all_test_chromosomes,all,8392,0.5,0.4222082869139151,0.5287393243463065,0.5358897164283474,0.4998808388941849,0.4999403270079962,0.9983317445185892,0.6662425447316104,0.691151390888283,0.2490165483221049,0.0038215470922375,p0,exposure_matched,fold_e,20260806,1hop,1hop,0.4998808388941849,13422,0.5,0.0717794328566947
coordinate_plus_frozen_sequence_fm_plus_frozen_pangenomefm,"C+S-FM+T: coordinate, frozen sequence-model, and topology embeddings",3.3234897422266085,0.345231225752621,28840,13422,8392,all_test_chromosomes,all,8392,0.5,0.345231225752621,0.5340750212876942,0.540228363353103,0.5,0.5,1.0,0.6666666666666666,0.6906205912163379,0.2487482746579962,0.0027779464775203,p0,exposure_matched,fold_e,20260806,1hop,1hop,0.5,13422,0.5,0.0804567267062059
coordinate,"reference coordinate, node length, and constant orientation",1.2211344984209789,0.4380907834955222,28840,13422,8392,all_test_chromosomes,all,8392,0.5,0.4380907834955222,0.527747242823298,0.5327381693341358,0.4997616777883699,0.4998807820696233,0.9992850333651097,0.6664017800381437,0.6914425521615792,0.2491555126500514,0.0035118130742155,p0,exposure_matched,fold_e,20260806,strict,strict,0.4997616777883699,13422,0.5,0.0654763386682715
sequence_kmer,mono/di/tri-nucleotide composition; no graph adjacency,3.2965683687100285,0.3705793188268815,28840,13422,8392,all_test_chromosomes,all,8392,0.5,0.3705793188268815,0.5331116792878232,0.5346343807983684,0.4998808388941849,0.4999404123465618,0.99976167778837,0.6665607372686104,0.6920392299996647,0.2494358092653218,0.0026233904553526,p0,exposure_matched,fold_e,20260806,strict,strict,0.4998808388941849,13422,0.5,0.0692687615967369
frozen_sequence_fm,S-FM: frozen pretrained sequence-model embedding only; no graph adjacency,3.698218709724628,0.3917912526673133,28840,13422,8392,all_test_chromosomes,all,8392,0.5,0.3917912526673133,0.5339502940291767,0.5360278619953469,0.4998808388941849,0.4999404123465618,0.99976167778837,0.6665607372686104,0.6909235290575826,0.2488965339133804,0.0047696548396428,p0,exposure_matched,fold_e,20260806,strict,strict,0.4998808388941849,13422,0.5,0.0720557239906938
frozen_pangenomefm,frozen topology-pretrained node embedding; current encoder has no nucleotide input,1.2799333395356416,0.4331118075385477,28840,13422,8392,all_test_chromosomes,all,8392,0.5,0.4331118075385477,0.5387997761725044,0.5483716063086392,0.5003574833174452,0.5001790189760115,0.9988083889418494,0.6665606361829026,0.6899915339863988,0.2484345229601697,0.0134468774005419,p0,exposure_matched,fold_e,20260806,strict,strict,0.5003574833174452,13422,0.5,0.0967432126172784
coordinate_plus_frozen_sequence_fm,C+S-FM: coordinate and frozen sequence-model embedding,3.3944664063729104,0.3597284405102268,28840,13422,8392,all_test_chromosomes,all,8392,0.5,0.3597284405102268,0.5351381564538745,0.5398880859458985,0.5,0.5,1.0,0.6666666666666666,0.6906139370684283,0.2487441756320221,0.0038615869454315,p0,exposure_matched,fold_e,20260806,strict,strict,0.5,13422,0.5,0.079776171891797
coordinate_plus_frozen_pangenomefm,C+T: coordinate and frozen topology embedding; no nucleotide input,1.349404280455737,0.4318840081068724,28840,13422,8392,all_test_chromosomes,all,8392,0.5,0.4318840081068724,0.5379065506574421,0.5475937783267257,0.5002383222116301,0.5001193602291717,0.9985700667302192,0.6664545888341021,0.6900137595756005,0.24844921718354,0.0101012905254046,p0,exposure_matched,fold_e,20260806,strict,strict,0.5002383222116301,13422,0.5,0.0951875566534514
coordinate_plus_frozen_sequence_fm_plus_frozen_pangenomefm,"C+S-FM+T: coordinate, frozen sequence-model, and topology embeddings",3.327305915508342,0.3511428560765233,28840,13422,8392,all_test_chromosomes,all,8392,0.5,0.3511428560765233,0.5386592024180276,0.545662570439802,0.5,0.5,1.0,0.6666666666666666,0.6901907194272552,0.2485339766724195,0.0067312830894512,p0,exposure_matched,fold_e,20260806,strict,strict,0.5,13422,0.5,0.091325140879604
coordinate,"reference coordinate, node length, and constant orientation",1.2211344984209789,0.4380907834955222,28840,13422,8392,all_test_chromosomes,all,8392,0.5,0.4380907834955222,0.527747242823298,0.5327381693341358,0.4997616777883699,0.4998807820696233,0.9992850333651097,0.6664017800381437,0.6914425521615792,0.2491555126500514,0.0035118130742155,p0,exposure_matched,fold_e,314159,1hop,1hop,0.4997616777883699,13422,0.5,0.0654763386682715
sequence_kmer,mono/di/tri-nucleotide composition; no graph adjacency,3.2965683687100285,0.3705793188268815,28840,13422,8392,all_test_chromosomes,all,8392,0.5,0.3705793188268815,0.5331116792878232,0.5346343807983684,0.4998808388941849,0.4999404123465618,0.99976167778837,0.6665607372686104,0.6920392299996647,0.2494358092653218,0.0026233904553526,p0,exposure_matched,fold_e,314159,1hop,1hop,0.4998808388941849,13422,0.5,0.0692687615967369
frozen_sequence_fm,S-FM: frozen pretrained sequence-model embedding only; no graph adjacency,3.698218709724628,0.3917912526673133,28840,13422,8392,all_test_chromosomes,all,8392,0.5,0.3917912526673133,0.5339502940291767,0.5360278619953469,0.4998808388941849,0.4999404123465618,0.99976167778837,0.6665607372686104,0.6909235290575826,0.2488965339133804,0.0047696548396428,p0,exposure_matched,fold_e,314159,1hop,1hop,0.4998808388941849,13422,0.5,0.0720557239906938
frozen_pangenomefm,frozen topology-pretrained node embedding; current encoder has no nucleotide input,1.5713775830984469,0.0119762538979298,28840,13422,8392,all_test_chromosomes,all,8392,0.5,0.0119762538979298,0.5286667655700058,0.5369478386531478,0.5,0.5,1.0,0.6666666666666666,0.6915992848977828,0.2491288568916743,0.0061908548474151,p0,exposure_matched,fold_e,314159,1hop,1hop,0.5,13422,0.5,0.0738956773062955
coordinate_plus_frozen_sequence_fm,C+S-FM: coordinate and frozen sequence-model embedding,3.3944664063729104,0.3597284405102268,28840,13422,8392,all_test_chromosomes,all,8392,0.5,0.3597284405102268,0.5351381564538745,0.5398880859458985,0.5,0.5,1.0,0.6666666666666666,0.6906139370684283,0.2487441756320221,0.0038615869454315,p0,exposure_matched,fold_e,314159,1hop,1hop,0.5,13422,0.5,0.079776171891797
coordinate_plus_frozen_pangenomefm,C+T: coordinate and frozen topology embedding; no nucleotide input,1.539355242560046,0.0158319899924067,28840,13422,8392,all_test_chromosomes,all,8392,0.5,0.0158319899924067,0.5304030076308546,0.5382093971699906,0.5,0.5,1.0,0.6666666666666666,0.6913225786320047,0.2490209309448961,0.0026380643142784,p0,exposure_matched,fold_e,314159,1hop,1hop,0.5,13422,0.5,0.0764187943399812
coordinate_plus_frozen_sequence_fm_plus_frozen_pangenomefm,"C+S-FM+T: coordinate, frozen sequence-model, and topology embeddings",3.435704774604881,0.1956838097427728,28840,13422,8392,all_test_chromosomes,all,8392,0.5,0.1956838097427728,0.534719587450393,0.5409665899285401,0.5,0.5,1.0,0.6666666666666666,0.6906234031974883,0.2487498895168189,0.0091093718060935,p0,exposure_matched,fold_e,314159,1hop,1hop,0.5,13422,0.5,0.0819331798570801
coordinate,"reference coordinate, node length, and constant orientation",1.2211344984209789,0.4380907834955222,28840,13422,8392,all_test_chromosomes,all,8392,0.5,0.4380907834955222,0.527747242823298,0.5327381693341358,0.4997616777883699,0.4998807820696233,0.9992850333651097,0.6664017800381437,0.6914425521615792,0.2491555126500514,0.0035118130742155,p0,exposure_matched,fold_e,314159,strict,strict,0.4997616777883699,13422,0.5,0.0654763386682715
sequence_kmer,mono/di/tri-nucleotide composition; no graph adjacency,3.2965683687100285,0.3705793188268815,28840,13422,8392,all_test_chromosomes,all,8392,0.5,0.3705793188268815,0.5331116792878232,0.5346343807983684,0.4998808388941849,0.4999404123465618,0.99976167778837,0.6665607372686104,0.6920392299996647,0.2494358092653218,0.0026233904553526,p0,exposure_matched,fold_e,314159,strict,strict,0.4998808388941849,13422,0.5,0.0692687615967369
frozen_sequence_fm,S-FM: frozen pretrained sequence-model embedding only; no graph adjacency,3.698218709724628,0.3917912526673133,28840,13422,8392,all_test_chromosomes,all,8392,0.5,0.3917912526673133,0.5339502940291767,0.5360278619953469,0.4998808388941849,0.4999404123465618,0.99976167778837,0.6665607372686104,0.6909235290575826,0.2488965339133804,0.0047696548396428,p0,exposure_matched,fold_e,314159,strict,strict,0.4998808388941849,13422,0.5,0.0720557239906938
frozen_pangenomefm,frozen topology-pretrained node embedding; current encoder has no nucleotide input,1.2972241067080417,0.4257803537710024,28840,13422,8392,all_test_chromosomes,all,8392,0.5,0.4257803537710024,0.5364527340487695,0.542853462350696,0.4998808388941849,0.4999402699796918,0.9973784556720686,0.6660300787777512,0.6904235232359144,0.2486531978305734,0.0075127226451134,p0,exposure_matched,fold_e,314159,strict,strict,0.4998808388941849,13422,0.5,0.0857069247013919
coordinate_plus_frozen_sequence_fm,C+S-FM: coordinate and frozen sequence-model embedding,3.3944664063729104,0.3597284405102268,28840,13422,8392,all_test_chromosomes,all,8392,0.5,0.3597284405102268,0.5351381564538745,0.5398880859458985,0.5,0.5,1.0,0.6666666666666666,0.6906139370684283,0.2487441756320221,0.0038615869454315,p0,exposure_matched,fold_e,314159,strict,strict,0.5,13422,0.5,0.079776171891797
coordinate_plus_frozen_pangenomefm,C+T: coordinate and frozen topology embedding; no nucleotide input,1.3402363499427965,0.4208745112438852,28840,13422,8392,all_test_chromosomes,all,8392,0.5,0.4208745112438852,0.5349692975560727,0.5416213004790857,0.4995233555767397,0.4997613365155131,0.998093422306959,0.666030534351145,0.6905858400182914,0.2487333403598499,0.0053633288104041,p0,exposure_matched,fold_e,314159,strict,strict,0.4995233555767397,13422,0.5,0.0832426009581714
coordinate_plus_frozen_sequence_fm_plus_frozen_pangenomefm,"C+S-FM+T: coordinate, frozen sequence-model, and topology embeddings",3.39879079983495,0.3583983388219606,28840,13422,8392,all_test_chromosomes,all,8392,0.5,0.3583983388219606,0.5383455951512222,0.5438037542734265,0.5,0.5,1.0,0.6666666666666666,0.690338688333955,0.2486072432227754,0.0068727256645004,p0,exposure_matched,fold_e,314159,strict,strict,0.5,13422,0.5,0.087607508546853
coordinate,"reference coordinate, node length, and constant orientation",1.2211344984209789,0.4380907834955222,28840,13422,8392,all_test_chromosomes,all,8392,0.5,0.4380907834955222,0.527747242823298,0.5327381693341358,0.4997616777883699,0.4998807820696233,0.9992850333651097,0.6664017800381437,0.6914425521615792,0.2491555126500514,0.0035118130742155,p0,exposure_matched,fold_e,42,1hop,1hop,0.4997616777883699,13422,0.5,0.0654763386682715
sequence_kmer,mono/di/tri-nucleotide composition; no graph adjacency,3.2965683687100285,0.3705793188268815,28840,13422,8392,all_test_chromosomes,all,8392,0.5,0.3705793188268815,0.5331116792878232,0.5346343807983684,0.4998808388941849,0.4999404123465618,0.99976167778837,0.6665607372686104,0.6920392299996647,0.2494358092653218,0.0026233904553526,p0,exposure_matched,fold_e,42,1hop,1hop,0.4998808388941849,13422,0.5,0.0692687615967369
frozen_sequence_fm,S-FM: frozen pretrained sequence-model embedding only; no graph adjacency,3.698218709724628,0.3917912526673133,28840,13422,8392,all_test_chromosomes,all,8392,0.5,0.3917912526673133,0.5339502940291767,0.5360278619953469,0.4998808388941849,0.4999404123465618,0.99976167778837,0.6665607372686104,0.6909235290575826,0.2488965339133804,0.0047696548396428,p0,exposure_matched,fold_e,42,1hop,1hop,0.4998808388941849,13422,0.5,0.0720557239906938
frozen_pangenomefm,frozen topology-pretrained node embedding; current encoder has no nucleotide input,1.4162030509651753,0.4256378718441325,28840,13422,8392,all_test_chromosomes,all,8392,0.5,0.4256378718441325,0.5339440179080172,0.5391077286884092,0.4997616777883699,0.499880810488677,0.9995233555767398,0.6664547910376609,0.6908167194529526,0.248842513790457,0.0018447530437255,p0,exposure_matched,fold_e,42,1hop,1hop,0.4997616777883699,13422,0.5,0.0782154573768183
coordinate_plus_frozen_sequence_fm,C+S-FM: coordinate and frozen sequence-model embedding,3.3944664063729104,0.3597284405102268,28840,13422,8392,all_test_chromosomes,all,8392,0.5,0.3597284405102268,0.5351381564538745,0.5398880859458985,0.5,0.5,1.0,0.6666666666666666,0.6906139370684283,0.2487441756320221,0.0038615869454315,p0,exposure_matched,fold_e,42,1hop,1hop,0.5,13422,0.5,0.079776171891797
coordinate_plus_frozen_pangenomefm,C+T: coordinate and frozen topology embedding; no nucleotide input,1.4254751942377522,0.4286446359769116,28840,13422,8392,all_test_chromosomes,all,8392,0.5,0.4286446359769116,0.5322832028960353,0.5390524158537463,0.4997616777883699,0.499880810488677,0.9995233555767398,0.6664547910376609,0.6908534968579645,0.2488622541492696,0.003357908469893,p0,exposure_matched,fold_e,42,1hop,1hop,0.4997616777883699,13422,0.5,0.0781048317074926
coordinate_plus_frozen_sequence_fm_plus_frozen_pangenomefm,"C+S-FM+T: coordinate, frozen sequence-model, and topology embeddings",3.412514274488139,0.3483078643016716,28840,13422,8392,all_test_chromosomes,all,8392,0.5,0.3483078643016716,0.5366586816987625,0.5413850980703462,0.5,0.5,1.0,0.6666666666666666,0.6904585567094467,0.2486673680393281,0.0070009269530597,p0,exposure_matched,fold_e,42,1hop,1hop,0.5,13422,0.5,0.0827701961406923
coordinate,"reference coordinate, node length, and constant orientation",1.2211344984209789,0.4380907834955222,28840,13422,8392,all_test_chromosomes,all,8392,0.5,0.4380907834955222,0.527747242823298,0.5327381693341358,0.4997616777883699,0.4998807820696233,0.9992850333651097,0.6664017800381437,0.6914425521615792,0.2491555126500514,0.0035118130742155,p0,exposure_matched,fold_e,42,strict,strict,0.4997616777883699,13422,0.5,0.0654763386682715
sequence_kmer,mono/di/tri-nucleotide composition; no graph adjacency,3.2965683687100285,0.3705793188268815,28840,13422,8392,all_test_chromosomes,all,8392,0.5,0.3705793188268815,0.5331116792878232,0.5346343807983684,0.4998808388941849,0.4999404123465618,0.99976167778837,0.6665607372686104,0.6920392299996647,0.2494358092653218,0.0026233904553526,p0,exposure_matched,fold_e,42,strict,strict,0.4998808388941849,13422,0.5,0.0692687615967369
frozen_sequence_fm,S-FM: frozen pretrained sequence-model embedding only; no graph adjacency,3.698218709724628,0.3917912526673133,28840,13422,8392,all_test_chromosomes,all,8392,0.5,0.3917912526673133,0.5339502940291767,0.5360278619953469,0.4998808388941849,0.4999404123465618,0.99976167778837,0.6665607372686104,0.6909235290575826,0.2488965339133804,0.0047696548396428,p0,exposure_matched,fold_e,42,strict,strict,0.4998808388941849,13422,0.5,0.0720557239906938
frozen_pangenomefm,frozen topology-pretrained node embedding; current encoder has no nucleotide input,1.4194173323839188,0.4095565152429098,28840,13422,8392,all_test_chromosomes,all,8392,0.5,0.4095565152429098,0.526193633048316,0.5364852600515915,0.5,0.5,1.0,0.6666666666666666,0.6911558798115036,0.2490144673094678,0.0054516158160656,p0,exposure_matched,fold_e,42,strict,strict,0.5,13422,0.5,0.0729705201031829
coordinate_plus_frozen_sequence_fm,C+S-FM: coordinate and frozen sequence-model embedding,3.3944664063729104,0.3597284405102268,28840,13422,8392,all_test_chromosomes,all,8392,0.5,0.3597284405102268,0.5351381564538745,0.5398880859458985,0.5,0.5,1.0,0.6666666666666666,0.6906139370684283,0.2487441756320221,0.0038615869454315,p0,exposure_matched,fold_e,42,strict,strict,0.5,13422,0.5,0.079776171891797
coordinate_plus_frozen_pangenomefm,C+T: coordinate and frozen topology embedding; no nucleotide input,1.3867285636522295,0.4114330126581156,28840,13422,8392,all_test_chromosomes,all,8392,0.5,0.4114330126581156,0.5232758046839289,0.5338208310535517,0.5,0.5,1.0,0.6666666666666666,0.6914030694031547,0.2491401141432825,0.0093132650387121,p0,exposure_matched,fold_e,42,strict,strict,0.5,13422,0.5,0.0676416621071034
coordinate_plus_frozen_sequence_fm_plus_frozen_pangenomefm,"C+S-FM+T: coordinate, frozen sequence-model, and topology embeddings",3.4041228824110443,0.3751064940791519,28840,13422,8392,all_test_chromosomes,all,8392,0.5,0.3751064940791519,0.533830053771307,0.5410923858010659,0.5,0.5,1.0,0.6666666666666666,0.6907007283034553,0.2487866853671687,0.0072794050890074,p0,exposure_matched,fold_e,42,strict,strict,0.5,13422,0.5,0.0821847716021317
