fold,seed,closure,feature_set,auprc,auroc,normalized_ap,balanced_accuracy,f1,precision,recall,n_tissues
fold_a,42,1hop,coordinate,0.46190967845315917,0.5061524141250642,0.01570329471615532,0.4999084764269278,0.6228018690353212,0.45327831753914055,0.995136266433413,5
fold_a,42,1hop,coordinate_plus_frozen_pangenomefm,0.48831953009052576,0.5405113018258675,0.06378584731640606,0.5017013840993056,0.6226390239723208,0.4542109172415857,0.9896316551653666,5
fold_a,42,1hop,coordinate_plus_frozen_sequence_fm,0.5845460663448826,0.6536456768661265,0.23953140001107184,0.5700410365963469,0.6413330415961521,0.4971068177400923,0.9062570108840349,5
fold_a,42,1hop,coordinate_plus_frozen_sequence_fm_plus_frozen_pangenomefm,0.5871005426262772,0.6538684970317956,0.24421339317537,0.5713159406375949,0.6407625805192259,0.4979889044650159,0.9009603368974137,5
fold_a,42,1hop,frozen_pangenomefm,0.48631857938108347,0.5404922820556863,0.0602241832270339,0.5027119545046406,0.6230978237278972,0.45474472520279435,0.9894082329523874,5
fold_a,42,1hop,frozen_sequence_fm,0.5823142055515724,0.6512990642625404,0.23542431416292314,0.5711222299697625,0.6405634715946908,0.49789940619687945,0.90006769517761,5
fold_a,42,1hop,sequence_kmer,0.5564714835196185,0.6293284735797806,0.18810803705742057,0.5435160643238192,0.6323729430029682,0.4779561176294931,0.9351358603834674,5
fold_a,42,strict,coordinate,0.46190967845315917,0.5061524141250642,0.01570329471615532,0.4999084764269278,0.6228018690353212,0.45327831753914055,0.995136266433413,5
fold_a,42,strict,coordinate_plus_frozen_pangenomefm,0.4683241360293569,0.5189280818494316,0.0271407958525074,0.5003842006863379,0.623789955320139,0.45351339263551765,0.9993382401097908,5
fold_a,42,strict,coordinate_plus_frozen_sequence_fm,0.5845460663448826,0.6536456768661265,0.23953140001107184,0.5700410365963469,0.6413330415961521,0.4971068177400923,0.9062570108840349,5
fold_a,42,strict,coordinate_plus_frozen_sequence_fm_plus_frozen_pangenomefm,0.583927426053996,0.6520011510178526,0.23841209709608036,0.5750067688498863,0.6413751836332147,0.5009637465796051,0.8938667156756857,5
fold_a,42,strict,frozen_pangenomefm,0.4651190365282334,0.5164261929669689,0.02132560386029058,0.5009017576863903,0.6237824307139049,0.4537712244109282,0.9979225588254005,5
fold_a,42,strict,frozen_sequence_fm,0.5823142055515724,0.6512990642625404,0.23542431416292314,0.5711222299697625,0.6405634715946908,0.49789940619687945,0.90006769517761,5
fold_a,42,strict,sequence_kmer,0.5564714835196185,0.6293284735797806,0.18810803705742057,0.5435160643238192,0.6323729430029682,0.4779561176294931,0.9351358603834674,5
fold_a,314159,1hop,coordinate,0.46190967845315917,0.5061524141250642,0.01570329471615532,0.4999084764269278,0.6228018690353212,0.45327831753914055,0.995136266433413,5
fold_a,314159,1hop,coordinate_plus_frozen_pangenomefm,0.4719027479442824,0.5258578334427554,0.03372104526172676,0.5004676622655209,0.6230607588250907,0.4535557470962517,0.9952884205735588,5
fold_a,314159,1hop,coordinate_plus_frozen_sequence_fm,0.5845460663448826,0.6536456768661265,0.23953140001107184,0.5700410365963469,0.6413330415961521,0.4971068177400923,0.9062570108840349,5
fold_a,314159,1hop,coordinate_plus_frozen_sequence_fm_plus_frozen_pangenomefm,0.5851323329307394,0.651914195080874,0.24059055001556046,0.5740583498587484,0.6413456885462949,0.4992867557528065,0.8976027703897259,5
fold_a,314159,1hop,frozen_pangenomefm,0.47321388393805225,0.5261434813070809,0.03616761248199852,0.5010709039388954,0.6231971086906836,0.4538603660021471,0.9945683054460875,5
fold_a,314159,1hop,frozen_sequence_fm,0.5823142055515724,0.6512990642625404,0.23542431416292314,0.5711222299697625,0.6405634715946908,0.49789940619687945,0.90006769517761,5
fold_a,314159,1hop,sequence_kmer,0.5564714835196185,0.6293284735797806,0.18810803705742057,0.5435160643238192,0.6323729430029682,0.4779561176294931,0.9351358603834674,5
fold_a,314159,strict,coordinate,0.46190967845315917,0.5061524141250642,0.01570329471615532,0.4999084764269278,0.6228018690353212,0.45327831753914055,0.995136266433413,5
fold_a,314159,strict,coordinate_plus_frozen_pangenomefm,0.4694698951219946,0.5201676629490776,0.02926670317436202,0.5004213621019402,0.6236844531793372,0.45353257321132706,0.9985877632898695,5
fold_a,314159,strict,coordinate_plus_frozen_sequence_fm,0.5845460663448826,0.6536456768661265,0.23953140001107184,0.5700410365963469,0.6413330415961521,0.4971068177400923,0.9062570108840349,5
fold_a,314159,strict,coordinate_plus_frozen_sequence_fm_plus_frozen_pangenomefm,0.5832947293931441,0.651915377886878,0.23722979379627596,0.5793062204975115,0.6413192194749676,0.5043196928044218,0.8831536197900476,5
fold_a,314159,strict,frozen_pangenomefm,0.4667121451284112,0.5189392797560237,0.024353911267007,0.5000302047927485,0.6237218238941337,0.45333913996189096,0.9998400368474651,5
fold_a,314159,strict,frozen_sequence_fm,0.5823142055515724,0.6512990642625404,0.23542431416292314,0.5711222299697625,0.6405634715946908,0.49789940619687945,0.90006769517761,5
fold_a,314159,strict,sequence_kmer,0.5564714835196185,0.6293284735797806,0.18810803705742057,0.5435160643238192,0.6323729430029682,0.4779561176294931,0.9351358603834674,5
fold_a,20260806,1hop,coordinate,0.46190967845315917,0.5061524141250642,0.01570329471615532,0.4999084764269278,0.6228018690353212,0.45327831753914055,0.995136266433413,5
fold_a,20260806,1hop,coordinate_plus_frozen_pangenomefm,0.4809938661841849,0.5344585368322529,0.05046281311735856,0.5013689362059719,0.6227259832184056,0.45403081633748615,0.9909529588661463,5
fold_a,20260806,1hop,coordinate_plus_frozen_sequence_fm,0.5845460663448826,0.6536456768661265,0.23953140001107184,0.5700410365963469,0.6413330415961521,0.4971068177400923,0.9062570108840349,5
fold_a,20260806,1hop,coordinate_plus_frozen_sequence_fm_plus_frozen_pangenomefm,0.5871372216070829,0.6538834769906603,0.24434212398307595,0.5709704673644675,0.6402368761878336,0.4981502845200204,0.898723543847036,5
fold_a,20260806,1hop,frozen_pangenomefm,0.4820610702431318,0.5342932051111825,0.05246786483698436,0.5014557946330763,0.6232630357329139,0.4540662697830017,0.9935688029596375,5
fold_a,20260806,1hop,frozen_sequence_fm,0.5823142055515724,0.6512990642625404,0.23542431416292314,0.5711222299697625,0.6405634715946908,0.49789940619687945,0.90006769517761,5
fold_a,20260806,1hop,sequence_kmer,0.5564714835196185,0.6293284735797806,0.18810803705742057,0.5435160643238192,0.6323729430029682,0.4779561176294931,0.9351358603834674,5
fold_a,20260806,strict,coordinate,0.46190967845315917,0.5061524141250642,0.01570329471615532,0.4999084764269278,0.6228018690353212,0.45327831753914055,0.995136266433413,5
fold_a,20260806,strict,coordinate_plus_frozen_pangenomefm,0.47012445631391,0.523950656757126,0.030357267030463563,0.5007268955485313,0.6238425073812426,0.45368370895678234,0.9986621084525963,5
fold_a,20260806,strict,coordinate_plus_frozen_sequence_fm,0.5845460663448826,0.6536456768661265,0.23953140001107184,0.5700410365963469,0.6413330415961521,0.4971068177400923,0.9062570108840349,5
fold_a,20260806,strict,coordinate_plus_frozen_sequence_fm_plus_frozen_pangenomefm,0.5843577693584607,0.6524416138371733,0.23917877682973723,0.571082603720968,0.6402774974928879,0.49769865864218216,0.8992364628343275,5
fold_a,20260806,strict,frozen_pangenomefm,0.46704418280368926,0.5210511500184655,0.02481409452297652,0.5001981603388466,0.6237388449952742,0.4534213720059682,0.9995028206485108,5
fold_a,20260806,strict,frozen_sequence_fm,0.5823142055515724,0.6512990642625404,0.23542431416292314,0.5711222299697625,0.6405634715946908,0.49789940619687945,0.90006769517761,5
fold_a,20260806,strict,sequence_kmer,0.5564714835196185,0.6293284735797806,0.18810803705742057,0.5435160643238192,0.6323729430029682,0.4779561176294931,0.9351358603834674,5
fold_b,42,1hop,coordinate,0.44870851256780864,0.5156300857087386,0.00942771160254616,0.5007188217750383,0.6130433604465743,0.4434877442582913,0.9935154853231231,5
fold_b,42,1hop,coordinate_plus_frozen_pangenomefm,0.46420993839425756,0.5292088771902731,0.0376869141333991,0.49994697378915565,0.6138365152790006,0.4431045672515375,0.9998092375531998,5
fold_b,42,1hop,coordinate_plus_frozen_sequence_fm,0.5774721777086288,0.6517825373535565,0.24056805903110812,0.5652935716810378,0.6291339977493047,0.48281045276441475,0.9037672267497164,5
fold_b,42,1hop,coordinate_plus_frozen_sequence_fm_plus_frozen_pangenomefm,0.5785437226045858,0.653193654319656,0.24257596755802843,0.5643088540849517,0.6292414579343157,0.4817554873508431,0.9073508364775863,5
fold_b,42,1hop,frozen_pangenomefm,0.4666393578973744,0.5296000079819148,0.042146000261862604,0.499998663954453,0.6138958356743534,0.4431303956605978,0.999983558491586,5
fold_b,42,1hop,frozen_sequence_fm,0.5779006339098337,0.6510755327622029,0.24137493830110449,0.5667999970459127,0.6282975908882317,0.4844295212199878,0.8956916874179722,5
fold_b,42,1hop,sequence_kmer,0.5583620040222608,0.6295066630720084,0.20625824125007391,0.542760752983049,0.6217443943776255,0.468541592325619,0.9256402566365706,5
fold_b,42,strict,coordinate,0.44870851256780864,0.5156300857087386,0.00942771160254616,0.5007188217750383,0.6130433604465743,0.4434877442582913,0.9935154853231231,5
fold_b,42,strict,coordinate_plus_frozen_pangenomefm,0.46603236593343667,0.5332681323685607,0.04074035813984498,0.500424543917292,0.6137839888274501,0.44334168745710356,0.9984006746577521,5
fold_b,42,strict,coordinate_plus_frozen_sequence_fm,0.5774721777086288,0.6517825373535565,0.24056805903110812,0.5652935716810378,0.6291339977493047,0.48281045276441475,0.9037672267497164,5
fold_b,42,strict,coordinate_plus_frozen_sequence_fm_plus_frozen_pangenomefm,0.578006186264348,0.6523625266669728,0.2415719382402258,0.5608898606549636,0.6289213551845544,0.4797949764895287,0.9137526129273119,5
fold_b,42,strict,frozen_pangenomefm,0.46772677443906296,0.5330451763848816,0.04396632571435274,0.5001888246477497,0.6138632439470365,0.44322428294109767,0.9993284673257798,5
fold_b,42,strict,frozen_sequence_fm,0.5779006339098337,0.6510755327622029,0.24137493830110449,0.5667999970459127,0.6282975908882317,0.4844295212199878,0.8956916874179722,5
fold_b,42,strict,sequence_kmer,0.5583620040222608,0.6295066630720084,0.20625824125007391,0.542760752983049,0.6217443943776255,0.468541592325619,0.9256402566365706,5
fold_b,314159,1hop,coordinate,0.44870851256780864,0.5156300857087386,0.00942771160254616,0.5007188217750383,0.6130433604465743,0.4434877442582913,0.9935154853231231,5
fold_b,314159,1hop,coordinate_plus_frozen_pangenomefm,0.45594108643115705,0.5224454151622926,0.022530838506028238,0.5000487395520866,0.613917217888172,0.44315513800005074,0.999969156279651,5
fold_b,314159,1hop,coordinate_plus_frozen_sequence_fm,0.5774721777086288,0.6517825373535565,0.24056805903110812,0.5652935716810378,0.6291339977493047,0.48281045276441475,0.9037672267497164,5
fold_b,314159,1hop,coordinate_plus_frozen_sequence_fm_plus_frozen_pangenomefm,0.5771029010341147,0.6526531385108212,0.23991398372792644,0.5634131338958921,0.6288991342069357,0.4810192789117905,0.9086657647059146,5
fold_b,314159,1hop,frozen_pangenomefm,0.4590055680516304,0.5267102176732894,0.028189854952209402,0.5004289785250114,0.6140653168585566,0.4433401369700021,0.9997565823810126,5
fold_b,314159,1hop,frozen_sequence_fm,0.5779006339098337,0.6510755327622029,0.24137493830110449,0.5667999970459127,0.6282975908882317,0.4844295212199878,0.8956916874179722,5
fold_b,314159,1hop,sequence_kmer,0.5583620040222608,0.6295066630720084,0.20625824125007391,0.542760752983049,0.6217443943776255,0.468541592325619,0.9256402566365706,5
fold_b,314159,strict,coordinate,0.44870851256780864,0.5156300857087386,0.00942771160254616,0.5007188217750383,0.6130433604465743,0.4434877442582913,0.9935154853231231,5
fold_b,314159,strict,coordinate_plus_frozen_pangenomefm,0.45310174682582993,0.5204619227129499,0.01747090719151604,0.5003431894661656,0.6131651284271333,0.44329858847598025,0.9950888231323809,5
fold_b,314159,strict,coordinate_plus_frozen_sequence_fm,0.5774721777086288,0.6517825373535565,0.24056805903110812,0.5652935716810378,0.6291339977493047,0.48281045276441475,0.9037672267497164,5
fold_b,314159,strict,coordinate_plus_frozen_sequence_fm_plus_frozen_pangenomefm,0.5764722948364331,0.6512199119233517,0.23877725413542264,0.5639599092922101,0.629164847663988,0.4817180389852121,0.9073436223323323,5
fold_b,314159,strict,frozen_pangenomefm,0.4550194269310093,0.5231700720858358,0.02103407549078442,0.5017212712719787,0.6130643502311386,0.4440137917900768,0.9905364415123925,5
fold_b,314159,strict,frozen_sequence_fm,0.5779006339098337,0.6510755327622029,0.24137493830110449,0.5667999970459127,0.6282975908882317,0.4844295212199878,0.8956916874179722,5
fold_b,314159,strict,sequence_kmer,0.5583620040222608,0.6295066630720084,0.20625824125007391,0.542760752983049,0.6217443943776255,0.468541592325619,0.9256402566365706,5
fold_b,20260806,1hop,coordinate,0.44870851256780864,0.5156300857087386,0.00942771160254616,0.5007188217750383,0.6130433604465743,0.4434877442582913,0.9935154853231231,5
fold_b,20260806,1hop,coordinate_plus_frozen_pangenomefm,0.4658182868277895,0.5344018009130591,0.0405003031168624,0.5000197560090383,0.6135993400117312,0.44314025451110606,0.998464355010326,5
fold_b,20260806,1hop,coordinate_plus_frozen_sequence_fm,0.5774721777086288,0.6517825373535565,0.24056805903110812,0.5652935716810378,0.6291339977493047,0.48281045276441475,0.9037672267497164,5
fold_b,20260806,1hop,coordinate_plus_frozen_sequence_fm_plus_frozen_pangenomefm,0.5790618080214923,0.6522959585802132,0.24345098912027904,0.5647838926075163,0.6293144786468899,0.4825493204109743,0.9052329158051062,5
fold_b,20260806,1hop,frozen_pangenomefm,0.46925600261708195,0.5367599774562523,0.046829810442432916,0.5001332999157089,0.6134902842916831,0.443197832435103,0.9976244184224417,5
fold_b,20260806,1hop,frozen_sequence_fm,0.5779006339098337,0.6510755327622029,0.24137493830110449,0.5667999970459127,0.6282975908882317,0.4844295212199878,0.8956916874179722,5
fold_b,20260806,1hop,sequence_kmer,0.5583620040222608,0.6295066630720084,0.20625824125007391,0.542760752983049,0.6217443943776255,0.468541592325619,0.9256402566365706,5
fold_b,20260806,strict,coordinate,0.44870851256780864,0.5156300857087386,0.00942771160254616,0.5007188217750383,0.6130433604465743,0.4434877442582913,0.9935154853231231,5
fold_b,20260806,strict,coordinate_plus_frozen_pangenomefm,0.4706418000065803,0.5361552640520192,0.04883942643667264,0.4998948461843253,0.6137488821757937,0.443078557766823,0.9995014333790353,5
fold_b,20260806,strict,coordinate_plus_frozen_sequence_fm,0.5774721777086288,0.6517825373535565,0.24056805903110812,0.5652935716810378,0.6291339977493047,0.48281045276441475,0.9037672267497164,5
fold_b,20260806,strict,coordinate_plus_frozen_sequence_fm_plus_frozen_pangenomefm,0.5765579040067188,0.6522674805332149,0.23886195070412325,0.561837967943251,0.6289927525461984,0.47964250890527876,0.9138218813594209,5
fold_b,20260806,strict,frozen_pangenomefm,0.4671002131239481,0.5324058681904017,0.04269611018424936,0.500013791031811,0.6138856837205798,0.4431379279236686,0.9998904106015791,5
fold_b,20260806,strict,frozen_sequence_fm,0.5779006339098337,0.6510755327622029,0.24137493830110449,0.5667999970459127,0.6282975908882317,0.4844295212199878,0.8956916874179722,5
fold_b,20260806,strict,sequence_kmer,0.5583620040222608,0.6295066630720084,0.20625824125007391,0.542760752983049,0.6217443943776255,0.468541592325619,0.9256402566365706,5
fold_c,42,1hop,coordinate,0.40461673705474316,0.512878523027962,0.015870063993725942,0.5001097746436939,0.565684596016806,0.39518995136224333,0.9997345684329104,5
fold_c,42,1hop,coordinate_plus_frozen_pangenomefm,0.39285569951804716,0.4999813681833093,-0.00437251637949832,0.5019832333167413,0.5616192221298971,0.3961976297509622,0.9655935394584002,5
fold_c,42,1hop,coordinate_plus_frozen_sequence_fm,0.522447112069601,0.6481471790881472,0.20935118066758393,0.596794337709726,0.5881438163654421,0.46518812525271824,0.8018807848747237,5
fold_c,42,1hop,coordinate_plus_frozen_sequence_fm_plus_frozen_pangenomefm,0.5162489401258675,0.6448165298586492,0.19904119912200854,0.5989192889869503,0.5845701783226291,0.46842560808680594,0.7800189762671659,5
fold_c,42,1hop,frozen_pangenomefm,0.39163056064675705,0.4964573494081447,-0.0063296106469816395,0.4995312586839461,0.5626443351713588,0.39490986965655556,0.9817916362169392,5
fold_c,42,1hop,frozen_sequence_fm,0.5230170871689291,0.6465755608156939,0.21027251331107646,0.5951904874120308,0.5857378239923594,0.4658371789673576,0.7922047188292739,5
fold_c,42,1hop,sequence_kmer,0.49042765751623146,0.6134694716409792,0.1565726972611446,0.5569238336006046,0.5746512921780962,0.4333619123254933,0.8577076393611053,5
fold_c,42,strict,coordinate,0.40461673705474316,0.512878523027962,0.015870063993725942,0.5001097746436939,0.565684596016806,0.39518995136224333,0.9997345684329104,5
fold_c,42,strict,coordinate_plus_frozen_pangenomefm,0.4049838340702447,0.5183522958636196,0.016014327709865002,0.49995026619388644,0.564837953084241,0.39511689412358963,0.9949511170972845,5
fold_c,42,strict,coordinate_plus_frozen_sequence_fm,0.522447112069601,0.6481471790881472,0.20935118066758393,0.596794337709726,0.5881438163654421,0.46518812525271824,0.8018807848747237,5
fold_c,42,strict,coordinate_plus_frozen_sequence_fm_plus_frozen_pangenomefm,0.5234422456232833,0.6488595812781935,0.21115268060345108,0.5958339950517222,0.5884829175516264,0.4657139113693221,0.8032409092757404,5
fold_c,42,strict,frozen_pangenomefm,0.4036984376500509,0.516575875850261,0.01388968965251918,0.4999995391830082,0.5648757211106364,0.39513884716910636,0.9948938108716486,5
fold_c,42,strict,frozen_sequence_fm,0.5230170871689291,0.6465755608156939,0.21027251331107646,0.5951904874120308,0.5857378239923594,0.4658371789673576,0.7922047188292739,5
fold_c,42,strict,sequence_kmer,0.49042765751623146,0.6134694716409792,0.1565726972611446,0.5569238336006046,0.5746512921780962,0.4333619123254933,0.8577076393611053,5
fold_c,314159,1hop,coordinate,0.40461673705474316,0.512878523027962,0.015870063993725942,0.5001097746436939,0.565684596016806,0.39518995136224333,0.9997345684329104,5
fold_c,314159,1hop,coordinate_plus_frozen_pangenomefm,0.39810617846514695,0.5071971519451071,0.00418732224707326,0.5034169245128313,0.5645682039502319,0.3967875878893766,0.9816715090335928,5
fold_c,314159,1hop,coordinate_plus_frozen_sequence_fm,0.522447112069601,0.6481471790881472,0.20935118066758393,0.596794337709726,0.5881438163654421,0.46518812525271824,0.8018807848747237,5
fold_c,314159,1hop,coordinate_plus_frozen_sequence_fm_plus_frozen_pangenomefm,0.5215565033591585,0.6474782484002588,0.207731020616094,0.5960410704910053,0.5891735517161061,0.4658812525759908,0.805542156429895,5
fold_c,314159,1hop,frozen_pangenomefm,0.39665629317415857,0.5042047008305478,0.00176869275574214,0.5032002343263815,0.5643303457157621,0.3966929497857211,0.9806685014180777,5
fold_c,314159,1hop,frozen_sequence_fm,0.5230170871689291,0.6465755608156939,0.21027251331107646,0.5951904874120308,0.5857378239923594,0.4658371789673576,0.7922047188292739,5
fold_c,314159,1hop,sequence_kmer,0.49042765751623146,0.6134694716409792,0.1565726972611446,0.5569238336006046,0.5746512921780962,0.4333619123254933,0.8577076393611053,5
fold_c,314159,strict,coordinate,0.40461673705474316,0.512878523027962,0.015870063993725942,0.5001097746436939,0.565684596016806,0.39518995136224333,0.9997345684329104,5
fold_c,314159,strict,coordinate_plus_frozen_pangenomefm,0.41151883861715965,0.5217805720588725,0.027143025609205278,0.5002012155652563,0.5635644082299078,0.39521965347960647,0.9852249741120367,5
fold_c,314159,strict,coordinate_plus_frozen_sequence_fm,0.522447112069601,0.6481471790881472,0.20935118066758393,0.596794337709726,0.5881438163654421,0.46518812525271824,0.8018807848747237,5
fold_c,314159,strict,coordinate_plus_frozen_sequence_fm_plus_frozen_pangenomefm,0.5233821479715897,0.647644809731279,0.21096952735595265,0.5935792682664942,0.5866624691815518,0.46145129448229605,0.8065152934427433,5
fold_c,314159,strict,frozen_pangenomefm,0.40832366721643937,0.518968211859536,0.02203496798470106,0.49980921211435064,0.5650036722037373,0.3950466796412982,0.9965534749353999,5
fold_c,314159,strict,frozen_sequence_fm,0.5230170871689291,0.6465755608156939,0.21027251331107646,0.5951904874120308,0.5857378239923594,0.4658371789673576,0.7922047188292739,5
fold_c,314159,strict,sequence_kmer,0.49042765751623146,0.6134694716409792,0.1565726972611446,0.5569238336006046,0.5746512921780962,0.4333619123254933,0.8577076393611053,5
fold_c,20260806,1hop,coordinate,0.40461673705474316,0.512878523027962,0.015870063993725942,0.5001097746436939,0.565684596016806,0.39518995136224333,0.9997345684329104,5
fold_c,20260806,1hop,coordinate_plus_frozen_pangenomefm,0.3922776466154733,0.5008110918176556,-0.00499057329212726,0.5021377792725568,0.5600113149121124,0.3962619820983694,0.9556060057523442,5
fold_c,20260806,1hop,coordinate_plus_frozen_sequence_fm,0.522447112069601,0.6481471790881472,0.20935118066758393,0.596794337709726,0.5881438163654421,0.46518812525271824,0.8018807848747237,5
fold_c,20260806,1hop,coordinate_plus_frozen_sequence_fm_plus_frozen_pangenomefm,0.5188444910469763,0.6463489904654913,0.20327212912313514,0.6013822699782561,0.5838390531276347,0.4731082941759272,0.7643984912079685,5
fold_c,20260806,1hop,frozen_pangenomefm,0.38967979310663836,0.49781813463376406,-0.00921014769180686,0.5026294619928109,0.5582044354886226,0.39651244943292757,0.9432549090528817,5
fold_c,20260806,1hop,frozen_sequence_fm,0.5230170871689291,0.6465755608156939,0.21027251331107646,0.5951904874120308,0.5857378239923594,0.4658371789673576,0.7922047188292739,5
fold_c,20260806,1hop,sequence_kmer,0.49042765751623146,0.6134694716409792,0.1565726972611446,0.5569238336006046,0.5746512921780962,0.4333619123254933,0.8577076393611053,5
fold_c,20260806,strict,coordinate,0.40461673705474316,0.512878523027962,0.015870063993725942,0.5001097746436939,0.565684596016806,0.39518995136224333,0.9997345684329104,5
fold_c,20260806,strict,coordinate_plus_frozen_pangenomefm,0.4121240571495508,0.5261353849882809,0.02780302028881116,0.5009950769746603,0.5653417188114085,0.3956007489182802,0.9940908206782841,5
fold_c,20260806,strict,coordinate_plus_frozen_sequence_fm,0.522447112069601,0.6481471790881472,0.20935118066758393,0.596794337709726,0.5881438163654421,0.46518812525271824,0.8018807848747237,5
fold_c,20260806,strict,coordinate_plus_frozen_sequence_fm_plus_frozen_pangenomefm,0.5248241802119101,0.6501670198804604,0.21333392650772903,0.5946570419937256,0.5920652692314256,0.4621566105524536,0.8272439697546992,5
fold_c,20260806,strict,frozen_pangenomefm,0.40959168130968066,0.5233783536874947,0.02371859263221306,0.500491384177035,0.5654249304406391,0.3953732659799338,0.9968427098790938,5
fold_c,20260806,strict,frozen_sequence_fm,0.5230170871689291,0.6465755608156939,0.21027251331107646,0.5951904874120308,0.5857378239923594,0.4658371789673576,0.7922047188292739,5
fold_c,20260806,strict,sequence_kmer,0.49042765751623146,0.6134694716409792,0.1565726972611446,0.5569238336006046,0.5746512921780962,0.4333619123254933,0.8577076393611053,5
fold_d,42,1hop,coordinate,0.4547929674986112,0.5150492479808364,0.02770089017220766,0.500214118762302,0.609841740349521,0.43918176395791547,0.9989100982100348,5
fold_d,42,1hop,coordinate_plus_frozen_pangenomefm,0.4808544745701295,0.5426293598882227,0.07383583771963662,0.5009679493308108,0.6100919216863774,0.43954982813376714,0.9981861952948149,5
fold_d,42,1hop,coordinate_plus_frozen_sequence_fm,0.5931489672819745,0.6736100916315447,0.2735231157008203,0.5920860077133066,0.637708238791497,0.498840622021106,0.8848907748264623,5
fold_d,42,1hop,coordinate_plus_frozen_sequence_fm_plus_frozen_pangenomefm,0.5955370446035907,0.6751139987054118,0.2777789411475919,0.5855943950052291,0.6351301415910633,0.49508967502165346,0.8883038199241649,5
fold_d,42,1hop,frozen_pangenomefm,0.4781938974995204,0.5442771363674545,0.0693211796676511,0.5010536787478126,0.610003050638561,0.439595621786628,0.9975333071096417,5
fold_d,42,1hop,frozen_sequence_fm,0.590292277150006,0.6711028074102506,0.2683879782046201,0.5823665985894819,0.6350377540370609,0.49102883158744487,0.8999022909888877,5
fold_d,42,1hop,sequence_kmer,0.5637354348518615,0.6406396089359705,0.2207883676513492,0.5562764925366445,0.6233681090181141,0.47330602803785365,0.9143418897939753,5
fold_d,42,strict,coordinate,0.4547929674986112,0.5150492479808364,0.02770089017220766,0.500214118762302,0.609841740349521,0.43918176395791547,0.9989100982100348,5
fold_d,42,strict,coordinate_plus_frozen_pangenomefm,0.48578850910344745,0.5471787958686157,0.08257124402261978,0.5007395617377001,0.6097744970129562,0.4394447348305063,0.9973120183897966,5
fold_d,42,strict,coordinate_plus_frozen_sequence_fm,0.5931489672819745,0.6736100916315447,0.2735231157008203,0.5920860077133066,0.637708238791497,0.498840622021106,0.8848907748264623,5
fold_d,42,strict,coordinate_plus_frozen_sequence_fm_plus_frozen_pangenomefm,0.5928172297940357,0.6733548632771067,0.2729107516019609,0.5834740961424675,0.6350122170314034,0.4924374861100002,0.8957957033818957,5
fold_d,42,strict,frozen_pangenomefm,0.4766839738799689,0.5450082858733118,0.06681048835461831,0.5010632920312881,0.6097820569617394,0.43960285699026985,0.9963516122197145,5
fold_d,42,strict,frozen_sequence_fm,0.590292277150006,0.6711028074102506,0.2683879782046201,0.5823665985894819,0.6350377540370609,0.49102883158744487,0.8999022909888877,5
fold_d,42,strict,sequence_kmer,0.5637354348518615,0.6406396089359705,0.2207883676513492,0.5562764925366445,0.6233681090181141,0.47330602803785365,0.9143418897939753,5
fold_d,314159,1hop,coordinate,0.4547929674986112,0.5150492479808364,0.02770089017220766,0.500214118762302,0.609841740349521,0.43918176395791547,0.9989100982100348,5
fold_d,314159,1hop,coordinate_plus_frozen_pangenomefm,0.48534091501242005,0.5559876425827457,0.08170472256911729,0.5003039246717073,0.6094849537860643,0.4392271071550926,0.9966034178663457,5
fold_d,314159,1hop,coordinate_plus_frozen_sequence_fm,0.5931489672819745,0.6736100916315447,0.2735231157008203,0.5920860077133066,0.637708238791497,0.498840622021106,0.8848907748264623,5
fold_d,314159,1hop,coordinate_plus_frozen_sequence_fm_plus_frozen_pangenomefm,0.5947109376899415,0.6765577631201432,0.27625995012587834,0.5927807440159182,0.6380680848780301,0.49915820136290207,0.8850663203021861,5
fold_d,314159,1hop,frozen_pangenomefm,0.48459879931497546,0.5564474359848349,0.08065721270513693,0.5000980018510355,0.6093801056569891,0.43912633044026916,0.9965298665678681,5
fold_d,314159,1hop,frozen_sequence_fm,0.590292277150006,0.6711028074102506,0.2683879782046201,0.5823665985894819,0.6350377540370609,0.49102883158744487,0.8999022909888877,5
fold_d,314159,1hop,sequence_kmer,0.5637354348518615,0.6406396089359705,0.2207883676513492,0.5562764925366445,0.6233681090181141,0.47330602803785365,0.9143418897939753,5
fold_d,314159,strict,coordinate,0.4547929674986112,0.5150492479808364,0.02770089017220766,0.500214118762302,0.609841740349521,0.43918176395791547,0.9989100982100348,5
fold_d,314159,strict,coordinate_plus_frozen_pangenomefm,0.48292742092084817,0.5515920779184901,0.07791346440642125,0.5000504932528214,0.6098310369478963,0.4391004572207173,0.9993103186262827,5
fold_d,314159,strict,coordinate_plus_frozen_sequence_fm,0.5931489672819745,0.6736100916315447,0.2735231157008203,0.5920860077133066,0.637708238791497,0.498840622021106,0.8848907748264623,5
fold_d,314159,strict,coordinate_plus_frozen_sequence_fm_plus_frozen_pangenomefm,0.5960689826766423,0.6752780520835973,0.2786921847114369,0.5910143777726452,0.6376156604074718,0.49853842576964863,0.8864889418399564,5
fold_d,314159,strict,frozen_pangenomefm,0.4785020601995173,0.5497724157053769,0.0703655963494882,0.5002054835334533,0.6099399736393137,0.4391757924247557,0.9994620917079426,5
fold_d,314159,strict,frozen_sequence_fm,0.590292277150006,0.6711028074102506,0.2683879782046201,0.5823665985894819,0.6350377540370609,0.49102883158744487,0.8999022909888877,5
fold_d,314159,strict,sequence_kmer,0.5637354348518615,0.6406396089359705,0.2207883676513492,0.5562764925366445,0.6233681090181141,0.47330602803785365,0.9143418897939753,5
fold_d,20260806,1hop,coordinate,0.4547929674986112,0.5150492479808364,0.02770089017220766,0.500214118762302,0.609841740349521,0.43918176395791547,0.9989100982100348,5
fold_d,20260806,1hop,coordinate_plus_frozen_pangenomefm,0.4830776063535186,0.5522044002572324,0.07763785584802106,0.5002333826050184,0.6095579083769804,0.43919559475720227,0.9973052797582789,5
fold_d,20260806,1hop,coordinate_plus_frozen_sequence_fm,0.5931489672819745,0.6736100916315447,0.2735231157008203,0.5920860077133066,0.637708238791497,0.498840622021106,0.8848907748264623,5
fold_d,20260806,1hop,coordinate_plus_frozen_sequence_fm_plus_frozen_pangenomefm,0.5956835467089487,0.6751940201826503,0.27805755864124604,0.5840045292090871,0.6365499374783242,0.49127216761770276,0.9042353106100223,5
fold_d,20260806,1hop,frozen_pangenomefm,0.48137875827872856,0.5536908149306657,0.07483583757709142,0.5000140761048936,0.6094380586262146,0.4390855035185404,0.9972231922248722,5
fold_d,20260806,1hop,frozen_sequence_fm,0.590292277150006,0.6711028074102506,0.2683879782046201,0.5823665985894819,0.6350377540370609,0.49102883158744487,0.8999022909888877,5
fold_d,20260806,1hop,sequence_kmer,0.5637354348518615,0.6406396089359705,0.2207883676513492,0.5562764925366445,0.6233681090181141,0.47330602803785365,0.9143418897939753,5
fold_d,20260806,strict,coordinate,0.4547929674986112,0.5150492479808364,0.02770089017220766,0.500214118762302,0.609841740349521,0.43918176395791547,0.9989100982100348,5
fold_d,20260806,strict,coordinate_plus_frozen_pangenomefm,0.47221685955331044,0.5413495875940233,0.05849058186282352,0.500312054543188,0.6099927982928021,0.43923120542023286,0.9995387328720662,5
fold_d,20260806,strict,coordinate_plus_frozen_sequence_fm,0.5931489672819745,0.6736100916315447,0.2735231157008203,0.5920860077133066,0.637708238791497,0.498840622021106,0.8848907748264623,5
fold_d,20260806,strict,coordinate_plus_frozen_sequence_fm_plus_frozen_pangenomefm,0.5925909408183179,0.6735454079912797,0.2725104140577582,0.5915093826620507,0.6367483384582585,0.4984291705989081,0.8823308792590074,5
fold_d,20260806,strict,frozen_pangenomefm,0.4626976193627913,0.5376502719242854,0.04197049992604638,0.500485077017601,0.6097646381943542,0.4393167732033908,0.997813115356975,5
fold_d,20260806,strict,frozen_sequence_fm,0.590292277150006,0.6711028074102506,0.2683879782046201,0.5823665985894819,0.6350377540370609,0.49102883158744487,0.8999022909888877,5
fold_d,20260806,strict,sequence_kmer,0.5637354348518615,0.6406396089359705,0.2207883676513492,0.5562764925366445,0.6233681090181141,0.47330602803785365,0.9143418897939753,5
fold_e,42,1hop,coordinate,0.4193011069908234,0.4809160004482168,-0.03559617454501762,0.5000872218412326,0.6100228464667365,0.43930131469973716,0.9997092665930392,5
fold_e,42,1hop,coordinate_plus_frozen_pangenomefm,0.44963081976994734,0.5149270106573347,0.01834656088349458,0.5,0.6100400384000056,0.439258592808575,1.0,5
fold_e,42,1hop,coordinate_plus_frozen_sequence_fm,0.5720390197762019,0.6461925382942286,0.2359796913789066,0.5723507438989784,0.6241758337827892,0.4849819690639041,0.8758914382644875,5
fold_e,42,1hop,coordinate_plus_frozen_sequence_fm_plus_frozen_pangenomefm,0.5764325855662195,0.6486224797708238,0.2439775999577219,0.5638139559447108,0.6242819391966392,0.4780661773925788,0.9007844375375686,5
fold_e,42,1hop,frozen_pangenomefm,0.45321152994774766,0.5211330314726805,0.02488388262413996,0.5000041708375041,0.6100420826397303,0.4392605929932432,1.0,5
fold_e,42,1hop,frozen_sequence_fm,0.5685502607974471,0.64330329964066,0.2296562861717101,0.5650510013849614,0.6232351277972028,0.48027108988834677,0.8888328454184695,5
fold_e,42,1hop,sequence_kmer,0.5343311755808386,0.6110422568206567,0.16865941154164493,0.5486044580624997,0.6197505318093812,0.4674038056098121,0.9200514498473833,5
fold_e,42,strict,coordinate,0.4193011069908234,0.4809160004482168,-0.03559617454501762,0.5000872218412326,0.6100228464667365,0.43930131469973716,0.9997092665930392,5
fold_e,42,strict,coordinate_plus_frozen_pangenomefm,0.4431554588487794,0.5110397538596753,0.00684601234491002,0.5004441170295003,0.6100116386630692,0.43947637850882143,0.9986986828887978,5
fold_e,42,strict,coordinate_plus_frozen_sequence_fm,0.5720390197762019,0.6461925382942286,0.2359796913789066,0.5723507438989784,0.6241758337827892,0.4849819690639041,0.8758914382644875,5
fold_e,42,strict,coordinate_plus_frozen_sequence_fm_plus_frozen_pangenomefm,0.575560119156559,0.6476899448958766,0.24235818039988172,0.5679721559775069,0.6241909781173292,0.48196239216904707,0.887992864483483,5
fold_e,42,strict,frozen_pangenomefm,0.45178617158984913,0.5154511437046349,0.0223499093211319,0.5003951917652409,0.6096230582909566,0.4394540777556374,0.996565166436546,5
fold_e,42,strict,frozen_sequence_fm,0.5685502607974471,0.64330329964066,0.2296562861717101,0.5650510013849614,0.6232351277972028,0.48027108988834677,0.8888328454184695,5
fold_e,42,strict,sequence_kmer,0.5343311755808386,0.6110422568206567,0.16865941154164493,0.5486044580624997,0.6197505318093812,0.4674038056098121,0.9200514498473833,5
fold_e,314159,1hop,coordinate,0.4193011069908234,0.4809160004482168,-0.03559617454501762,0.5000872218412326,0.6100228464667365,0.43930131469973716,0.9997092665930392,5
fold_e,314159,1hop,coordinate_plus_frozen_pangenomefm,0.45257104721552893,0.5180356786774029,0.02387374631207678,0.5002387773797812,0.6100585965038607,0.4393738031121079,0.9993978746293288,5
fold_e,314159,1hop,coordinate_plus_frozen_sequence_fm,0.5720390197762019,0.6461925382942286,0.2359796913789066,0.5723507438989784,0.6241758337827892,0.4849819690639041,0.8758914382644875,5
fold_e,314159,1hop,coordinate_plus_frozen_sequence_fm_plus_frozen_pangenomefm,0.574748765901977,0.6471841175232679,0.24098197133221064,0.5626469035819065,0.6230227949685198,0.47762139505212636,0.8978519646211319,5
fold_e,314159,1hop,frozen_pangenomefm,0.46111841113533,0.5246023571142843,0.039132841684876116,0.5000868443823281,0.6098210086945405,0.43930074125792407,0.9984078288512439,5
fold_e,314159,1hop,frozen_sequence_fm,0.5685502607974471,0.64330329964066,0.2296562861717101,0.5650510013849614,0.6232351277972028,0.48027108988834677,0.8888328454184695,5
fold_e,314159,1hop,sequence_kmer,0.5343311755808386,0.6110422568206567,0.16865941154164493,0.5486044580624997,0.6197505318093812,0.4674038056098121,0.9200514498473833,5
fold_e,314159,strict,coordinate,0.4193011069908234,0.4809160004482168,-0.03559617454501762,0.5000872218412326,0.6100228464667365,0.43930131469973716,0.9997092665930392,5
fold_e,314159,strict,coordinate_plus_frozen_pangenomefm,0.4428693124705436,0.509968378137662,0.00660687007862632,0.5002170273421808,0.6099559161981788,0.4393663180888387,0.9989432921378233,5
fold_e,314159,strict,coordinate_plus_frozen_sequence_fm,0.5720390197762019,0.6461925382942286,0.2359796913789066,0.5723507438989784,0.6241758337827892,0.4849819690639041,0.8758914382644875,5
fold_e,314159,strict,coordinate_plus_frozen_sequence_fm_plus_frozen_pangenomefm,0.5751452282555913,0.6477058231613257,0.24165866559829832,0.5734789440145011,0.6234733147864369,0.4858171350576141,0.8710612147718482,5
fold_e,314159,strict,frozen_pangenomefm,0.4490032211200686,0.5157668174994104,0.01764876049195992,0.49998381085759086,0.6093290721803031,0.4392524629464984,0.9959085832353372,5
fold_e,314159,strict,frozen_sequence_fm,0.5685502607974471,0.64330329964066,0.2296562861717101,0.5650510013849614,0.6232351277972028,0.48027108988834677,0.8888328454184695,5
fold_e,314159,strict,sequence_kmer,0.5343311755808386,0.6110422568206567,0.16865941154164493,0.5486044580624997,0.6197505318093812,0.4674038056098121,0.9200514498473833,5
fold_e,20260806,1hop,coordinate,0.4193011069908234,0.4809160004482168,-0.03559617454501762,0.5000872218412326,0.6100228464667365,0.43930131469973716,0.9997092665930392,5
fold_e,20260806,1hop,coordinate_plus_frozen_pangenomefm,0.4482938663981395,0.5185174772850873,0.016104836580449998,0.5000695848286552,0.6087651576779618,0.4392938156619769,0.9930964045900273,5
fold_e,20260806,1hop,coordinate_plus_frozen_sequence_fm,0.5720390197762019,0.6461925382942286,0.2359796913789066,0.5723507438989784,0.6241758337827892,0.4849819690639041,0.8758914382644875,5
fold_e,20260806,1hop,coordinate_plus_frozen_sequence_fm_plus_frozen_pangenomefm,0.5731875064057036,0.6476606951406916,0.2381694289321194,0.5677834882632113,0.6248374857810864,0.4811966266643289,0.8918938095141403,5
fold_e,20260806,1hop,frozen_pangenomefm,0.4555124530829538,0.5231475879824689,0.029038659053149795,0.49944176887810804,0.6079447004783465,0.43898261843786895,0.9895524188098438,5
fold_e,20260806,1hop,frozen_sequence_fm,0.5685502607974471,0.64330329964066,0.2296562861717101,0.5650510013849614,0.6232351277972028,0.48027108988834677,0.8888328454184695,5
fold_e,20260806,1hop,sequence_kmer,0.5343311755808386,0.6110422568206567,0.16865941154164493,0.5486044580624997,0.6197505318093812,0.4674038056098121,0.9200514498473833,5
fold_e,20260806,strict,coordinate,0.4193011069908234,0.4809160004482168,-0.03559617454501762,0.5000872218412326,0.6100228464667365,0.43930131469973716,0.9997092665930392,5
fold_e,20260806,strict,coordinate_plus_frozen_pangenomefm,0.4408114011629308,0.5087863343806367,0.00294730190349072,0.5002601130425453,0.6099798279835882,0.43938608294451403,0.9990142115863876,5
fold_e,20260806,strict,coordinate_plus_frozen_sequence_fm,0.5720390197762019,0.6461925382942286,0.2359796913789066,0.5723507438989784,0.6241758337827892,0.4849819690639041,0.8758914382644875,5
fold_e,20260806,strict,coordinate_plus_frozen_sequence_fm_plus_frozen_pangenomefm,0.5758541799642961,0.6490900646512564,0.2429142540945949,0.5720176724445432,0.6236001139796323,0.4847716989107134,0.8754281219634867,5
fold_e,20260806,strict,frozen_pangenomefm,0.44744886113966087,0.5144341665534304,0.01494440280838622,0.4999835003079395,0.6072746551359034,0.4392444655519713,0.9841513276158274,5
fold_e,20260806,strict,frozen_sequence_fm,0.5685502607974471,0.64330329964066,0.2296562861717101,0.5650510013849614,0.6232351277972028,0.48027108988834677,0.8888328454184695,5
fold_e,20260806,strict,sequence_kmer,0.5343311755808386,0.6110422568206567,0.16865941154164493,0.5486044580624997,0.6197505318093812,0.4674038056098121,0.9200514498473833,5
